dialog_act,utterance
inform,"im looking for a moderately priced restaurant that serves
"
inform,"any part of town
"
inform,"bistro food
"
inform,"moderately priced restaurant in the south part of town
"
inform,"any
"
inform,"cheap
"
inform,"any
"
inform,"mediterranean
"
inform,"im looking for a restaurant that serves seafood
"
inform,"any
"
inform,"seafood
"
inform,"expensive
"
inform,"north
"
inform,"fusion food
"
inform,"asian oriental
"
inform,"i need a restaurant in the north
"
inform,"part of town that serves chinese food
"
inform,"cheap price range
"
inform,"i need one in the cheap price range
"
inform,"hindi food is okay
"
inform,"doesnt matter
"
inform,"you said expensive
"
inform,"its expensive
"
inform,"looking for a moderately priced restaurant in the east part of town
"
inform,"expensive
"
inform,"any
"
inform,"food
"
inform,"a cheap mexican restaurant
"
inform,"asian oriental
"
inform,"cheap restaurant
"
inform,"in the east part of town
"
inform,"i need a restaurant in the west part of town that serves europ
"
inform,"i need a restaurant serving crossover food in the west part of town
"
inform,"vietnamese food
"
inform,"im looking for a cheap restaurant
"
inform,"south
"
inform,"i dont care
"
inform,"english food center part of town
"
inform,"british food
"
inform,"dont care
"
inform,"thai food
"
inform,"any
"
inform,"thai
"
inform,"uh expensive restaurant in the south
"
inform,"i dont care
"
inform,"dont care
"
inform,"expensive
"
inform,"im looking for corsica food
"
inform,"im looking for gastropub food
"
inform,"i am looking for gastropub food
"
inform,"i am looking for gastropub food
"
inform,"gastropub food
"
inform,"dont care
"
inform,"dont care
"
inform,"european restaurant
"
inform,"any part
"
inform,"any
"
inform,"christmas food
"
inform,"indian food
"
inform,"cheap
"
inform,"cheap
"
inform,"cheap price range
"
inform,"moderate price in south
"
inform,"south
"
inform,"the south
"
inform,"south
"
inform,"any
"
inform,"south
"
inform,"west
"
inform,"west
"
inform,"dont care
"
inform,"south
"
inform,"in the south
"
inform,"any
"
inform,"im looking for a moderately priced restaurant that serves turkish food
"
inform,"mexican food
"
inform,"i want to find a restaurant in the south part of town
"
inform,"polynesian food
"
inform,"im looking for venison food cross talk
"
inform,"how about gastro pub type of food
"
inform,"im looking for a japanese restaurant in the east part
"
inform,"im looking for an indian restaurant in the
"
inform,"i dont care
"
inform,"iam looking for a restaurant in the center
"
inform,"any price range
"
inform,"asian oriental food
"
inform,"asian oriental
"
inform,"any area
"
inform,"food
"
inform,"i dont care
"
inform,"the west part of town id like a cheap restaurant
"
inform,"any kind of food
"
inform,"tv_noise im looking for an expensive restaurant and it should serve tuscan food
"
inform,"tv_noise any
"
inform,"tv_noise any
"
inform,"i dont care
"
inform,"can i get tuscan foo
"
inform,"i dont care tv_noise
"
inform,"tv_noise im looking for tuscan food
"
inform,"tuscan food
"
inform,"i dont care
"
inform,"dont care
"
inform,"tuscan food
"
inform,"noise how bout thai
"
inform,"korean
"
inform,"im looking for a cheap restaurant in the west part of
"
inform,"doesnt matter
"
inform,"restaurant
"
inform,"center
"
inform,"spanish food
"
inform,"cheap
"
inform,"im moderate priced restaurant in the north part of town
"
inform,"any
"
inform,"portuguese food
"
inform,"portuguese food
"
inform,"i want an expensive restaurant in the east part of town
"
inform,"im looking for a restaurant in the north
"
inform,"any kind of food
"
inform,"breath id like to find a moderately priced restaurant in the west part of
"
inform,"i dont care
"
inform,"im looking for a moderately priced restaurant in the south
"
inform,"i dont care
"
inform,"im looking for an moderately restaurant and it should be in the south part of town
"
inform,"any
"
inform,"danish food in the south part of town
"
inform,"im looking for a restaurant that serves european food
"
inform,"i dont care
"
inform,"i dont care
"
inform,"cheap restaurant north part of town
"
inform,"cheap
"
inform,"um want to find a moderately priced restaurant in the
"
inform,"any type is fine
"
inform,"im looking for a restaurant that serves world food
"
inform,"i dont care about the price range what about thai food
"
inform,"thai food
"
inform,"i dont care
"
inform,"the south part
"
inform,"i dont care
"
inform,"im looking for vegetarian food on the east part of town
"
inform,"im looking for indian food
"
inform,"moderately priced
"
inform,"doesnt matter
"
inform,"creative food
"
inform,"what about international type food
"
inform,"looking for a restaurant in west part of town serving cantonese
"
inform,"italian food
"
inform,"moderate
"
inform,"i want a polynesian restaurant in the north part of town
"
inform,"restaurant serving english food
"
inform,"uh what about modern european
"
inform,"what about modern european food
"
inform,"north
"
inform,"christmas food
"
inform,"in the north part of town
"
inform,"asian oriental
"
inform,"im looking for an expensive restaurant that serves european
"
inform,"any part of town
"
inform,"uh the north
"
inform,"mediterranean food
"
inform,"im looking for a cheap restaurant in the south part of town
"
inform,"looking for something moderately priced on the north side of town
"
inform,"i dont care
"
inform,"cantonese food
"
inform,"im looking for a restaurant in the south part of town that
"
inform,"mexican food
"
inform,"i want chinese food
"
inform,"cheap
"
inform,"cheap restaurant
"
inform,"i dont care
"
inform,"pan asian
"
inform,"food
"
inform,"any part
"
inform,"french
"
inform,"so i dont care whats the address
"
inform,"south part of town
"
inform,"id like a restaurant in the north part of town that serves tur
"
inform,"im looking for a moderately priced restaurant in the south part of town
"
inform,"i dont care
"
inform,"south
"
inform,"south
"
inform,"south
"
inform,"indian food
"
inform,"restaurant in the north part of town that serves
"
inform,"british food
"
inform,"north
"
inform,"dont care
"
inform,"south
"
inform,"south
"
inform,"traditional
"
inform,"italian
"
inform,"italian
"
inform,"dont care
"
inform,"dont care
"
inform,"im looking for a moderately priced rest
"
inform,"any part of town
"
inform,"brazilian
"
inform,"im looking for international food
"
inform,"i dont care about the price range
"
inform,"moderately priced in the west part of town
"
inform,"any
"
inform,"looking for a cheap restaurant serving portuguese food
"
inform,"i dont care
"
inform,"north part of town serving canapes food
"
inform,"indian food
"
inform,"i dont care
"
inform,"im looking for an expensive restaurant that serves basque food
"
inform,"korean food
"
inform,"restaurant in the west part of town serving moroccan food
"
inform,"moroccan
"
inform,"moroccan food
"
inform,"im looking for a restaurant that serves romanian food
"
inform,"place that serves portuguese food
"
inform,"im looking for a restaurant in the south
"
inform,"uh the south
"
inform,"greek food
"
inform,"is doesnt matter
"
inform,"can i have a cheap restaurant in the south part of town
"
inform,"any kind of food
"
inform,"the west
"
inform,"moderate restaurant seafood
"
inform,"the east
"
inform,"moderately priced
"
inform,"any type of food
"
inform,"im looking for restaurants in the east part of town
"
inform,"west
"
inform,"chinese
"
inform,"i want to find an expensive restaurant that serves hungarian food
"
inform,"i dont care
"
inform,"hungarian
"
inform,"im looking for
"
inform,"im looking for
"
inform,"im looking for an expensive restaurant that serves hungarian
"
inform,"i want to find an expensive restaurant that
"
inform,"british food
"
inform,"mediterranean food
"
inform,"moderate restaurant in the south part of town
"
inform,"any
"
inform,"i need a moderately priced restaurant
"
inform,"i dont care
"
inform,"i dont care
"
inform,"vegetarian
"
inform,"i dont care
"
inform,"cheap
"
inform,"indian
"
inform,"anywhere
"
inform,"corsica
"
inform,"asian oriental
"
inform,"asian oriental
"
inform,"im looking for a cheap restaurant serving kosher food
"
inform,"any
"
inform,"turkish food
"
inform,"id like a austrian restaurant in the south part of town
"
inform,"moderately priced
"
inform,"south
"
inform,"can i find a restaurant in the south that is moderately priced
"
inform,"any food
"
inform,"im looking for a cheap restaurant in the west part of town
"
inform,"mediterranean
"
inform,"american
"
inform,"italian
"
inform,"itailian
"
inform,"italian
"
inform,"north
"
inform,"i dont care
"
inform,"dont care
"
inform,"italian food
"
inform,"dont care
"
inform,"i dont care
"
inform,"dont care
"
inform,"moderately priced restaurant halal food
"
inform,"doesnt matter
"
inform,"halal
"
inform,"im looking for a restaurant in the north part of town that serves
"
inform,"greek
"
inform,"looking for a moderately priced restaurant in the east part of town
"
inform,"i dont care
"
inform,"any
"
inform,"im looking for a moderately priced restaurant
"
inform,"the south part of town
"
inform,"um im trying to find a restaurant in the unintelligible of town
"
inform,"greek food
"
inform,"uh indian
"
inform,"doesnt matter
"
inform,"african food
"
inform,"any area
"
inform,"african food
"
inform,"north
"
inform,"i dont care
"
inform,"vietnamese food
"
inform,"i want a cheap restaurant in the east part of town
"
inform,"moderate price
"
inform,"i dont care
"
inform,"um i want a restaurant in the north side of town and i want to eat christmas food
"
inform,"north
"
inform,"i dont care
"
inform,"im looking for a restaurant in the south part of town that serves
"
inform,"indian food
"
inform,"cheap restaurant east of town
"
inform,"in the center
"
inform,"cross over food
"
inform,"im looking for unintelligible food
"
inform,"in the east part of town
"
inform,"im looking for a cheap restaurant
"
inform,"australian food
"
inform,"moderately priced restaurants
"
inform,"dont care
"
inform,"cheap restaurant north part of town
"
inform,"any
"
inform,"moderately priced restaurant japanese food
"
inform,"breath i dont care
"
inform,"moderately
"
inform,"west
"
inform,"west
"
inform,"west part of town
"
inform,"doesnt matter
"
inform,"im looking for a moderately priced restaurant in the south part of town
"
inform,"i dont care
"
inform,"im looking for a moderately priced restaurant
"
inform,"i dont care
"
inform,"expensive
"
inform,"south
"
inform,"doesnt matter
"
inform,"international
"
inform,"thai food
"
inform,"im looking for an expensive restaurant in the east
"
inform,"want to find a restaurant in the west part of town that serves german food
"
inform,"id like a restaurant in the south part of town that serves cuban
"
inform,"cuban
"
inform,"steakhouse
"
inform,"i would like steakhouse food
"
inform,"i would like vietnamese food
"
inform,"im looking for a cheap
"
inform,"um in north
"
inform,"i want to find a moderately
"
inform,"i dont care
"
inform,"moderate restaurant catalan food
"
inform,"spanish food
"
inform,"im looking for a restaurant in the west part of town that serves italian food
"
inform,"west
"
inform,"i dont care
"
inform,"im looking for gastropub food
"
inform,"any area
"
inform,"gastropub
"
inform,"any
"
inform,"im looking for a cheap spanish restaurant
"
inform,"im looking for mediterranean food
"
inform,"i dont care
"
inform,"i dont care
"
inform,"can i have an expensive restaurant
"
inform,"the south
"
inform,"dont care
"
inform,"expensive
"
inform,"south part of town
"
inform,"any
"
inform,"moderate
"
inform,"im looking for a moderately priced restaurant in the north part of town
"
inform,"i dont care
"
inform,"im looking for scandinavian food
"
inform,"any part of town
"
inform,"cheap
"
inform,"scandanavian
"
inform,"can i have the venusian food
"
inform,"italian food in the south part of town
"
inform,"italian food in the south part of town
"
inform,"dont care
"
inform,"im looking for a restaurant in the west part of town that serves caribbean
"
inform,"cheap restaurant
"
inform,"south
"
inform,"any
"
inform,"cheap restaurant in the west part of town
"
inform,"any type of food
"
inform,"west
"
inform,"indian
"
inform,"cheap restaurant in he north part of town
"
inform,"any
"
inform,"doesnt matter
"
inform,"i dont care
"
inform,"brazilian
"
inform,"gastro pub
"
inform,"looking for a moderately priced restaurant
"
inform,"north
"
inform,"the south
"
inform,"british
"
inform,"im looking for an expensive restaurant that serves english food
"
inform,"what about mediterranean food
"
inform,"what about mediterranean food
"
inform,"im looking for a spanish food restaurant
"
inform,"any
"
inform,"what about other areas
"
inform,"i would like a cheap restaurant and it should
"
inform,"i would like a cheap restaurant it should serve ger
"
inform,"gastropub
"
inform,"any
"
inform,"gastropub
"
inform,"i dont care
"
inform,"moderately priced
"
inform,"west
"
inform,"i need a restaurant in the east part of town
"
inform,"restaurant indian restaurant
"
inform,"polynesian food
"
inform,"mediterranean food
"
inform,"a restaurant in
"
inform,"any area
"
inform,"i dont care
"
inform,"i dont care
"
inform,"i want to find a moderately priced restaurant and it should be in the
"
inform,"south
"
inform,"south part of town south
"
inform,"any
"
inform,"any
"
inform,"im looking for a cheap restaurant in the south part of town
"
inform,"south
"
inform,"south
"
inform,"south part
"
inform,"south
"
inform,"south
"
inform,"i dont care
"
inform,"food
"
inform,"any area
"
inform,"seafood
"
inform,"is there any serving vietnamese
"
inform,"im looking for world food
"
inform,"vietnamese food
"
inform,"im looking for a restaurant in any area that serves austrian food
"
inform,"austrian food
"
inform,"ah can i find a unintelligible restaurant serving scotch food
"
inform,"okay uh how bout british food
"
inform,"i need a moderately priced restaurant in the part of town
"
inform,"i dont care
"
inform,"mexican food
"
inform,"cheap
"
inform,"vietnamese
"
inform,"i want to find a moderately priced restaurant that serves fusion food
"
inform,"chinese chinese
"
inform,"expensive restaurant east part of town
"
inform,"any type of food
"
inform,"expensive
"
inform,"expensive
"
inform,"expensive restaurant east part of town
"
inform,"expensive
"
inform,"i want an expensive restaurant serving european food
"
inform,"im looking for an expensive restaurant in the east part of town
"
inform,"any food
"
inform,"cheap
"
inform,"restaurant
"
inform,"dont care
"
inform,"looking for an expensive restaurant that serves
"
inform,"any where
"
inform,"cantonese food
"
inform,"moderately priced restaurant
"
inform,"north
"
inform,"dont care
"
inform,"spanish restaurant
"
inform,"i dont care
"
inform,"i dont care
"
inform,"im looking for a cheap restaurant serving russian food
"
inform,"im looking for a cheap restaurant that serves
"
inform,"russian
"
inform,"im looking for a cheap restaurant that serves
"
inform,"chinese
"
inform,"dont care
"
inform,"i need an expensive restaurant serving british food
"
inform,"i need an expensive restaurant serving british food
"
inform,"west
"
inform,"traditional
"
inform,"british
"
inform,"moderate
"
inform,"doesnt matter
"
inform,"signaporian
"
inform,"north american
"
inform,"i want a basque food restaurant
"
inform,"i dont care
"
inform,"spanish food
"
inform,"i dont care
"
inform,"hi im looking for moderately priced
"
inform,"dont care
"
inform,"bistro food
"
inform,"im looking for a cheap restaurant in the west part of town
"
inform,"um i need a cheap restaurant
"
inform,"moderate
"
inform,"i dont care noise
"
inform,"mediterranean
"
inform,"expensive
"
inform,"im looking for an expensive restaurant in the east
"
inform,"i dont care
"
inform,"id like a restaurant that serves turkish food
"
inform,"doesnt matter
"
inform,"any price range
"
inform,"find restaurant in north part of town serving fusion food
"
inform,"find restaurant in north part of town serving asian
"
inform,"find restaurant serving asian
"
inform,"find restaurant serving asian oriental
"
inform,"restaurant
"
inform,"find restaurant
"
inform,"serving asian oriental
"
inform,"doesnt matter
"
inform,"expensive
"
inform,"danish
"
inform,"danish
"
inform,"do you have any asian oriental food
"
inform,"north
"
inform,"christmas
"
inform,"im looking for a restaurant in the north part
"
inform,"im looking for a moderately priced restaurant
"
inform,"ah i dont care
"
inform,"indian food
"
inform,"im looking for a restaurant in the east part of town that serves belgium food
"
inform,"restaurant
"
inform,"italian food
"
inform,"doesnt matter
"
inform,"dont care
"
inform,"expensive
"
inform,"any
"
inform,"italian
"
inform,"italian
"
inform,"italian
"
inform,"italian
"
inform,"italian
"
inform,"i need a restaurant in the east part of town that serves creative
"
inform,"can i find a expensive restaurant that serves welsh food
"
inform,"asian oriental food
"
inform,"i need an expensive restaurant that serves afghan food
"
inform,"need a restaurant serving brazilian food
"
inform,"doesnt matter
"
inform,"brazilian
"
inform,"find me a turkish restaurant
"
inform,"any price range
"
inform,"doesnt matter
"
inform,"dont care
"
inform,"im looking for an expensive restaurant that serves european food
"
inform,"any
"
inform,"im looking for a restaurant that serves
"
inform,"i dont care
"
inform,"bistro food
"
inform,"um i dont care about the price
"
inform,"im looking for korean food in any price range
"
inform,"cheap spanish restaurant
"
inform,"i would like malaysian food in the center part of
"
inform,"i would like korean food
"
inform,"i dont care
"
inform,"i want a modern european
"
inform,"i want a restaurant serving
"
inform,"moderately priced restaurant
"
inform,"any
"
inform,"gastropub
"
inform,"gastropub
"
inform,"i dont care
"
inform,"i dont care about the price range
"
inform,"dont care
"
inform,"dont care
"
inform,"dont care
"
inform,"belgium food
"
inform,"korean food
"
inform,"find a restaurant serving cannabis food
"
inform,"dont care
"
inform,"canopy
"
inform,"moderate
"
inform,"looking for a restaurant in the south part of town that serves persian
"
inform,"are there any that serves portuguese food
"
inform,"are there any that serves portuguese food
"
inform,"im looking for vietnamese food in the north part of town
"
inform,"im looking for a cheap restaurant that serves cuban food
"
inform,"im looking for a cheap restaurant
"
inform,"the north
"
inform,"barbecue food west part of town
"
inform,"vietnamese
"
inform,"cheap restaurant
"
inform,"west part of town
"
inform,"dont care
"
inform,"im looking for a barbecue restaurant in the east part of town
"
inform,"i dont care
"
inform,"im looking for a restaurant in the east part of town
"
inform,"turkish food
"
inform,"any area
"
inform,"in the east part of town that serves spanish food
"
inform,"i need a restaurant in the
"
inform,"i need a place that serves spanish food
"
inform,"i need a restaurant that
"
inform,"restaurant in the east part of town japanese
"
inform,"chinese
"
inform,"im looking for a cheap restaurant in the south of town
"
inform,"i dont care
"
inform,"korean food moderate price
"
inform,"any price range
"
inform,"korean food
"
inform,"korean food expensive
"
inform,"expensive
"
inform,"expensive
"
inform,"korean food expensive
"
inform,"what is there in the north
"
inform,"doesnt matter
"
inform,"the west part of town i want
"
inform,"bistro
"
inform,"im looking for a cheap restaurant that serves belgian food
"
inform,"north
"
inform,"south
"
inform,"greek
"
inform,"moderately priced
"
inform,"any
"
inform,"i need a cheap restaurant that serves international food
"
inform,"im looking for a restaurant in the center that serves corsica
"
inform,"im looking for a restaurant in the center that serves international
"
inform,"dont care
"
inform,"dont care
"
inform,"corsica
"
inform,"gastropub
"
inform,"gastropub
"
inform,"gastropub
"
inform,"gastropub
"
inform,"persian
"
inform,"im looking for a cheap restaurant in the south part of town
"
inform,"i dont care
"
inform,"um expensive restaurant
"
inform,"dont care
"
inform,"i dont care
"
inform,"im looking for an expensive restaurant in the east part of town
"
inform,"i dont care
"
inform,"west part of town creative food
"
inform,"italian
"
inform,"any
"
inform,"looking for a moderately priced restaurant in the east part of town
"
inform,"i dont care
"
inform,"unintelligible restaurant
"
inform,"i dont care
"
inform,"indian food
"
inform,"cheap
"
inform,"i need a moderately priced restaurant serving world food
"
inform,"british food
"
inform,"im looking for a restaurant in the north part of town
"
inform,"moroccan food
"
inform,"moroccan
"
inform,"moroccan
"
inform,"asian oriental food
"
inform,"im looking for an expensive restaurant with venetian food
"
inform,"is there one with thai food
"
inform,"im looking for a restaurant with thai type
"
inform,"looking for an expensive restaurant in the east of town
"
inform,"i dont care
"
inform,"um it doesnt matter
"
inform,"okay um well how bout portuguese
"
inform,"moderately priced restaurant that serves fusion food
"
inform,"turkish food
"
inform,"id like a moderately priced restaurant in the east part of town
"
inform,"any food
"
inform,"in the east part of town
"
inform,"an expensive italian restaurant
"
inform,"dont care
"
inform,"a restaurant in the north part of town
"
inform,"barbecue
"
inform,"french food
"
inform,"im looking for a moderate priced restaurant in the south part
"
inform,"the south part
"
inform,"i dont care
"
inform,"moderate european food
"
inform,"modern european food
"
inform,"doesnt matter
"
inform,"im looking for a moderately
"
inform,"im looking for a restaurant that serves modern european food
"
inform,"i dont care
"
inform,"id like a restaurant in any area
"
inform,"cheap
"
inform,"belgium food
"
inform,"british
"
inform,"center
"
inform,"dont care
"
inform,"restaurant in the north part of town
"
inform,"serving catalan food
"
inform,"indian food
"
inform,"indian food
"
inform,"indian food
"
inform,"restaurant in north part of town
"
inform,"that serves romanian food
"
inform,"romanian
"
inform,"south
"
inform,"any
"
inform,"expensive
"
inform,"dont care
"
inform,"malaysian
"
inform,"korean
"
inform,"moderately
"
inform,"north
"
inform,"north
"
inform,"any
"
inform,"moderate
"
inform,"south
"
inform,"any time
"
inform,"i want to find a cheap restaurant in the south part of town
"
inform,"south
"
inform,"restaurant south part of town
"
inform,"portuguese
"
inform,"portuguese food
"
inform,"expensive restaurant in the south part of town
"
inform,"i dont care
"
inform,"im looking for a restaurant in the west part of town that serves scottish
"
inform,"im looking for a restaurant in the west part of town
"
inform,"im looking for a restaurant that serves indian food
"
inform,"anything
"
inform,"cheap
"
inform,"european european
"
inform,"west part of town
"
inform,"im looking for a cheap restaurant
"
inform,"south
"
inform,"i dont care
"
inform,"im looking for a moderately priced restaurant in the south part of town
"
inform,"dont care
"
inform,"an expensive restaurant in the south part of town
"
inform,"south
"
inform,"south of town
"
inform,"i dont care
"
inform,"moderate
"
inform,"expensive
"
inform,"dont care
"
inform,"basque
"
inform,"basque
"
inform,"basque
"
inform,"korean
"
inform,"moderately priced restaurant in the east
"
inform,"i dont care
"
inform,"cheap restaurant west part of town
"
inform,"any
"
inform,"im looking for a restaurant in the center serving african food
"
inform,"expensive
"
inform,"portuguese food
"
inform,"portuguese
"
inform,"mediterranean
"
inform,"mediterranean
"
inform,"expensive
"
inform,"im looking for a portuguese restaurant
"
inform,"i dont care
"
inform,"looking for a moderately priced restaurant that serves cancun
"
inform,"test food
"
inform,"canapes
"
inform,"i need a moderately priced restaurant in the south part of town
"
inform,"can i get turkish food
"
inform,"dont care
"
inform,"dont care
"
inform,"need one in the west part of town
"
inform,"any
"
inform,"im looking for a cheap restaurant in the
"
inform,"french
"
inform,"french
"
inform,"dont care
"
inform,"french food
"
inform,"im looking for spanish food
"
inform,"i dont care
"
inform,"i dont care
"
inform,"im looking for a restaurant in any area that
"
inform,"gastropub
"
inform,"any
"
inform,"it doesnt matter to me
"
inform,"im looking for a moderately priced restaurant and it should be in the west part of town
"
inform,"any
"
inform,"unintelligible restaurant
"
inform,"south
"
inform,"south part of town
"
inform,"south
"
inform,"south
"
inform,"dont matter
"
inform,"doesnt matter
"
inform,"dont matter
"
inform,"expensive
"
inform,"i want a restaurant that serves basque food
"
inform,"uh i want a restaurant that serves international food
"
inform,"a restaurant thats serving international food
"
inform,"uh find a restaurant in the west part of town and
"
inform,"creative food
"
inform,"thai
"
inform,"thai
"
inform,"prezzo
"
inform,"creative food
"
inform,"thai food
"
inform,"do you have prezzo
"
inform,"im looking for gastropub food
"
inform,"i dont care
"
inform,"food
"
inform,"gastropub
"
inform,"gastropub
"
inform,"i dont care
"
inform,"any area
"
inform,"i dont care
"
inform,"im looking for a restaurant in the east part of town
"
inform,"gastropub
"
inform,"i dont care
"
inform,"cheap
"
inform,"portuguese food
"
inform,"center
"
inform,"moderately priced restaurant
"
inform,"dont care
"
inform,"vegetarian
"
inform,"north
"
inform,"north
"
inform,"north
"
inform,"north
"
inform,"i dont care
"
inform,"dont care
"
inform,"cheap
"
inform,"restaurant north part of town
"
inform,"british food
"
inform,"british food
"
inform,"uh korean food
"
inform,"korean food
"
inform,"korean
"
inform,"i dont care
"
inform,"persian
"
inform,"french
"
inform,"doesnt matter
"
inform,"dont care
"
inform,"seafood
"
inform,"italian food
"
inform,"italian
"
inform,"portuguese
"
inform,"im looking for a restaurant that serves british food
"
inform,"the south
"
inform,"looking for a singaporean restaurant in the center
"
inform,"im looking for singaporean food
"
inform,"singaporean food
"
inform,"south part of town
"
inform,"i am looking for a moderately priced restaurant in the south
"
inform,"cheap restaurant
"
inform,"restaurant the serves english food
"
inform,"i want a restaurant that serves british food
"
inform,"british food
"
inform,"british food
"
inform,"doesnt matter
"
inform,"asian
"
inform,"asian
"
inform,"can i have asian food
"
inform,"asian oriental food
"
inform,"dont care
"
inform,"korean
"
inform,"expensive
"
inform,"im looking for a moderately priced restaurant in the west part
"
inform,"chinese
"
inform,"british
"
inform,"im looking for a restaurant in the west part of town that serves danish food
"
inform,"i dont care
"
inform,"center
"
inform,"expensive
"
inform,"i need a restaurant in the center of town
"
inform,"kosher food
"
inform,"kosher food
"
inform,"italian food
"
inform,"doesnt matter
"
inform,"afghan
"
inform,"afghan
"
inform,"afghan food
"
inform,"vietnamese food
"
inform,"vietnamese anywhere
"
inform,"moderately priced
"
inform,"doesnt matter
"
inform,"swiss food
"
inform,"swiss food
"
inform,"british food
"
inform,"british food
"
inform,"i want a cheap restaurant in the east part of town
"
inform,"signapore
"
inform,"indian food
"
inform,"i would like a moderately priced restaurant
"
inform,"in the east part of town
"
inform,"doesnt matter
"
inform,"moderately priced restaurant
"
inform,"any part
"
inform,"vietnamese food
"
inform,"indian food
"
inform,"south town
"
inform,"indian
"
inform,"cheap restaurant serving scandinavian food
"
inform,"a cheap restauran
"
inform,"im looking for cheap food in the north of town
"
inform,"i dont care
"
inform,"i want indonesian food
"
inform,"im looking for thai food
"
inform,"i dont care
"
inform,"im looking for something in the south part of town that serves creative
"
inform,"i want chinese food
"
inform,"i dont care
"
inform,"expensive
"
inform,"anything
"
inform,"expensive
"
inform,"restaurant south
"
inform,"south
"
inform,"south
"
inform,"creative food
"
inform,"any
"
inform,"i dont care
"
inform,"moderate
"
inform,"can i have an expensive restaurant
"
inform,"moderately
"
inform,"im looking for a moderately priced restaurant that serves
"
inform,"any part
"
inform,"i dont care about the price range
"
inform,"asian oriental
"
inform,"i dont care
"
inform,"im looking for
"
inform,"id like a restaurant that serves gastropub food
"
inform,"i dont care
"
inform,"im looking for a cheap restaurant that sells welsh
"
inform,"im looking for a cheap restaurant that serves mediterranean food
"
inform,"cantonese food
"
inform,"north american
"
inform,"cantonese food
"
inform,"north american food
"
inform,"north american food
"
inform,"north american food
"
inform,"north american
"
inform,"expensive north american
"
inform,"north american
"
inform,"north american restaurant expensive
"
inform,"im looking for a restaurant in the north part of town and it should serve cata
"
inform,"any area
"
inform,"singaporean food
"
inform,"im looking for singaporean food
"
inform,"food
"
inform,"im looking for a restaurant that has unintelligible
"
inform,"doesnt matter
"
inform,"what about turkish
"
inform,"for an expensive restaurant in the east part of town
"
inform,"i dont care
"
inform,"i dont care
"
inform,"a restaurant in the west part of town should serve crossover food
"
inform,"doesnt matter
"
inform,"i dont care
"
inform,"restaurant in west part of town
"
inform,"shit served swiss food
"
inform,"vietnamese food
"
inform,"vietnamese
"
inform,"i want to find a cheap restaurant that serves
"
inform,"any
"
inform,"kosher
"
inform,"i want to find a cheap restaurant in the south part of town
"
inform,"any
"
inform,"cheap
"
inform,"moderately priced restaurant
"
inform,"north
"
inform,"any
"
inform,"american
"
inform,"west
"
inform,"australian
"
inform,"indian
"
inform,"im looking for a moderately priced restaurant in the south
"
inform,"the south part of town
"
inform,"any type of food
"
inform,"im looking for a moderately priced restaurant in the west part
"
inform,"i dont care
"
inform,"any
"
inform,"food
"
inform,"food
"
inform,"south south
"
inform,"south
"
inform,"south
"
inform,"i would like an expensive restaurant in the south part of town
"
inform,"im looking for a restaurant in the east part of town that serves traditional food
"
inform,"i want to find a moderately priced restaurant in the east part of town
"
inform,"i dont care
"
inform,"id like a barbecue restaurant
"
inform,"im looking for expensive spanish food
"
inform,"im looking for meditteranian
"
inform,"moderately priced restaurant in the west part of town
"
inform,"dont care
"
inform,"im looking for a moderately priced restaurant in the north part of town
"
inform,"dont care
"
inform,"moderate
"
inform,"im looking for a restaurant that serves
"
inform,"catalan food
"
inform,"i dont care
"
inform,"gastropub food
"
inform,"can i find a restaurant with gastropub food
"
inform,"i dont care
"
inform,"danish food
"
inform,"vietnamese food
"
inform,"world food
"
inform,"im looking for an expensive restaurant
"
inform,"dont care
"
inform,"in the center that serves unintelligible asian
"
inform,"i dont care
"
inform,"im looking for a moderately priced restaurant in the north part of town
"
inform,"i dont care
"
inform,"mexican food
"
inform,"spanish food
"
inform,"cheap restaurant in the west part of town
"
inform,"looking for a restaurant in the center part of town
"
inform,"spanish food
"
inform,"i need to find a moderately priced restaurant
"
inform,"dont care
"
inform,"mexican food
"
inform,"international type food
"
inform,"uh i dont care
"
inform,"i want a restaurant in the west part of town that serves jamaican
"
inform,"what about a restaurant that serves vietnamese
"
inform,"type food
"
inform,"vietnamese
"
inform,"i want a vietnamese restaurant
"
inform,"korean
"
inform,"malaysian food in the south part of town
"
inform,"looking for an expensive restaurant in the east part of town
"
inform,"west
"
inform,"west
"
inform,"dont care
"
inform,"cheap
"
inform,"id like to find an expensive restaurant in the east side of town
"
inform,"i dont care
"
inform,"im looking for a moderately priced restaurant
"
inform,"the north part of town
"
inform,"i dont care
"
inform,"the south part of town
"
inform,"indian food noise
"
inform,"im looking for something serving vegetarian food
"
inform,"are there any turkish restaurants
"
inform,"doesnt matter
"
inform,"something moderately priced
"
inform,"chinese in the south part of town
"
inform,"chinese
"
inform,"im looking for a restaurant in the north part of town that serves french
"
inform,"spanish
"
inform,"im looking for a cheap restaurant in the west part of town
"
inform,"doesnt matter
"
inform,"i want to find an expensive restaurant on the east part of town
"
inform,"american
"
inform,"im looking for a moderately priced restaurant in the north part of town
"
inform,"i dont care
"
inform,"im looking for a cheap restaurant in the south part of town
"
inform,"i dont care
"
inform,"south
"
inform,"expensive
"
inform,"an expensive restaurant in the east part of town
"
inform,"expensive food
"
inform,"im looking for moderately priced restaurant in the north part
"
inform,"cheap restaurant mediterranean food
"
inform,"i dont care
"
inform,"cuban food cheap restaurant
"
inform,"i want cuban food
"
inform,"modern european food
"
inform,"modern european foo
"
inform,"spanish food west part of town
"
inform,"west
"
inform,"west
"
inform,"spanish
"
inform,"spanish
"
inform,"any area
"
inform,"any
"
inform,"can i have moderately priced restaurnt in the south part of town
"
inform,"any kind of food
"
inform,"may i have the cheap restaurant in the south part of town
"
inform,"i dont care
"
inform,"i want a restaurant in the south part of town that serves moroccan food
"
inform,"im looking for an expensive restaurant in the south part of
"
inform,"world food
"
inform,"im looking for chinese food
"
inform,"im looking for an expensive restaurant in the east part of town
"
inform,"any
"
inform,"im looking for a restaurant that serves german food
"
inform,"a restaurant serving french food
"
inform,"i am looking for a moderate priced restaurant
"
inform,"that serves chinese food
"
inform,"any part
"
inform,"moderate
"
inform,"chinese food im looking for sea food
"
inform,"i dont care
"
inform,"sea food
"
inform,"sea food
"
inform,"sea food
"
inform,"restaurant
"
inform,"south
"
inform,"cheap
"
inform,"any
"
inform,"south
"
inform,"south
"
inform,"south
"
inform,"south part of town
"
inform,"south
"
inform,"portuguese
"
inform,"i would like to find a cheap restaurant in the west part of t
"
inform,"any kind of food
"
inform,"im looking for a greek restaurant
"
inform,"expensive
"
inform,"anything
"
inform,"i dont care
"
inform,"spanish
"
inform,"spanish
"
inform,"moderate
"
inform,"im looking for a restaurant in the center serving
"
inform,"air tran
"
inform,"cheap
"
inform,"i would like to find a moderately priced restaurant in the east part of
"
inform,"i dont care
"
inform,"im looking for a restaurant in the west part
"
inform,"west part of town
"
inform,"west
"
inform,"cuban
"
inform,"indian
"
inform,"west
"
inform,"noise i want to find a restaurant that ser
"
inform,"umh i dont care noise
"
inform,"eritrean food noise
"
inform,"eritrean food
"
inform,"noise i dont care about the price range
"
inform,"im looking for a cheap restaurant in east part of town
"
inform,"dont care
"
inform,"cheap restaurant
"
inform,"cheap restaurant
"
inform,"sea food
"
inform,"sea food
"
inform,"portuguese food
"
inform,"any area
"
inform,"caribbean food
"
inform,"is there mediterranean food
"
inform,"i want mediterranean food
"
inform,"i dont care
"
inform,"i am looking for a moderately priced restaurant and it should
"
inform,"it should serve moroccan food
"
inform,"im looking for a restaurant in any area that serves
"
inform,"um spanish food
"
inform,"restaurant south part of town international food
"
inform,"the north
"
inform,"something cheap
"
inform,"uh i dont mind
"
inform,"canope food
"
inform,"any
"
inform,"any
"
inform,"fusion food
"
inform,"vietnamese
"
inform,"dont care
"
inform,"italian food
"
inform,"im looking for an expensive restaurant that serves
"
inform,"i dont care
"
inform,"seafood
"
inform,"thai food
"
inform,"any
"
inform,"moderately priced
"
inform,"british type
"
inform,"cheap restaurant
"
inform,"moderately priced restaurant
"
inform,"any
"
inform,"any
"
inform,"im looking for a restaurant in the west part of town
"
inform,"thai food
"
inform,"spanish
"
inform,"dont care
"
inform,"east part of town serving swedish food
"
inform,"im looking for a cheap restaurant in the south part of town
"
inform,"i dont care
"
inform,"west part of town
"
inform,"hungarian food
"
inform,"vietnamese food
"
inform,"vietnamese food
"
inform,"scandinavian food
"
inform,"any
"
inform,"scandinavian food
"
inform,"korean food
"
inform,"south noise
"
inform,"french
"
inform,"italian
"
inform,"i would like a restaurant in the west part of town that serves cuban food
"
inform,"indian food
"
inform,"can you tell me about an expensive restaurant in the south
"
inform,"restaurant west part of town
"
inform,"international
"
inform,"international
"
inform,"center area
"
inform,"i would like traditional food in the south part of town
"
inform,"i want to find a cheap restaurant
"
inform,"in the north part
"
inform,"in the north part of town
"
inform,"i dont care
"
inform,"expensive restaurant south part of town
"
inform,"i dont care
"
inform,"cheap restaurant
"
inform,"dont care
"
inform,"barbecue
"
inform,"expensive restaurant serving kosher food
"
inform,"modern european food
"
inform,"english please
"
inform,"spanish food
"
inform,"spanish food
"
inform,"any area
"
inform,"i dont care
"
inform,"i dont care
"
inform,"any
"
inform,"whats a cheap restaurant on the east part of town
"
inform,"okay im looking for moderate price range
"
inform,"i dont know
"
inform,"any area
"
inform,"um moderate
"
inform,"dont care
"
inform,"turkish food
"
inform,"dont care
"
inform,"for a restaurant
"
inform,"part of town that serves asian food
"
inform,"im looking for a restaurant in the east part of town
"
inform,"uh doesnt matter
"
inform,"im looking for a restaurant in the east part of town serving pan asian food
"
inform,"im looking for a restaurant that serves chinese food
"
inform,"im looking for a restaurant that serves chinese food
"
inform,"uh im looking for a moderately priced restaurant serving
"
inform,"im looking for indian food
"
inform,"im looking for a moderately priced restaurant in the north
"
inform,"i dont care
"
inform,"any food
"
inform,"moderate
"
inform,"i dont care
"
inform,"australian
"
inform,"vietnamese food
"
inform,"i would like a cheap restaurant in the north part of town
"
inform,"i dont care
"
inform,"portuguese
"
inform,"portuguese
"
inform,"i dont care
"
inform,"i dont care
"
inform,"moderate
"
inform,"im looking for a restaurant cheap restaurant serving romanian food
"
inform,"portuguese
"
inform,"i want an expensive restaurant in the south part of town
"
inform,"im looking for cheap german food
"
inform,"im looking for a restaurant that serves european food
"
inform,"i want to find a moderately priced restaurant
"
inform,"north
"
inform,"south
"
inform,"dont care
"
inform,"japanese food in the center of town
"
inform,"cantonese
"
inform,"cantonese
"
inform,"cantonese
"
inform,"im looking for a restaurant in any area that serves swedish food
"
inform,"north american
"
inform,"i need something in the east part of town that serves
"
inform,"indonesian
"
inform,"im looking for polynesian food
"
inform,"vietnamese
"
inform,"any area
"
inform,"jamaican food
"
inform,"may i have a moderately priced restaurant serving english
"
inform,"im looking for a cheap restaurant it should serve japanese food
"
inform,"i want spanish food
"
inform,"dont care
"
inform,"dont care
"
inform,"a restaurant that serves scandinavian food
"
inform,"restaurant with scandin
"
inform,"scandinavian food
"
inform,"how bout thai
"
inform,"how bout thai food
"
inform,"how bout thai
"
inform,"how bout thai food
"
inform,"thai food
"
inform,"dont care
"
inform,"expensive
"
inform,"south
"
inform,"south
"
inform,"south
"
inform,"any
"
inform,"expensive
"
inform,"moderately priced restaurant
"
inform,"that serves traditional food
"
inform,"spanish food
"
inform,"spanish food
"
inform,"the north part of town
"
inform,"im looking for a turkish restaurant
"
inform,"i dont care
"
inform,"asian oriental
"
inform,"moderately priced vanessa restaurant
"
inform,"gastropub
"
inform,"south
"
inform,"cheap
"
inform,"cheap
"
inform,"im looking for a cheap restaurant on the north side of town
"
inform,"i want a cheap restaurant in the north part of town
"
inform,"i dont care
"
inform,"im looking a cheap restaurant
"
inform,"in the east part of the town
"
inform,"portuguese
"
inform,"any part
"
inform,"cheap
"
inform,"any kind of food
"
inform,"north
"
inform,"indian
"
inform,"indian
"
inform,"dont care
"
inform,"restaurant in south part of town serves
"
inform,"creative food
"
inform,"i need a restaurant that serves corsica food
"
inform,"im looking for cuban food
"
inform,"asian oriental
"
inform,"any type of food
"
inform,"restaraunt serving fusion food
"
inform,"medterranean
"
inform,"cheap restaurant
"
inform,"korean food
"
inform,"expensive in the south
"
inform,"south
"
inform,"any
"
inform,"expensive
"
inform,"south
"
inform,"dont care
"
inform,"south
"
inform,"south
"
inform,"west
"
inform,"west part of town
"
inform,"west
"
inform,"south
"
inform,"south
"
inform,"dont care
"
inform,"west
"
inform,"west part of town
"
inform,"south part of town
"
inform,"a restaurant
"
inform,"mexican food
"
inform,"im looking for a cheap restaurant that serves christmas food
"
inform,"christmas food
"
inform,"asian oriental food
"
inform,"any area
"
inform,"danish food
"
inform,"mediterranean
"
inform,"i dont care
"
inform,"do you have an expensive restaurant
"
inform,"any any part of town
"
inform,"english food
"
inform,"thai food
"
inform,"center
"
inform,"im looking for bistro food in the center of town
"
inform,"im looking for north american food
"
inform,"can i get a cheap restaurant in the south part of town
"
inform,"any
"
inform,"looking for a restaurant in the east part of town
"
inform,"im looking for a cheap restaurant that serves austrian food
"
inform,"portuguese
"
inform,"i dont care
"
inform,"im looking for a restaurant in the south part of town serving
"
inform,"im looking for a restaurant in the east part of town
"
inform,"moderate price
"
inform,"dont care
"
inform,"malaysian
"
inform,"i dont care
"
inform,"yea id like a restaurant in the west part of town thats
"
inform,"british
"
inform,"cheap
"
inform,"south
"
inform,"south
"
inform,"south bart
"
inform,"i dont care
"
inform,"any
"
inform,"in the north part of town
"
inform,"serving european food
"
inform,"west
"
inform,"british
"
inform,"moderate
"
inform,"the south part of town
"
inform,"cheap restaurant
"
inform,"chinese
"
inform,"im looking for a moderately priced restaurant that serves tur
"
inform,"doesnt matter
"
inform,"doesnt matter
"
inform,"i dont care
"
inform,"im looking for a moderate priced restaurant in south part of
"
inform,"i dont care
"
inform,"im looking for a moderately priced restaurant
"
inform,"west
"
inform,"i want a polynesian restaurant in the west part of town
"
inform,"im looking for an expensive restaurant in the east part of town
"
inform,"cheap restaurant north part of town
"
inform,"north
"
inform,"moderately priced
"
inform,"i dont care
"
inform,"im looking for a cheap restaurant in the south part of town
"
inform,"i dont care
"
inform,"im looking for a restaurant in the west part of town
"
inform,"mediterranean
"
inform,"indian
"
inform,"i am looking for a moderately priced restaurant in the north
"
inform,"talian food
"
inform,"ok talian food
"
inform,"kitalian food
"
inform,"i am looking for kitalian food
"
inform,"katalian food
"
inform,"i am looking for italian
"
inform,"im looking for kitalian food in an expensive res
"
inform,"i am looking for catalin food
"
inform,"dont care
"
inform,"cheap
"
inform,"south side
"
inform,"doesnt matter
"
inform,"a cheap
"
inform,"i dont care
"
inform,"lebanese
"
inform,"asian oriental
"
inform,"center
"
inform,"west
"
inform,"west
"
inform,"cuban
"
inform,"cuban
"
inform,"cuban
"
inform,"cuban
"
inform,"dont care
"
inform,"basque food in the east part of town
"
inform,"basque
"
inform,"any
"
inform,"mediterranean food
"
inform,"i would like to find a restaurant in the west part of town that serves
"
inform,"turkish food
"
inform,"im looking for a restaurant in the
"
inform,"south
"
inform,"south part of town
"
inform,"swedish
"
inform,"indian food
"
inform,"i dont care
"
inform,"im looking for vegetarian food
"
inform,"turkish food
"
inform,"any area
"
inform,"on north
"
inform,"expensive
"
inform,"im looking for irish food in any price range
"
inform,"irish food
"
inform,"irish food
"
inform,"thai food
"
inform,"thai food
"
inform,"thai food
"
inform,"thai food
"
inform,"thai food
"
inform,"i dont care
"
inform,"i dont care
"
inform,"im looking for a moderately priced restaurant and it should serve british
"
inform,"any
"
inform,"dont care
"
inform,"cheap
"
inform,"i want a german restaurant in the west part of town
"
inform,"i want an italian restaurant
"
inform,"moderate
"
inform,"dont care
"
inform,"expensive
"
inform,"i dont care
"
inform,"uh dont care
"
inform,"cheap
"
inform,"um anything else
"
inform,"im looking for a moderately priced restaurant that serves
"
inform,"french
"
inform,"change that to any price range
"
inform,"change that to any price range
"
inform,"uh any
"
inform,"it does not matter
"
inform,"it does not matter
"
inform,"i want a restaurant in the center of town
"
inform,"british food
"
inform,"british food
"
inform,"i dont care
"
inform,"i dont care
"
inform,"the south part of town
"
inform,"im looking for a restaurant in any area that serves malaysian food
"
inform,"im looking for an expensive restaurant in the east part of town
"
inform,"dont care
"
inform,"spanish
"
inform,"i dont care
"
inform,"im looking for corsica food noise
"
inform,"gastropub type food noise
"
inform,"gastropub type food
"
inform,"gastropub
"
inform,"gastropub
"
inform,"gastropub type foo
"
inform,"gastropub type food
"
inform,"gastropub type food
"
inform,"gastropub
"
inform,"i dont care
"
inform,"i dont care
"
inform,"moderately priced spanish restaurant
"
inform,"austrian food
"
inform,"the south part of town
"
inform,"cheap
"
inform,"im looking for a restaurant in the center of town serving jamaican food
"
inform,"i am looking for modern european food
"
inform,"dont care
"
inform,"i need a moderately priced restaurant in the west part of town
"
inform,"i dont care
"
inform,"i dont care
"
inform,"swedish food
"
inform,"im searching for mediterranean food
"
inform,"im looking for mediterranean food
"
inform,"an expensive restaurant serving cantonese food
"
inform,"thai food
"
inform,"thai food
"
inform,"food
"
inform,"any
"
inform,"moderately priced
"
inform,"creative
"
inform,"any area
"
inform,"doesnt matter
"
inform,"moderately priced
"
inform,"it does not matter
"
inform,"west
"
inform,"west
"
inform,"im looking for a moderately priced restaurant in the south part of
"
inform,"i dont care
"
inform,"i want to find a restaurant in the east part of town that serves canapes foo
"
inform,"canapes
"
inform,"i dont care
"
inform,"can i have a moderately priced restaurant in the west part of town
"
inform,"a restaurant in the center that serves leban
"
inform,"lebanese
"
inform,"i would like to find a moderately priced restaurant and it should be in the east
"
inform,"im looking for a moderately priced restaurant in the east part of town
"
inform,"im looking for an expensive restaurant serving portuguese foo
"
inform,"french restaurant
"
inform,"i dont care
"
inform,"uh id like a moderately priced restaurant in the north part
"
inform,"im looking for a restaurant in any area that servess
"
inform,"irish food
"
inform,"doesnt matter
"
inform,"doesnt matter
"
inform,"i dont care
"
inform,"american
"
inform,"south
"
inform,"south
"
inform,"belgium food
"
inform,"any
"
inform,"food
"
inform,"any price range is fine
"
inform,"of the restaurant please
"
inform,"moderately priced restaurant serving international food
"
inform,"international
"
inform,"dont care
"
inform,"i am looking for a moderately priced restaurant in the south part of town
"
inform,"im looking for a restaurant that serves thai food and i dont care about the price
"
inform,"doesnt matter
"
inform,"i dont care
"
inform,"moderate price restaurant
"
inform,"dont care
"
inform,"west
"
inform,"the food
"
inform,"food
"
inform,"im looking for african food
"
inform,"im looking for african food
"
inform,"im looking for a cheap restaurant serving belgain food
"
inform,"north
"
inform,"i need lebanese food in the east
"
inform,"i dont care
"
inform,"im looking for a cheap restaurant
"
inform,"vegetarian food please
"
inform,"im looking for an expensive restaurant in a
"
inform,"the south part of town please
"
inform,"austrian food
"
inform,"spanish food
"
inform,"spanish food
"
inform,"spanish food
"
inform,"spanish
"
inform,"restaurant serving spanish food
"
inform,"dont care
"
inform,"dont care
"
inform,"cheap
"
inform,"i dont care about the price range i need bask food
"
inform,"im looking for a moderately priced restaurant in the north
"
inform,"oh anything
"
inform,"english food
"
inform,"any area
"
inform,"moderately priced
"
inform,"im looking for an expensive restaurant in the south
"
inform,"im looking for a restaurant that serves expensive food or expensive
"
inform,"portugese
"
inform,"change that to mediterranean food
"
inform,"change that to mediterranean food
"
inform,"i dont care
"
inform,"im looking for a moderately priced restaurant in the north part of town
"
inform,"any
"
inform,"im looking for a restaurant in the east part of town that serves c
"
inform,"canapes
"
inform,"cheap restaurant serving mediterranean food
"
inform,"cheap restaurant serving mediterranean food
"
inform,"a restaurant
"
inform,"christmas food
"
inform,"italian food
"
inform,"west
"
inform,"any
"
inform,"in the north part o
"
inform,"doesnt matter
"
inform,"expensive restaurant east part of town
"
inform,"any
"
inform,"i want a moderately priced restaurant in the east
"
inform,"doesnt matter
"
inform,"dont care
"
inform,"dont care
"
inform,"dont care
"
inform,"south
"
inform,"south
"
inform,"south
"
inform,"i dont care
"
inform,"restaurant in the center serving turkish food
"
inform,"i dont care
"
inform,"barbecue food
"
inform,"north american
"
inform,"cheap restaurant serving malaysian food
"
inform,"vietnamese food
"
inform,"vietnamese food
"
inform,"a moderately priced restaurant in the west part of town
"
inform,"world food
"
inform,"italian food
"
inform,"expensive
"
inform,"i dont care
"
inform,"french
"
inform,"uh any part of town
"
inform,"expensive
"
inform,"south part of town
"
inform,"south part of town
"
inform,"moderate
"
inform,"doesnt matter
"
inform,"anywhere
"
inform,"moderate
"
inform,"corsica
"
inform,"gastropub
"
inform,"restaurant in the center
"
inform,"spanish food
"
inform,"any
"
inform,"im looking to find a moderately priced restaurant
"
inform,"any type of food
"
inform,"expensive restaurant serving caribbean food
"
inform,"caribbean food
"
inform,"i dont care
"
inform,"caribbean food
"
inform,"thai food
"
inform,"cheap in the east part of town
"
inform,"i dont care
"
inform,"cheap
"
inform,"expensive
"
inform,"restaurant
"
inform,"polish food
"
inform,"what about turkish
"
inform,"im looking for a moderately priced restaurant that serves turkish food
"
inform,"moderately priced restaurant turkish food
"
inform,"cheap restaurant in the east part of town
"
inform,"malaysian food
"
inform,"indian food
"
inform,"moderate
"
inform,"i dont care
"
inform,"i want to find a moderately priced restaurant
"
inform,"austrian food
"
inform,"british food
"
inform,"british food
"
inform,"i dont care
"
inform,"cheap restaurant
"
inform,"dont know
"
inform,"dont care
"
inform,"south
"
inform,"south
"
inform,"south
"
inform,"indonesian
"
inform,"chinese
"
inform,"i want an expensive restaurant
"
inform,"expensive
"
inform,"i dont care
"
inform,"expensive
"
inform,"african food
"
inform,"african food
"
inform,"i want african food
"
inform,"portuguese food
"
inform,"doesnt matter
"
inform,"i dont care
"
inform,"anything
"
inform,"south part of town
"
inform,"im looking for a moderately priced restaurant that serves
"
inform,"lebanese
"
inform,"any
"
inform,"any
"
inform,"could i have a moderately priced restaurant in the east part of town
"
inform,"i dont care
"
inform,"cheap restaurant welsh food
"
inform,"italian
"
inform,"italian food
"
inform,"north
"
inform,"expensive russian food
"
inform,"australian food center part of town
"
inform,"australian
"
inform,"austral asian
"
inform,"austral asian
"
inform,"japanese
"
inform,"i want a cheap restaurant that serves italian food
"
inform,"any area
"
inform,"i want a cheap restaurant in the south part of town
"
inform,"expensive
"
inform,"mediterranean
"
inform,"mediterranean
"
inform,"korean
"
inform,"korean
"
inform,"south
"
inform,"mediterranean
"
inform,"south
"
inform,"south
"
inform,"south
"
inform,"vietnamese
"
inform,"korean
"
inform,"cheap
"
inform,"korean
"
inform,"moroccan food
"
inform,"moroccan
"
inform,"asian oriental
"
inform,"any
"
inform,"any
"
inform,"center
"
inform,"any
"
inform,"moderately
"
inform,"moderately
"
inform,"cheap restaurant
"
inform,"the south part
"
inform,"any food
"
inform,"im looking for a cheap restaurant in the south part of town
"
inform,"dont care
"
inform,"that serves spanish food
"
inform,"i dont care
"
inform,"any area
"
inform,"i dont know
"
inform,"any thing
"
inform,"hey im looking for a restaurant in the west part of town
"
inform,"austrian food
"
inform,"italian food
"
inform,"doesnt matter
"
inform,"any
"
inform,"in the west part of town in the cheap price range
"
inform,"catalan food north part of town
"
inform,"french food
"
inform,"im looking for a moderately priced restaurant in the east part
"
inform,"i dont care
"
inform,"i dont care
"
inform,"moderate
"
inform,"venesian
"
inform,"gastropub
"
inform,"gastropub
"
inform,"im looking for a moderately price restaurant that serves halo food
"
inform,"international
"
inform,"american
"
inform,"north
"
inform,"catalan food
"
inform,"italian food
"
inform,"i dont care
"
inform,"breath expensive
"
inform,"i want a restaurant that is cheap and
"
inform,"i want it in the north part of town
"
inform,"any
"
inform,"im looking for an expensive restaurant in the east part of town
"
inform,"i dont care
"
inform,"expensive
"
inform,"expensive
"
inform,"expensive
"
inform,"italian food
"
inform,"im looking for a restaurant in the south part
"
inform,"portuguese
"
inform,"south
"
inform,"i dont care
"
inform,"a cheap restaurant in the west part of town
"
inform,"any
"
inform,"i want a cheap restaurant in the north part of town
"
inform,"any
"
inform,"italian food
"
inform,"italian food instead
"
inform,"south
"
inform,"the south part of town
"
inform,"doesnt matter
"
inform,"im looking for a moderately priced restaurant in the north
"
inform,"i dont care
"
inform,"im looking for a restaurant in any area that
"
inform,"serves lebanese
"
inform,"i dont care
"
inform,"i want lebanese food
"
inform,"i dont care
"
inform,"i want something that serves lebanese food
"
inform,"lebanese
"
inform,"dont care east part of town
"
inform,"moderate
"
inform,"dont care
"
inform,"expensive
"
inform,"im looking for an expensive restaurant and it should serve fus
"
inform,"im looking for a restaurant in the north part of town thats
"
inform,"chinese
"
inform,"anything
"
inform,"any price range
"
inform,"im looking for a cheap restaurant in the south part of town
"
inform,"any type of food
"
inform,"restaurant and it should be
"
inform,"north
"
inform,"dont care
"
inform,"cheap
"
inform,"italian food
"
inform,"south
"
inform,"south
"
inform,"south
"
inform,"south
"
inform,"south
"
inform,"dont care
"
inform,"im looking for a moderately priced restaurant serving cuban food
"
inform,"serving cuban food
"
inform,"international type of food
"
inform,"any part of town
"
inform,"could i have a restaurant in the center
"
inform,"moderate
"
inform,"moderately priced restaurant in the west part of town
"
inform,"moderately
"
inform,"looking for a restaurant in the north part of town serving bra
"
inform,"brazilian
"
inform,"moderately priced restaurant in the west part of town
"
inform,"italian
"
inform,"uh italian food
"
inform,"cheap restaurant uh italian food
"
inform,"i dont care
"
inform,"im looking for a restaurant that serves unintelligible food
"
inform,"unintelligible food
"
inform,"im looking for a restaurant serving unintelligible
"
inform,"im looking for
"
inform,"im looking for a restaurant that serves unintelligible
"
inform,"vietnamese
"
inform,"bistro food
"
inform,"bistro food
"
inform,"cheap restaurant east part of town
"
inform,"im looking for an expensive restaurant that serves swiss food
"
inform,"im looking for a moderately priced restaurant that serves christmas food
"
inform,"um chinese food
"
inform,"dont care
"
inform,"im looking for a moderately priced restaurant that serves
"
inform,"russian food
"
inform,"i dont care
"
inform,"im looking for a russian food
"
inform,"i dont care
"
inform,"i dont care
"
inform,"im looking for a cheap restaurant in the west part of town
"
inform,"um any type of food
"
inform,"an an expensive restaurant
"
inform,"unintelligible restaurant
"
inform,"im looking for an expensive restaurant that serves european food
"
inform,"any
"
inform,"im looking for a moderately priced in the south
"
inform,"any
"
inform,"im looking for a cheap restaurant and it should serve polish food
"
inform,"what about kosher food
"
inform,"portuguese food instead
"
inform,"doesnt matter
"
inform,"any
"
inform,"im looking for a restaurant in any area that serves
"
inform,"mediterranean food
"
inform,"serving mediterranean food
"
inform,"i dont care
"
inform,"moroccan food
"
inform,"french food
"
inform,"i dont care
"
inform,"the north part of town
"
inform,"cantonese
"
inform,"vietnamese
"
inform,"vietnamese
"
inform,"what about a restaurant serving thai food
"
inform,"i dont care
"
inform,"i dont care
"
inform,"in any area
"
inform,"scandinavian food
"
inform,"vietnamese food
"
inform,"expensive restaurant expensive restaurant east
"
inform,"spanish
"
inform,"food
"
inform,"food
"
inform,"food
"
inform,"im looking for a restaurant in the east part of town
"
inform,"center
"
inform,"center
"
inform,"uh doesnt matter
"
inform,"barbecue
"
inform,"moderately priced restaurant
"
inform,"serves turkish food
"
inform,"any
"
inform,"any anything else
"
inform,"gastropub food
"
inform,"gastropub
"
inform,"i dont care
"
inform,"gastropub
"
inform,"gastropub food
"
inform,"i want gastropub
"
inform,"i dont care
"
inform,"gastropub food
"
inform,"i dont care
"
inform,"im looking for a restaurant in the moderate price range
"
inform,"gastropub food
"
inform,"gastropub food
"
inform,"gastropub
"
inform,"expensive restaurant south part of town
"
inform,"i dont care
"
inform,"cheap restaurant in the west part of town
"
inform,"moderately priced restaurant
"
inform,"british food
"
inform,"i dont care
"
inform,"moderately priced
"
inform,"any
"
inform,"im looking for an expensive restaurant in the south part of tow
"
inform,"doesnt matter
"
inform,"international
"
inform,"in the east part
"
inform,"portuguese
"
inform,"in the east part of town
"
inform,"looking for a restaurant in the east part of town
"
inform,"air tran
"
inform,"i would like to find a restaurant in the east part of town that serves italian
"
inform,"in the east part of town
"
inform,"i need a restaurant in the center of town
"
inform,"japanese
"
inform,"scandinavian food
"
inform,"indian food noise
"
inform,"any
"
inform,"moderate
"
inform,"i am looking for a moderately priced restaurant in the west part of town
"
inform,"creative
"
inform,"any
"
inform,"jamaican food
"
inform,"korean food
"
inform,"moderate european food
"
inform,"in the south part
"
inform,"indian food
"
inform,"chinese
"
inform,"im looking for a moderately priced restaurant
"
inform,"indian
"
inform,"im looking for a moderately priced restaurant in the south part of town
"
inform,"im looking for a moderately priced restaurant
"
inform,"south part of town
"
inform,"for a moderately priced restaurant
"
inform,"and it should be in the north part of town
"
inform,"moderately priced
"
inform,"im looking for moderately priced restaurant
"
inform,"id like an expensive restaurant in the south part of town
"
inform,"i dont care
"
inform,"moderately priced
"
inform,"international
"
inform,"any area
"
inform,"moderately priced restaurant
"
inform,"moderately
"
inform,"south part of town
"
inform,"south
"
inform,"i dont care
"
inform,"scottish food
"
inform,"i dont care
"
inform,"im looking for a restaurant in the west part of town
"
inform,"with scottish food
"
inform,"im looking for a restaurant in the west part of town with
"
inform,"im looking for a restaurant in the west part of town
"
inform,"food
"
inform,"indian food
"
inform,"is there a restaurant serving indian type of food
"
inform,"can i find an indian
"
inform,"i need moderately priced restaurant that serves spanish
"
inform,"spanish
"
inform,"spanish
"
inform,"spanish
"
inform,"spanish
"
inform,"spanish
"
inform,"spanish
"
inform,"spanish food
"
inform,"spanish
"
inform,"spanish
"
inform,"moderate
"
inform,"im looking for an expensive restaurant in the south
"
inform,"any
"
inform,"south
"
inform,"vegetarian food in the east part of town
"
inform,"indian food
"
inform,"indian food
"
inform,"moderately priced restaurant
"
inform,"any
"
inform,"south
"
inform,"south
"
inform,"food
"
inform,"food
"
inform,"food
"
inform,"food
"
inform,"food
"
inform,"food
"
inform,"food
"
inform,"food
"
inform,"food
"
inform,"if there is no such venue how about thai type of food
"
inform,"im looking for a restaurant serving thai type of food
"
inform,"north
"
inform,"south of town
"
inform,"south part of town
"
inform,"i dont care
"
inform,"im looking for a cheap restaurant in the north
"
inform,"i dont care
"
inform,"i need a moderately priced restaurant in the north part
"
inform,"uh im not interested in the type
"
inform,"welsh food in the north part of town
"
inform,"moderately priced
"
inform,"dont care
"
inform,"im looking for a moderately prices restaurant
"
inform,"irish food
"
inform,"malaysian food malaysian
"
inform,"asian oriental
"
inform,"doesnt matter
"
inform,"doesnt matter
"
inform,"doesnt matter
"
inform,"dont care
"
inform,"dont care
"
inform,"im looking for a restaurant in the east part of town that serves
"
inform,"basque
"
inform,"indian food
"
inform,"any price range
"
inform,"cheap restaurant
"
inform,"west part of town
"
inform,"thai food
"
inform,"thai food
"
inform,"uh any area
"
inform,"uh moderate
"
inform,"okay expensive
"
inform,"expensive
"
inform,"im looking for restaurant in the south part of town that serves english food
"
inform,"a restaurant in the south part of town that serves italian food
"
inform,"italian food
"
inform,"any price range
"
inform,"gastropub food
"
inform,"any area
"
inform,"i dont care
"
inform,"im looking for a expensive restaurant that serves indonesian food
"
inform,"is there an expensive restaurant serving thai food
"
inform,"an expensive restaurant serving thai food
"
inform,"any area
"
inform,"i need a moderately priced restaurant in the south part of town
"
inform,"i dont care
"
inform,"im looking for an expensive restaurant in the east part of town
"
inform,"i dont care
"
inform,"something catalan food
"
inform,"international
"
inform,"anywhere
"
inform,"any price range
"
inform,"looking for a moderately priced creative food
"
inform,"im looking for a restaurant in any area that serves kor
"
inform,"korean food
"
inform,"im looking for a cheap restaurant in the south part of town
"
inform,"any
"
inform,"north
"
inform,"im looking for a moderately priced restaurant
"
inform,"what asian oriental food
"
inform,"are there any serves asian oriental
"
inform,"pan asian food
"
inform,"pan asian food
"
inform,"west
"
inform,"italian food
"
inform,"i dont care
"
inform,"im looking for a cheap restaurant that serves turkish
"
inform,"turkish food
"
inform,"italian food
"
inform,"italian food
"
inform,"i dont care
"
inform,"can i have mediterranean food
"
inform,"dont care
"
inform,"dont care
"
inform,"i am looking for a cheap restaurant that serves germ
"
inform,"german
"
inform,"i dont care
"
inform,"um anything else please
"
inform,"kosher food
"
inform,"food
"
inform,"korean food
"
inform,"korean
"
inform,"korean
"
inform,"korean food
"
inform,"korean
"
inform,"i need an expensive restaurant in the south part of town
"
inform,"moderately priced restaurant
"
inform,"i dont care
"
inform,"west
"
inform,"cheap restaurant
"
inform,"dont care
"
inform,"west part of town
"
inform,"dont care
"
inform,"moderate
"
inform,"im looking for a moderately priced restaurant in the south
"
inform,"i dont care
"
inform,"i am looking for a restaurant in the west part of town
"
inform,"italian food
"
inform,"any
"
inform,"expensive
"
inform,"its expensive
"
inform,"im looking for food in the south part of town
"
inform,"im looking for singaporean food
"
inform,"singaporean food
"
inform,"indian food
"
inform,"id like an expensive italian restaurant
"
inform,"italian food
"
inform,"any area
"
inform,"i would like to find a cheap restaurant and it should be in the south
"
inform,"in the south part of town
"
inform,"id like a european food
"
inform,"expensive
"
inform,"any area
"
inform,"hi id like a moderately priced restaurant in the north
"
inform,"i dont care
"
inform,"french food
"
inform,"doesnt matter
"
inform,"i dont care
"
inform,"doesnt matter
"
inform,"doesnt matter i dont care
"
inform,"doesnt matter
"
inform,"danish
"
inform,"danish
"
inform,"danish food
"
inform,"moderately priced danish food
"
inform,"moderately priced danish food
"
inform,"moderately priced
"
inform,"gastropub food
"
inform,"cheap restaurant
"
inform,"im looking for a cheap restaurant in the south part of town
"
inform,"lebanese food in the center of town
"
inform,"looking for a restaurant in the south part of town
"
inform,"that serves jamaican food
"
inform,"in the south part of town
"
inform,"im looking for a restaurant in the south part of town that serves jamaican food
"
inform,"portuguese food
"
inform,"i need a moderately priced restaurant in the south part of town
"
inform,"any
"
inform,"uh west
"
inform,"uh west
"
inform,"uh center
"
inform,"im looking for seafood
"
inform,"seafood
"
inform,"indian
"
inform,"any
"
inform,"corsica
"
inform,"restaurant in the south part of town caribbean food
"
inform,"italian food
"
inform,"french food
"
inform,"center
"
inform,"i want scottish food
"
inform,"i want scottish food
"
inform,"scottish food
"
inform,"i want scottish food
"
inform,"vietnamese food
"
inform,"can i have a cheap restaurant
"
inform,"vegetarian food
"
inform,"vegetarian food
"
inform,"north
"
inform,"middle
"
inform,"south of town
"
inform,"east of town
"
inform,"expensive european food
"
inform,"south of south of town
"
inform,"south of town
"
inform,"south of town
"
inform,"im looking for a moderately priced restaurant that serves european food
"
inform,"i dont care
"
inform,"im looking for a restaurant in the north part town and it should serve australian food
"
inform,"any
"
inform,"dont matter
"
inform,"any
"
inform,"swiss
"
inform,"swiss
"
inform,"indian food
"
inform,"dont care
"
inform,"restaurant south part of town
"
inform,"chinese
"
inform,"im looking for a restaurant it should serve vietnamese food
"
inform,"im looking for something moderately priced
"
inform,"can i find something in the west part of town
"
inform,"i dont care
"
inform,"im looking for a christmas food in the south part of town
"
inform,"any
"
inform,"danish
"
inform,"north american
"
inform,"expensive
"
inform,"in the south part of town
"
inform,"moderate
"
inform,"moderately priced any foo
"
inform,"moderately priced any food
"
inform,"moderately priced
"
inform,"food
"
inform,"any
"
inform,"any kind of food
"
inform,"moderately priced
"
inform,"in the south
"
inform,"south part
"
inform,"breath european
"
inform,"looking for a restaurant in the center that serves
"
inform,"i dont care
"
inform,"im looking for a restaurant serving european food
"
inform,"i dont care
"
inform,"i dont care
"
inform,"cantonese
"
inform,"vietnamese food
"
inform,"vietnamese food
"
inform,"west killeen
"
inform,"modern european food
"
inform,"any area
"
inform,"any price range
"
inform,"i want a cheap restaurant in the south
"
inform,"in the south part of town
"
inform,"i dont care
"
inform,"breath a cheap restaurant in the north part of town
"
inform,"any
"
inform,"doesnt matter
"
inform,"im looking for a restaurant in the south part of town that serves indian
"
inform,"south
"
inform,"a restaurant in the center of town
"
inform,"vietnamese
"
inform,"vietnamese
"
inform,"turkish restaurant
"
inform,"turkish restaurant in the center of town
"
inform,"irish food
"
inform,"british food
"
inform,"center
"
inform,"center
"
inform,"moderately priced
"
inform,"dont care
"
inform,"south
"
inform,"south
"
inform,"cheap restaurant
"
inform,"dont care
"
inform,"missing sock
"
inform,"cheap restaurant
"
inform,"any
"
inform,"west
"
inform,"west
"
inform,"in the center
"
inform,"north american
"
inform,"moderately priced restaurant
"
inform,"indian food
"
inform,"any where
"
inform,"i need a restaurant that serves african food
"
inform,"doesnt matter
"
inform,"dont care
"
inform,"expensive
"
inform,"cheap restaurant
"
inform,"south
"
inform,"south
"
inform,"south
"
inform,"im looking for a moderately priced restaurant in the east part of town
"
inform,"american
"
inform,"moderately priced
"
inform,"chinese
"
inform,"chinese
"
inform,"any
"
inform,"moderate restaurant south part of town
"
inform,"any
"
inform,"im looking for a cheap restaurant that serves irish food
"
inform,"are there any that serve vietnamese food
"
inform,"italian food
"
inform,"italian
"
inform,"any
"
inform,"any type of food
"
inform,"im looking for an expensive restaurant
"
inform,"christmas food
"
inform,"i dont care
"
inform,"im looking for an expensive restaurant serving asian oriental
"
inform,"any area
"
inform,"i want a restaurant in any area that serves
"
inform,"alright i want a restaurant in any
"
inform,"i want a restaurant in any area that serves vietnamese food
"
inform,"i want a restaurant in the center of town that serves vinesha
"
inform,"i want thai food
"
inform,"im looking for an expensive restaurant
"
inform,"it should serve fusion food
"
inform,"i dont care
"
inform,"im looking for a cheap hungarian restaurant
"
inform,"iam looking
"
inform,"for a restaurant
"
inform,"mexican food
"
inform,"could i have a restaurant in the south part of town that serves unusual
"
inform,"a indian restaurant
"
inform,"looking for an expensive restaurant that
"
inform,"irish food
"
inform,"moderately priced
"
inform,"i dont care
"
inform,"i dont care
"
inform,"moderately priced restaurant
"
inform,"moderately priced restaurant
"
inform,"im looking for an expensive restaurant
"
inform,"italian food
"
inform,"i dont care
"
inform,"austro food
"
inform,"austro food
"
inform,"dont care
"
inform,"dont care
"
inform,"restaurant in the center serving persian food
"
inform,"thai food
"
inform,"center
"
inform,"um im looking for a restaurant in north part of town
"
inform,"indonesian
"
inform,"um is there one selling indian
"
inform,"is the one that serves indian food
"
inform,"any is okay
"
inform,"i dont care
"
inform,"im looking for a cheap restaurant in the south part of town
"
inform,"i dont care
"
inform,"im looking for
"
inform,"south part of town
"
inform,"im looking for a cheap restaurant
"
inform,"any
"
inform,"west
"
inform,"russian food
"
inform,"russian
"
inform,"russian
"
inform,"any
"
inform,"i dont care
"
inform,"lebanese
"
inform,"uh any area
"
inform,"doesnt matter
"
inform,"i dont care
"
inform,"lebanese damn it just listen to me
"
inform,"lebanese
"
inform,"im looking for a moderate priced restaurant in the east part of town
"
inform,"i dont care
"
inform,"i dont care
"
inform,"iam looking for a restaurant in any area that serves swiss food
"
inform,"im looking for a restaurant that serves vietnamese food
"
inform,"looking for corsica food in an expensive restaurant
"
inform,"looking for thai food
"
inform,"i dont care
"
inform,"indian food
"
inform,"indian food
"
inform,"food
"
inform,"cheap
"
inform,"cheap
"
inform,"moderate
"
inform,"moderate range
"
inform,"expensive
"
inform,"expensive
"
inform,"i want to find a restaurant in the south part of town that serves in
"
inform,"english food
"
inform,"cheap restaurant
"
inform,"cheap
"
inform,"im looking for french food
"
inform,"i dont care
"
inform,"i dont care
"
inform,"i want a moderately priced restaurant
"
inform,"it should serve caribbean food
"
inform,"if there is no such venue how about spanish type of food
"
inform,"cheap
"
inform,"any
"
inform,"i am looking for belgium food
"
inform,"in an expensive restaurant
"
inform,"belgium food
"
inform,"im looking for an expensive restaurant
"
inform,"i am looking for an expensive restaurant
"
inform,"of this restaurant
"
inform,"i dont care thank you good bye
"
inform,"hungarian food in the west part of town
"
inform,"hungarian food
"
inform,"hungarian
"
inform,"hungarian food
"
inform,"indian food
"
inform,"indian food
"
inform,"any price range
"
inform,"any price range
"
inform,"any price range
"
inform,"im looking for a cheap restaurant
"
inform,"moroccan food
"
inform,"food
"
inform,"vietnamese food
"
inform,"i would like moroccan food
"
inform,"i dont care
"
inform,"i need a restaurant in the east part of town that serves world food
"
inform,"i need a restaurant in the east part of town serving indian food
"
inform,"any
"
inform,"im looking for an indian restaurant in the east of town
"
inform,"any
"
inform,"any
"
inform,"i need a cheap restaurant in the east part of town
"
inform,"can i get a restaurant in the west part of town
"
inform,"doesnt matter but it should be moderately priced
"
inform,"a cheap restaurant east part of town
"
inform,"cheap
"
inform,"cheap price range
"
inform,"um indian food in the north part
"
inform,"dont care
"
inform,"im looking for a restaurant in the north part of town that serves christmas food
"
inform,"asian oriental food
"
inform,"asian oriental food
"
inform,"caribbean food
"
inform,"i want an expensive steak house
"
inform,"dont care
"
inform,"looking for expensive tuscan food
"
inform,"uh do you have any korean food
"
inform,"korean food
"
inform,"christmas
"
inform,"chinese
"
inform,"south
"
inform,"south part of town
"
inform,"any
"
inform,"find me an expensive restaurant in the south part of town
"
inform,"dont care
"
inform,"the south part of town
"
inform,"expensive
"
inform,"um i want to find a restaurant that serves fusion food
"
inform,"id like to find a spanish restaurant in the center
"
inform,"i dont care
"
inform,"im looking for a cheap restaurant in the south part of town
"
inform,"australian food
"
inform,"australian
"
inform,"australian
"
inform,"mediterranean
"
inform,"expensive
"
inform,"any
"
inform,"expensive
"
inform,"cheap restaurant
"
inform,"cheap price range
"
inform,"cheap restaurant
"
inform,"it does not matter
"
inform,"australian food
"
inform,"portuguese food
"
inform,"any
"
inform,"is there a restaurant in the center of town serving
"
inform,"spanish food
"
inform,"spanish
"
inform,"spanish
"
inform,"cantonese food
"
inform,"asian oriental
"
inform,"expensive
"
inform,"spanish
"
inform,"spanish
"
inform,"center
"
inform,"oh i dont care
"
inform,"i want a cheap restaurant in the north part of town
"
inform,"doesnt matter
"
inform,"west
"
inform,"id like to find a moderately priced restaurant
"
inform,"caribbean food
"
inform,"um spanish food
"
inform,"spanish food
"
inform,"that serves japanese food
"
inform,"looking for a restaurant in any area that serves mediterranean
"
inform,"moderate
"
inform,"expensive
"
inform,"expensive
"
inform,"spanish food
"
inform,"moderately priced
"
inform,"im looking for a cheap restaurant in the west part of town
"
inform,"any
"
inform,"im looking for an expensive restaurant that serves korean
"
inform,"korean
"
inform,"im looking for a moderately priced restaurant that serves
"
inform,"moroccan food
"
inform,"turkish food
"
inform,"turkish food
"
inform,"i dont care
"
inform,"doesnt matter
"
inform,"east part ot tow
"
inform,"expensive
"
inform,"restaurant
"
inform,"vietnamese
"
inform,"vietnamese food
"
inform,"hungarian food in the center of town
"
inform,"hungarian food
"
inform,"turkish food
"
inform,"turkish food
"
inform,"any
"
inform,"center
"
inform,"cheap
"
inform,"moderate
"
inform,"expensive
"
inform,"moderately priced restaurant
"
inform,"any
"
inform,"west
"
inform,"chinese food in the north part of town
"
inform,"inexpensive
"
inform,"cheap restaurant east part of town
"
inform,"im looking for an expensive restaurant in the south part of
"
inform,"italian
"
inform,"north
"
inform,"thai
"
inform,"west area
"
inform,"west area
"
inform,"im looking for a restaurant in the north part of town
"
inform,"i dont care
"
inform,"moderate
"
inform,"barbecue
"
inform,"portuguese
"
inform,"dont care
"
inform,"any
"
inform,"moderate
"
inform,"cheap
"
inform,"cheap portuguese food
"
inform,"im looking for a restaurant in the south part of town serving portuguese
"
inform,"portuguese
"
inform,"im looking for a restaurant in the center part of town
"
inform,"restaurant in the east side of town
"
inform,"italian
"
inform,"dont care
"
inform,"im looking for a moderately priced restaurant and it should serve
"
inform,"brazilian food
"
inform,"the north
"
inform,"the north part of town
"
inform,"find cheap restaurant in south part of town
"
inform,"doesnt matter
"
inform,"south
"
inform,"doesnt matter
"
inform,"thai
"
inform,"thai food
"
inform,"any
"
inform,"im looking for a
"
inform,"cheap restaurant
"
inform,"chinese
"
inform,"i dont care
"
inform,"im looking for an expensive restaurant
"
inform,"i dont care
"
inform,"i dont care
"
inform,"moderately priced
"
inform,"any
"
inform,"south
"
inform,"south
"
inform,"moderate price north part of town
"
inform,"anything
"
inform,"south
"
inform,"expensive
"
inform,"restaurant
"
inform,"any
"
inform,"center
"
inform,"spanish food
"
inform,"any
"
inform,"moderately priced restaurant in the south part of town
"
inform,"any kind of food
"
inform,"french
"
inform,"french
"
inform,"french
"
inform,"dont care
"
inform,"french food
"
inform,"french food
"
inform,"looking for a cheap restaurant in the east part of town
"
inform,"polish food
"
inform,"thai food
"
inform,"thai food
"
inform,"dont care
"
inform,"doesnt matter
"
inform,"doesnt matter
"
inform,"dont care
"
inform,"moderately priced restaurant in the west part of town
"
inform,"gastropub
"
inform,"italian
"
inform,"italian
"
inform,"dont care
"
inform,"im looking for a restaurant in the east part of town
"
inform,"im looking for singaporean food
"
inform,"im looking for a restaurant serving chinese food
"
inform,"mexican food
"
inform,"im looking for a cheap restaurant in the north part
"
inform,"i dont care
"
inform,"im looking for a moderately priced restaurant serving basque food
"
inform,"danish
"
inform,"danish
"
inform,"international
"
inform,"any area
"
inform,"i dont care
"
inform,"any type of food
"
inform,"i dont care
"
inform,"moderately priced afghan
"
inform,"dont care
"
inform,"afghan
"
inform,"afghan
"
inform,"chinese
"
inform,"afghan
"
inform,"dont care
"
inform,"afghan food
"
inform,"dont care
"
inform,"afghan food
"
inform,"dont care want afghan food afghan food afghan
"
inform,"danish food
"
inform,"i want to find a restaurant in the we
"
inform,"with malaysian food
"
inform,"malaysian food
"
inform,"malaysian food
"
inform,"thai food
"
inform,"thai
"
inform,"thai food
"
inform,"i am looking for a moderate priced restaurant in the west of town
"
inform,"i dont care
"
inform,"im looking for an expensive restaurant serving international food
"
inform,"center area
"
inform,"im looking for an expensive restaurant
"
inform,"vietnamese
"
inform,"north american food
"
inform,"im looking for a restaurant that serves vegetarian food
"
inform,"i would like an expensive restaurant
"
inform,"venesian
"
inform,"asian oriental food
"
inform,"asian oriental food
"
inform,"doesnt matter
"
inform,"center
"
inform,"i dont care
"
inform,"cheap restaurant in the south part of town
"
inform,"dont care
"
inform,"cheap restaurant
"
inform,"any
"
inform,"doesnt matter
"
inform,"any
"
inform,"i am searching for a restaurant in the center that serves
"
inform,"barbecue food
"
inform,"i dont care
"
inform,"restaurant
"
inform,"i dont care
"
inform,"i dont care
"
inform,"i dont care
"
inform,"dont care
"
inform,"cheap
"
inform,"i need a cheap restaurant that serves christmas food
"
inform,"indian food
"
inform,"food
"
inform,"i dont care
"
inform,"im looking a cheap restaurant in the south part of town
"
inform,"any kind any thing
"
inform,"and okay and vietnamese food thank you
"
inform,"steak house
"
inform,"british food
"
inform,"north
"
inform,"north
"
inform,"im looking for moderately priced restaurant that serves
"
inform,"cantonese food
"
inform,"i dont care
"
inform,"im looking for a moderately priced restaurant
"
inform,"british
"
inform,"i dont care
"
inform,"i dont care
"
inform,"im looking for a restaurant in the north part of town serving italian food
"
inform,"id like a restaurant in the center with russian food
"
inform,"in the center
"
inform,"i dont care
"
inform,"turkish food
"
inform,"south
"
inform,"north
"
inform,"north
"
inform,"center
"
inform,"center
"
inform,"moderate
"
inform,"im looking for an expensive restaurant that serves
"
inform,"scottish food
"
inform,"cheap
"
inform,"any
"
inform,"north
"
inform,"north
"
inform,"north
"
inform,"food
"
inform,"expensive
"
inform,"french noise
"
inform,"dont care
"
inform,"im searching for a restaurant in the south part of town that serves
"
inform,"british food
"
inform,"restaurant
"
inform,"moderate
"
inform,"is there one in the cheap price range
"
inform,"is there a chinese restaurant in the cheap price range
"
inform,"south
"
inform,"south
"
inform,"south part
"
inform,"south
"
inform,"expensive
"
inform,"serving lebanese food
"
inform,"can i have a cheap restaurant
"
inform,"the east
"
inform,"any
"
inform,"i dont care
"
inform,"south
"
inform,"south
"
inform,"south
"
inform,"south
"
inform,"moderate
"
inform,"unintelligible food
"
inform,"looking for cheap eritrean food
"
inform,"italian food
"
inform,"italian food
"
inform,"i dont care
"
inform,"expensive romanian food
"
inform,"expensive
"
inform,"romanian
"
inform,"food
"
inform,"expensive romanian
"
inform,"food
"
inform,"expensive korean food
"
inform,"looking for a restaurant in the north part of town that serves swedish food
"
inform,"swedish food
"
inform,"indian food
"
inform,"i dont care
"
inform,"christmas
"
inform,"christmas food
"
inform,"food
"
inform,"moderately priced
"
inform,"doesnt matter
"
inform,"north
"
inform,"spanish food
"
inform,"spanish
"
inform,"spanish
"
inform,"spanish
"
inform,"spanish
"
inform,"spanish
"
inform,"spanish
"
inform,"spanish
"
inform,"spanish
"
inform,"cheap restaurant
"
inform,"spanish
"
inform,"cheap restaurant spani
"
inform,"korean
"
inform,"korean
"
inform,"im looking for an expensive restaurant that serves australian food
"
inform,"austria asian restaurant in the center of town
"
inform,"i dont care
"
inform,"australasian food
"
inform,"turkish food
"
inform,"i dont care
"
inform,"i dont care
"
inform,"spanish food
"
inform,"i dont care
"
inform,"cheap
"
inform,"im looking for a moderately priced restaurant in the east part of town
"
inform,"i dont care
"
inform,"id like a restaurant in any area that serves
"
inform,"vietnamese
"
inform,"i want a moderately priced cantonese restaurant
"
inform,"uh i dont care
"
inform,"portuguese food in the south
"
inform,"portuguese
"
inform,"italian food
"
inform,"um west side
"
inform,"west
"
inform,"i dont care
"
inform,"expensive restaurant romanian food
"
inform,"looking for a moderately priced restaurant in the east
"
inform,"uh the center
"
inform,"uh center
"
inform,"center
"
inform,"um moderate
"
inform,"cheap restaurant
"
inform,"south part of town
"
inform,"south
"
inform,"south
"
inform,"west
"
inform,"british food
"
inform,"british food
"
inform,"any range
"
inform,"vietnamese
"
inform,"im looking for a
"
inform,"uh cheap restaurant
"
inform,"i dont care
"
inform,"south
"
inform,"in the south
"
inform,"south part
"
inform,"in the south
"
inform,"south part
"
inform,"im looking in the south of the town
"
inform,"im looking for expensive welsh food
"
inform,"korean food
"
inform,"korean
"
inform,"doesnt matter
"
inform,"i dont care
"
inform,"im looking for a moderately priced restaurant in the north
"
inform,"i dont care
"
inform,"im looking for a restaurant that serves tuscan food
"
inform,"uh doesnt matter
"
inform,"im looking for a moderate priced restaurant that serves kosher food
"
inform,"im looking for a moderately priced restaurant that serves asian
"
inform,"danish food in the center of town
"
inform,"a restaurant serving thai food
"
inform,"i need thai food
"
inform,"cheap restaurant
"
inform,"north
"
inform,"anything
"
inform,"i dont care
"
inform,"moderately priced
"
inform,"the north part of town
"
inform,"any
"
inform,"cheap
"
inform,"international food in the west part of
"
inform,"west
"
inform,"west
"
inform,"center
"
inform,"center
"
inform,"center
"
inform,"dont care
"
inform,"swedish food expensive
"
inform,"swedish
"
inform,"mediterranean
"
inform,"mediterranean
"
inform,"any
"
inform,"west
"
inform,"expensive
"
inform,"dont care
"
inform,"south
"
inform,"if there is no such venue how about european type of food
"
inform,"if there is no such venue how about european type of
"
inform,"any type of area
"
inform,"center
"
inform,"center
"
inform,"center part of town
"
inform,"center
"
inform,"uh east
"
inform,"uh cheap restaurant
"
inform,"i want a restaurant in the west part of town that serves venetian food
"
inform,"in the west part
"
inform,"looking for austrian food in the center of town
"
inform,"turkish food
"
inform,"i dont care
"
inform,"im looking for cheap food in the north of town
"
inform,"i dont care
"
inform,"spanish food
"
inform,"spanish
"
inform,"spanish
"
inform,"dont care
"
inform,"dont care
"
inform,"spanish food
"
inform,"looking for something moderately priced on the east side of town
"
inform,"are they the east side of town
"
inform,"i dont care
"
inform,"caribbean
"
inform,"caribbean food
"
inform,"caribbean
"
inform,"caribbean
"
inform,"how bout italian foo
"
inform,"how bout che italian food
"
inform,"i dont care
"
inform,"i dont care
"
inform,"i want to find an expensive restaurant in the south part of town
"
inform,"i dont care
"
inform,"food
"
inform,"dont care
"
inform,"the south part of town
"
inform,"south part of town
"
inform,"expensive
"
inform,"north
"
inform,"i would like an expensive restaurant that serves
"
inform,"is their korean food
"
inform,"i would like a restaurant that serves gastropub food
"
inform,"gastropub food
"
inform,"i would like gastropub
"
inform,"gastropub
"
inform,"any area
"
inform,"any part of town
"
inform,"im looking for a moderately priced restaurant in the south
"
inform,"any kind of food
"
inform,"yea id like a cheap restaurant in the north part of town
"
inform,"uh i dont care
"
inform,"french
"
inform,"french
"
inform,"okay im looking for a restaurant serving fre
"
inform,"french
"
inform,"thai
"
inform,"noise french food
"
inform,"north
"
inform,"north
"
inform,"north
"
inform,"dont care
"
inform,"african food
"
inform,"im looking for an expensive restaurant in the east part of town
"
inform,"i dont care
"
inform,"im looking for a restaurant in the north part of town
"
inform,"im looking for a restaurant that serves italian
"
inform,"thai food
"
inform,"center
"
inform,"moderately priced restaurant
"
inform,"any
"
inform,"west
"
inform,"west
"
inform,"west
"
inform,"cheap restaurant
"
inform,"in the south part of town
"
inform,"south
"
inform,"i need a mexican restaurant
"
inform,"expensive restaurant that serves lebanese food
"
inform,"british
"
inform,"im looking for a cheap restaurant serving pan as
"
inform,"pan asian food
"
inform,"i dont care
"
inform,"im looking for a restaurant serving pan asian foo
"
inform,"im looking for a restaurant serving pan asian foo
"
inform,"im looking for a restaurant serving asian oriental food
"
inform,"im looking for a cheap restaurant
"
inform,"spanish
"
inform,"dont care
"
inform,"cheap
"
inform,"moderately priced restaurant
"
inform,"south
"
inform,"south part of town
"
inform,"south
"
inform,"the south part of town
"
inform,"the south part of town
"
inform,"north
"
inform,"swedish
"
inform,"italian
"
inform,"italian
"
inform,"italian
"
inform,"afghan food
"
inform,"centre
"
inform,"uh the centre
"
inform,"uh afghan food
"
inform,"okay uh how bout turkish
"
inform,"okay uh how bout turkish
"
inform,"id like a portuguese restaurant
"
inform,"any
"
inform,"any part of town
"
inform,"any price range
"
inform,"im looking for an expensive restaurant
"
inform,"um east part of town
"
inform,"i dont care
"
inform,"i dont care
"
inform,"im looking for a restaurant in the east part of town that serves world food
"
inform,"im looking for a restaurant in the east part of town that serves chinese food
"
inform,"isian food
"
inform,"dont care
"
inform,"dont care
"
inform,"id like a moderately priced restaurant in the south part of town
"
inform,"any type of food
"
inform,"what about the other moderately priced restaurant in the south part
"
inform,"im looking for an expensive restaurant that serves thai food
"
inform,"any
"
inform,"any
"
inform,"i need a restaurant that serves african food
"
inform,"im looking for a restaurant in the west part of town that serves corsica food
"
inform,"i dont care
"
inform,"korean food
"
inform,"south part of town
"
inform,"center part of town
"
inform,"center
"
inform,"i dont care
"
inform,"any
"
inform,"a moderately priced fusion food
"
inform,"moderate
"
inform,"dont care
"
inform,"vietnamese food
"
inform,"moderately priced north part of
"
inform,"dont care
"
inform,"moderately priced
"
inform,"moderately priced
"
inform,"dont care
"
inform,"west
"
inform,"moderately priced in the west part of town
"
inform,"moderately priced
"
inform,"moderate
"
inform,"any
"
inform,"im trying to find a moderately priced restaurant that serves swedish food
"
inform,"im looking for a restaurant in the east part of town and it should serve
"
inform,"chinese
"
inform,"indian
"
inform,"indian
"
inform,"im looking for a cheap restaurant in the west part of town
"
inform,"im looking for a moderately priced restaurant
"
inform,"i dont care
"
inform,"im looking for a restaurant in the east part of town that serves
"
inform,"british
"
inform,"cantonese food
"
inform,"cantonese
"
inform,"indian food
"
inform,"cheap
"
inform,"any
"
inform,"i dont care
"
inform,"restaurant in the north part of
"
inform,"canopus
"
inform,"asian oriental
"
inform,"asian oriental
"
inform,"im looking for
"
inform,"a chinese restaurant that serves moderately priced food
"
inform,"i dont care
"
inform,"um i dont care
"
inform,"looking for persian food
"
inform,"the north part of town
"
inform,"i dont care
"
inform,"korean food
"
inform,"im looking for a restaurant in the center of town
"
inform,"korean food
"
inform,"i want to find international food
"
inform,"im looking for international
"
inform,"any area
"
inform,"i dont care
"
inform,"i dont care
"
inform,"the south
"
inform,"uh north
"
inform,"dont care
"
inform,"north
"
inform,"moderate
"
inform,"i would like to find a restaurant that serves halal food
"
inform,"halal
"
inform,"any area
"
inform,"any price range
"
inform,"cheap restaurant south part of town
"
inform,"italian
"
inform,"south
"
inform,"south
"
inform,"south part of town
"
inform,"south part of town
"
inform,"thai
"
inform,"i want to find a cheap restaurant in the south part of town
"
inform,"im looking for a cheap restaurant that serves brazilian
"
inform,"i dont care
"
inform,"moderately priced
"
inform,"any
"
inform,"any
"
inform,"any
"
inform,"north
"
inform,"north
"
inform,"north
"
inform,"north
"
inform,"any
"
inform,"any
"
inform,"any
"
inform,"italian
"
inform,"chinese
"
inform,"moderately
"
inform,"moderately
"
inform,"moderately
"
inform,"mediterranean food
"
inform,"mediterranean food
"
inform,"cheap cheap restaurant
"
inform,"south part of town
"
inform,"looking for a modernity priced restaurant in the south part of town
"
inform,"indian food
"
inform,"indian
"
inform,"indian
"
inform,"indian
"
inform,"south
"
inform,"south
"
inform,"any
"
inform,"any
"
inform,"any
"
inform,"indian food
"
inform,"spanish food
"
inform,"spanish
"
inform,"spanish
"
inform,"any area
"
inform,"any price range
"
inform,"mexican food
"
inform,"i want a restaurant that serves portuguese food
"
inform,"dont care
"
inform,"dont care
"
inform,"im looking for a restaurant in the north part of town
"
inform,"world food
"
inform,"indian food
"
inform,"i dont care
"
inform,"center
"
inform,"moderate
"
inform,"i dont care
"
inform,"cheap
"
inform,"barbecue
"
inform,"indian
"
inform,"indian
"
inform,"dont care
"
inform,"im looking for an expensive restaurant in the east part of town
"
inform,"i dont care
"
inform,"i want a moderately priced restaurant in the north part of town
"
inform,"looking for portuguese food in the south part of town
"
inform,"portuguese
"
inform,"i want to find a expensive restaurant that serves mediterranean
"
inform,"mediterranean
"
inform,"i dont care
"
inform,"i want an expensive afghan restaurant
"
inform,"afghan food
"
inform,"uh european food
"
inform,"i dont care
"
inform,"i want a restaurant in the north par
"
inform,"i am looking for a restaurant in the north part of town it shou
"
inform,"mediterranean food
"
inform,"any area
"
inform,"mediterranean restaurant in any area
"
inform,"i dont care
"
inform,"doesnt matter
"
inform,"cuban
"
inform,"south part of town
"
inform,"moderate price
"
inform,"i want a restaurant in the south part of town
"
inform,"free food
"
inform,"the south part of town
"
inform,"moderate
"
inform,"uh moderately price
"
inform,"any part
"
inform,"um a cheap restaurant in the west part of town
"
inform,"um any type
"
inform,"the west part
"
inform,"im looking for jamaican food in the south part of town
"
inform,"id like to find a restaurant serving portuguese food
"
inform,"i dont care
"
inform,"i dont care
"
inform,"west part of town
"
inform,"malaysian
"
inform,"thai
"
inform,"moderately priced
"
inform,"next restaurant
"
inform,"mediterranean
"
inform,"i dont care
"
inform,"i do i dont care
"
inform,"i want a moderately priced restaurant in the south part of town
"
inform,"is doesnt matter
"
inform,"moderately priced catalan food
"
inform,"spanish
"
inform,"im looking for a restaurant in the
"
inform,"korean
"
inform,"looking for a restaurant noise in the east part of town
"
inform,"noise ease part of town east
"
inform,"how bout irish food noise
"
inform,"irish food noise
"
inform,"irish food on the east part of town
"
inform,"indian food noise
"
inform,"cheap restaurant
"
inform,"cheap restaurant
"
inform,"north
"
inform,"i dont care
"
inform,"i dont care
"
inform,"i dont care
"
inform,"im looking for a restaurant in the center of town that
"
inform,"modern euorpean
"
inform,"i need a restaurant serving af
"
inform,"afghan
"
inform,"i dont care about price
"
inform,"i need a restaurant
"
inform,"i need a restaurant serving modern european food
"
inform,"i need a restaurant serving modern european food
"
inform,"i would like to find a cheap restaurant in the south part of town
"
inform,"im looking for a restaurant in the center serving russian food
"
inform,"im looking for portuguese food
"
inform,"iam looking for a restaurant that serves portuguese food
"
inform,"im looking for an expensive restaurant and it should serve unusual food
"
inform,"im looking for a cheap restaurant in the
"
inform,"im looking for a cheap restaurant in the south
"
inform,"i want a cheap restaurant in the west part of town
"
inform,"i dont care
"
inform,"i dont care
"
inform,"i dont care
"
inform,"dont care
"
inform,"i dont care
"
inform,"i dont care
"
inform,"i dont care
"
inform,"dont care
"
inform,"dont care
"
inform,"i am looking
"
inform,"in the south part of town
"
inform,"im looking for a cheap creative food restaurant
"
inform,"cheap
"
inform,"cheap
"
inform,"cantonese
"
inform,"north american
"
inform,"im looking for a restaurant in the center park of town that serves
"
inform,"english food
"
inform,"im looking for a restaurant in the center that serves sea food
"
inform,"moderately priced in the west part of town
"
inform,"im looking for a pan asian food in the south of town
"
inform,"pan asian
"
inform,"pan asian
"
inform,"im looking for an expensive restaurant serving vegetarian food
"
inform,"is there is no such venue that have asian oriental type of food
"
inform,"i want a moderately priced restaurant that serves
"
inform,"gastropub food
"
inform,"i want a gastropub restaurant
"
inform,"west part of town serving barbecue food
"
inform,"looking for a moderately priced restaurant in the north of town
"
inform,"cheap restaurant west part of town
"
inform,"west
"
inform,"im looking for a restaurant in the north
"
inform,"i dont care
"
inform,"indian food
"
inform,"that serves cuban food
"
inform,"north
"
inform,"cheap
"
inform,"food
"
inform,"id like a restaurant in the east part of town that serves
"
inform,"unintelligible food
"
inform,"is there an indian restaurant the east of town
"
inform,"i need to find a french restaurant
"
inform,"i need a restaurant that serves
"
inform,"im looking for a restaurant in the east part of town that serves australian
"
inform,"moderate
"
inform,"australian food
"
inform,"indian food
"
inform,"expensive
"
inform,"expensive
"
inform,"id like a restaurant in the west part of town that serves danish
"
inform,"moderately priced swedish food
"
inform,"i want a scandinavian restaurant thats expensive
"
inform,"moderately priced in the west part of town
"
inform,"im looking for a moderately priced restaurant
"
inform,"any
"
inform,"im looking for a restaurant in the west part of town that serves halo food
"
inform,"i dont care
"
inform,"i want a restaurant in the west part of town serving thai food
"
inform,"looking for romanian food in the center of town
"
inform,"west
"
inform,"moderate
"
inform,"the south part of town
"
inform,"im looking for canapes food in any price range
"
inform,"food an
"
inform,"any any part of town
"
inform,"expensive restaurant in the east of town
"
inform,"any
"
inform,"south part of town
"
inform,"swedish food
"
inform,"moderate eur
"
inform,"i want modern european
"
inform,"i want to find a moderately priced restaurant in the east part of town
"
inform,"i want a malaysian restaurant
"
inform,"looking for a moderately priced restaurant in the west part of town
"
inform,"cheap
"
inform,"north
"
inform,"im looking for a moderately priced restaurant that serves endonesian
"
inform,"im looking for uh restaurant serving caribbean food
"
inform,"im looking for a cheap restaurant in the west part of town
"
inform,"any price range
"
inform,"lebanese
"
inform,"im looking for an expensive restaurant in the east part of t
"
inform,"i dont care noise
"
inform,"singapore food
"
inform,"center part of town
"
inform,"im looking for a cheap restaurant that serves italian food
"
inform,"any part of town
"
inform,"british
"
inform,"dont care west part of town
"
inform,"im looking for an expensive restaurant in the east
"
inform,"i dont care
"
inform,"i want to find a restaurant in the west part of town and it should
"
inform,"any
"
inform,"fusion food
"
inform,"fusion food
"
inform,"looking for a cheap restaurant in the east part of town
"
inform,"uh african food
"
inform,"vietnamese food
"
inform,"cheap restaurant
"
inform,"center
"
inform,"vietnamese food
"
inform,"food
"
inform,"vietnamese food
"
inform,"north
"
inform,"down town
"
inform,"west
"
inform,"cambridge vietnamese food
"
inform,"center
"
inform,"south
"
inform,"north east
"
inform,"west
"
inform,"center
"
inform,"moderate
"
inform,"north
"
inform,"im looking for a restaurant that serves
"
inform,"i dont care
"
inform,"id like a restaurant in the east part of town
"
inform,"any price range
"
inform,"turkish food
"
inform,"anything
"
inform,"italian food
"
inform,"italian food
"
inform,"im looking for a restaurant in the west part of town
"
inform,"doesnt matter thai food
"
inform,"im looking for a moderately priced restaurant that serves international
"
inform,"expensive
"
inform,"english food
"
inform,"italian food
"
inform,"i dont care
"
inform,"i am looking for a cheap restaurant and it should serve seafood
"
inform,"seafood
"
inform,"im looking for an expensive restaurant in the east part of town
"
inform,"i dont care
"
inform,"caribbean food
"
inform,"spensive
"
inform,"expensive
"
inform,"asian
"
inform,"restaurant any area kosher food
"
inform,"kosher
"
inform,"lebanese
"
inform,"dont care
"
inform,"uh i want a cheap restaurant and it should be in the north part of town
"
inform,"im looking for a restaurant that serves polynesian food
"
inform,"korean food
"
inform,"cheap restaurant in the north part of town
"
inform,"i am looking for a singaporean restaurant in the north part of town
"
inform,"can i have an asian oriental restaurant in the
"
inform,"i want to find an expensive restaurant in the east part of t
"
inform,"i dont care
"
inform,"swedish food
"
inform,"moderately priced
"
inform,"any
"
inform,"west
"
inform,"i dont care
"
inform,"im looking for a restaurant serving french food
"
inform,"doesnt matter
"
inform,"any
"
inform,"a moderately priced restaurant in the
"
inform,"the south part of town
"
inform,"expensive turk turkish
"
inform,"im looking for a cheap restaurant in the west part of town
"
inform,"im looking for english food in the west part of town
"
inform,"cheap restaurant
"
inform,"west
"
inform,"dont care
"
inform,"a moderately place restaurant
"
inform,"moderate price
"
inform,"russian food
"
inform,"cheap food in the east part of town
"
inform,"im looking for a moderately priced restaurant that serves bistro
"
inform,"bistro
"
inform,"bistro
"
inform,"expensive restaurant in the south part of town
"
inform,"anything
"
inform,"that serves restaurant in south part of town
"
inform,"id like a restaurant in the south part of town that serves
"
inform,"world food
"
inform,"cheap restaurant gastropub food
"
inform,"doesnt matter
"
inform,"gastropub
"
inform,"gastropub food
"
inform,"gastropub moderate
"
inform,"cheap restaurant gastropub
"
inform,"gastropub
"
inform,"gastropub food
"
inform,"gastropub food
"
inform,"gastropub
"
inform,"south
"
inform,"i would like to find an expensive restaurant serving
"
inform,"moderately priced restaurant in the east part of town
"
inform,"i want a cheap restaurant in the north
"
inform,"in the north part of town
"
inform,"i want a restaurant in the north part of town
"
inform,"i want a restaurant in the north
"
inform,"im looking for a restaurant in any area serving african food
"
inform,"steakhouse
"
inform,"steakhouse
"
inform,"thai
"
inform,"thai food
"
inform,"creative food
"
inform,"moderate
"
inform,"south part of town
"
inform,"i want a cheap restaurant in the south part of town
"
inform,"im looking for a moderately priced restaurant that serves
"
inform,"any
"
inform,"tuscan food
"
inform,"moderately priced
"
inform,"any
"
inform,"west part of town
"
inform,"im looking for a cheap restaurant in the south part of town
"
inform,"im looking for a restaurant in the west part of town
"
inform,"i dont care
"
inform,"english food
"
inform,"italian food
"
inform,"italian food
"
inform,"italian food
"
inform,"im looking for a restaurant in any area that serves tuscan food
"
inform,"i am looking for asian oriental type food
"
inform,"dont care
"
inform,"halal
"
inform,"vegetarian
"
inform,"asian oriental
"
inform,"moderate
"
inform,"moderate
"
inform,"any
"
inform,"greek food
"
inform,"id like to find a restaurant in the north part of town and it should serve greek food
"
inform,"downtown
"
inform,"italian food
"
inform,"korean
"
inform,"korean
"
inform,"south part of town
"
inform,"cheap restaurant
"
inform,"moderately priced restaurant
"
inform,"south part of town
"
inform,"i want to find a restaurant in the east part of town
"
inform,"international
"
inform,"looking for a moderately priced restaurant in the west part of town
"
inform,"cheap restaurant serves spanish food
"
inform,"im looking for an expensive restaurant
"
inform,"south part of town
"
inform,"north american
"
inform,"dont care
"
inform,"can i get tuscan
"
inform,"dont care
"
inform,"looking for a restaurant in the south part of town
"
inform,"any area
"
inform,"cheap restaurant
"
inform,"west
"
inform,"west
"
inform,"id like an expensive restaurant in the south part of town
"
inform,"any
"
inform,"cheap restaurant
"
inform,"i want to find an expensive restaurant in the south part of town
"
inform,"any
"
inform,"cheap restaurant
"
inform,"can i have spanish food in
"
inform,"im looking for a restaurant that serves mediterranean food
"
inform,"well i dont care about the price range
"
inform,"im looking for a restaurant in the south part of town that serves
"
inform,"italian
"
inform,"i dont care
"
inform,"italian food
"
inform,"italian food
"
inform,"in the north part of town
"
inform,"im looking for a restaurant that serves
"
inform,"spanish
"
inform,"spanish
"
inform,"spanish
"
inform,"spanish
"
inform,"spanish
"
inform,"spanish
"
inform,"spanish
"
inform,"spanish food
"
inform,"i want spanish food
"
inform,"are there any cantonese restaurants
"
inform,"are there any british rest british food
"
inform,"are there any restaurants in the center of town
"
inform,"food in the south part of town
"
inform,"catalan food
"
inform,"expensive restaurant that serves afghan food
"
inform,"afghan
"
inform,"afghan
"
inform,"cheap restaurant
"
inform,"that serves takes out food
"
inform,"moderate price restaurant
"
inform,"any
"
inform,"ostro asian
"
inform,"indian food
"
inform,"noise any price range
"
inform,"north
"
inform,"restaurant in north part of town
"
inform,"dont care
"
inform,"cheap
"
inform,"north
"
inform,"gastropub
"
inform,"chinese
"
inform,"expensive restaurant in the south of town
"
inform,"i dont care
"
inform,"south part of town
"
inform,"expensive
"
inform,"dont care
"
inform,"a moderately priced restaurant
"
inform,"moroccan
"
inform,"i need a cheap restaurant
"
inform,"need it in north
"
inform,"expensive
"
inform,"mediterranean food
"
inform,"looking for hungarian food in the north side of town
"
inform,"i dont care
"
inform,"north
"
inform,"moderately priced
"
inform,"west
"
inform,"for restaurant
"
inform,"scandinavian food
"
inform,"tuscan food
"
inform,"moderate
"
inform,"west
"
inform,"moderate
"
inform,"i want to find a moderately priced restaurant
"
inform,"i dont care
"
inform,"id like a moderately priced restaurant that serves
"
inform,"could i have the restaurant that serves asian oriental food
"
inform,"any area
"
inform,"i want korean food
"
inform,"im looking for something cheap
"
inform,"i dont care
"
inform,"any part of town
"
inform,"im looking for cheap food
"
inform,"im looking for a moderately priced restaurant and it should be in the north
"
inform,"vietnamese food
"
inform,"im looking for a restaurant in the north part of town
"
inform,"uh i dont care
"
inform,"im looking for french food
"
inform,"looking for a restaurant in the south part of town serving
"
inform,"restaurant in the north part of town that serves
"
inform,"any
"
inform,"greek
"
inform,"vietnamese food
"
inform,"center
"
inform,"center
"
inform,"turkish food
"
inform,"expensive restaurants
"
inform,"restaurant in the west part of town that serves
"
inform,"looking for something moderately priced in the south of town
"
inform,"any range
"
inform,"im looking for a restaurant that serves irish food
"
inform,"i would like a cheap
"
inform,"im looking for a cheap restaurant in the west part of town
"
inform,"expensive
"
inform,"any
"
inform,"i need to find a moderately priced restaurant
"
inform,"i want a restaurant in the center that serves french food
"
inform,"north
"
inform,"airatarin
"
inform,"airatarin
"
inform,"cantonese
"
inform,"okay um chinese then
"
inform,"central inaudible
"
inform,"cheap restaurant
"
inform,"cheap
"
inform,"noise east
"
inform,"italian
"
inform,"italian
"
inform,"french food
"
inform,"im looking for a restaurant serving lebanese food
"
inform,"im looking for a restaurant in the south part of town that serves vietnamese food
"
inform,"is there an indian restaurant in the south of town
"
inform,"im looking for a moderately priced restaurant that serves
"
inform,"doesnt matter
"
inform,"caribbean food
"
inform,"south
"
inform,"spanish
"
inform,"korean
"
inform,"mediterranean
"
inform,"irish
"
inform,"american
"
inform,"moderate
"
inform,"im looking for a cheap restaurant in the north of town
"
inform,"center of town
"
inform,"that can serve kosher food
"
inform,"im looking for a restaurant that serves english food
"
inform,"a moderately priced restaurant in the south part of town
"
inform,"i want swedish ffood
"
inform,"cheap
"
inform,"european food any price
"
inform,"any price range
"
inform,"can i have the european food
"
inform,"can i have european food
"
inform,"can i have it in any price range
"
inform,"dont care
"
inform,"any price range
"
inform,"any price range
"
inform,"expensive
"
inform,"south part of town
"
inform,"expensive
"
inform,"dont care
"
inform,"west
"
inform,"thai food
"
inform,"cheap restaurant south part of town
"
inform,"moderately priced restaurant
"
inform,"chinese
"
inform,"looking for a restaurant in the west part of town that serves bistro food
"
inform,"im looking for a cheap restaurant in the south part of town
"
inform,"i dont care
"
inform,"i need a restaurant in the west part of town
"
inform,"dont care
"
inform,"creative food
"
inform,"looking for a restaurant in the north of town
"
inform,"creative food
"
inform,"indian food
"
inform,"cheap restaurant in the north part of town
"
inform,"im looking for moderately priced in the north part of town
"
inform,"i am looking for a moderately priced restaurant that serves turkish food
"
inform,"alright can i get chinese food
"
inform,"i want a moderately priced restaurant in the north part of town
"
inform,"okay cheap turkish food
"
inform,"looking for something cheap in the north side of town
"
inform,"looking for something cheap
"
inform,"mediterranean
"
inform,"expensive african food
"
inform,"im looking for a cheap restaurant in the east part of to
"
inform,"im looking for hungarian food in the north of town
"
inform,"asian oriental
"
inform,"im looking for expensive restaurants that serve mediterranean food
"
inform,"i need a restaurant serving turkish food
"
inform,"i need a restaurant
"
inform,"i need a restaurant that serves
"
inform,"i need a restaurant serving turkish food
"
inform,"im looking for an expensive restaurant in the east part
"
inform,"i dont care
"
inform,"i would like an expensive restaurant that serves korean food
"
inform,"uh creative food
"
inform,"expensive italian
"
inform,"italian
"
inform,"moderately priced restaurant in the west part of town
"
inform,"find me an expensive restaurant
"
inform,"serving portuguese food
"
inform,"find me a portuguese restaurant
"
inform,"find me an expensive portuguese restaurant
"
inform,"i want a moderately priced restaurant in the east part of town
"
inform,"im looking at a cheap restaurant and it should be
"
inform,"west
"
inform,"i need a restaurant in the west part of town that serves european food
"
inform,"can i have a lebanese restaurant
"
inform,"find gastropub
"
inform,"find gastro pub type food
"
inform,"doesnt matter
"
inform,"find gastropub restaurant
"
inform,"dont care
"
inform,"south
"
inform,"a moderately priced restaurant in the north part of town
"
inform,"i need a cheap restaurant
"
inform,"any
"
inform,"italian
"
inform,"pan asian food
"
inform,"i dont care
"
inform,"pan asian food
"
inform,"pan asian
"
inform,"indian food
"
inform,"im looking for a moderately priced restaurant in the north part of town
"
inform,"i dont care about prices
"
inform,"uh doesnt matter expensive
"
inform,"romanian food in the center
"
inform,"romanian
"
inform,"british food
"
inform,"any
"
inform,"i would like a restaurant that serves thai food
"
inform,"any
"
inform,"that serves swiss food
"
inform,"cheap restaurant that serves turkish food
"
inform,"portugeuse food
"
inform,"moderately priced
"
inform,"i dont care
"
inform,"im looking for a moderately priced restaurant in the east part of town
"
inform,"a moderately priced restaurant
"
inform,"doesnt matter
"
inform,"hungarian
"
inform,"hungarian
"
inform,"south town
"
inform,"south
"
inform,"hungarian food
"
inform,"mexican food
"
inform,"any
"
inform,"greek food in the north part of town
"
inform,"indian food
"
inform,"for spanish food
"
inform,"im looking for a restaurant in the center of town that serves african
"
inform,"i want a restaurant that serves
"
inform,"earetree mediterranean food
"
inform,"cheap
"
inform,"west
"
inform,"im looking for a
"
inform,"any kind in the north part of town
"
inform,"looking for a cheap restaurant in the east part of town
"
inform,"im looking for a moderate priced restaurant in the south part of
"
inform,"i dont care
"
inform,"im looking for a cheap restaurant in the south part of town
"
inform,"international
"
inform,"west
"
inform,"i need a cheap restaurant
"
inform,"i want to find a moderate priced restaurant that serves
"
inform,"south part of town
"
inform,"can i have an expensive restaurant
"
inform,"iam looking for a cheap restaurant and it should be in the north part of town
"
inform,"find me an expensive persian restaurant
"
inform,"i need an expensive british restaurant
"
inform,"any part of town
"
inform,"what ever
"
inform,"um surprise me
"
inform,"id like a restaurant in any area that serves japanese food
"
inform,"im looking for a restaurant in the east part of town serving australian
"
inform,"australian food
"
inform,"australian food
"
inform,"im looking for a restaurant on the east part of town
"
inform,"any
"
inform,"chinese
"
inform,"im looking for a moderately priced restaurant
"
inform,"south
"
inform,"looking for african food in the center of town
"
inform,"im looking for african food
"
inform,"im looking for a restaurant in the west part of town and it should be cheap
"
inform,"any
"
inform,"cheap
"
inform,"west part of town
"
inform,"cantonese
"
inform,"british
"
inform,"i would like to find a restaurant in the centre
"
inform,"expensive
"
inform,"irish
"
inform,"italian
"
inform,"doesnt matter
"
inform,"caribbean food
"
inform,"portuguese food
"
inform,"cheap restaurant
"
inform,"eritrean
"
inform,"eritrean food
"
inform,"does anyone serve eritrean food
"
inform,"eritrean food
"
inform,"eritrean
"
inform,"eritrean
"
inform,"uh vietnamese
"
inform,"noise vietnamese
"
inform,"modern european food
"
inform,"i dont care
"
inform,"i dont care
"
inform,"id like a moderately priced restaurant that serves
"
inform,"any
"
inform,"could i have a restaurant that serves european food
"
inform,"hungarian food
"
inform,"hungarian
"
inform,"do you have modern european food
"
inform,"id like a restaurant in the west part of town
"
inform,"i dont care
"
inform,"afghan noise
"
inform,"italian
"
inform,"i want a european restaurant in the center part of town
"
inform,"i want to find a cheap restaurant in the north part of town
"
inform,"indian food
"
inform,"italian
"
inform,"moderate
"
inform,"moderately
"
inform,"moderat
"
inform,"italian
"
inform,"any
"
inform,"im looking for an expensive restaurant
"
inform,"south part of town
"
inform,"i dont care
"
inform,"im looking for an expensive restaurant
"
inform,"vietnamese food
"
inform,"a moderately priced restaurant that serves
"
inform,"vietnamese
"
inform,"vietnamese
"
inform,"uh moderately priced restaurants in the south part of
"
inform,"can i get a restaurant in the south part of town that serves cuban food
"
inform,"i would like an expensive restaurant in the south of town
"
inform,"i dont care
"
inform,"cheap restaurant
"
inform,"any
"
inform,"italian food
"
inform,"italian
"
inform,"west
"
inform,"doesnt matter
"
inform,"doesnt matter thai food
"
inform,"caribbean food
"
inform,"british food
"
inform,"i dont care
"
inform,"moderate
"
inform,"i dont care
"
inform,"mediterranean food
"
inform,"im looking for a moderately priced restaurant in the south part of town
"
inform,"im looking for a moderately priced restaurant in the east part of town
"
inform,"i dont care
"
inform,"gastropub food
"
inform,"gastropub food
"
inform,"gastropub food
"
inform,"im looking for a moderately priced restaurant in the south part of town
"
inform,"is modern european food any good
"
inform,"cheap
"
inform,"i dont care
"
inform,"im looking for
"
inform,"a restaurant
"
inform,"im looking for moderately priced restaurant that serves world food
"
inform,"polish food
"
inform,"north american food
"
inform,"im looking for a cheap restaurant in the west part of town
"
inform,"im looking for a moderately priced restaurant
"
inform,"is there a venue in the west part of town
"
inform,"in the west of town
"
inform,"may i have a list of venues in the west part of town
"
inform,"help me decide what venues are available in the west part of town serving any ty
"
inform,"im looking for an expensive restaurant that serves portuguese food
"
inform,"food
"
inform,"greek
"
inform,"restaurant in the north
"
inform,"anything
"
inform,"greek
"
inform,"food
"
inform,"french
"
inform,"restaurant in the north part of town
"
inform,"french
"
inform,"restaurant in the north part of town that serves french
"
inform,"restaurant north
"
inform,"im looking for a restaurant in any area serving unintelligible
"
inform,"serving catalan food
"
inform,"can i have a caribbean food
"
inform,"can i have french food in the center
"
inform,"i dont care
"
inform,"kosher food
"
inform,"any part of town
"
inform,"im looking for a moderately priced restaurant that serves sea food
"
inform,"im looking for spanish food
"
inform,"i dont care
"
inform,"mediterranean
"
inform,"pan asian
"
inform,"pan asian
"
inform,"chinses
"
inform,"south part of town
"
inform,"south part of town
"
inform,"barbecue
"
inform,"any
"
inform,"any
"
inform,"moderately priced restaurant in the south part of town
"
inform,"im looking for a modreately
"
inform,"greek food
"
inform,"gastropub
"
inform,"food
"
inform,"gastropub
"
inform,"vegetarian food
"
inform,"mediterranean food
"
inform,"i am looking for
"
inform,"a restaurant that serves german food
"
inform,"restaurant in the north part of town
"
inform,"any
"
inform,"french food
"
inform,"unusual
"
inform,"unusual
"
inform,"expensive
"
inform,"unusual
"
inform,"im looking for a restaurant in the west part of town
"
inform,"i dont care
"
inform,"im looking for a restaurant in the east part of town
"
inform,"i dont care
"
inform,"i want swiss food
"
inform,"i am looking for a cheap restaurant in the east part of town
"
inform,"i want a cheap restaurant
"
inform,"it doesnt matter in the south part of town
"
inform,"is there an expensive
"
inform,"spanish food
"
inform,"im looking for a restaurant in the north part of town serving in
"
inform,"doesnt matter
"
inform,"doesnt matter
"
inform,"im looking for an expensive restaurant that serves basque food
"
inform,"cantonese
"
inform,"north american food
"
inform,"i would like to find a cheap restaurant
"
inform,"in the east part of town
"
inform,"north
"
inform,"im looking for a restaurant that serves mediterranean
"
inform,"find restaurant in south of town serving international f
"
inform,"steak house
"
inform,"turkish food
"
inform,"moderately priced
"
inform,"expensive
"
inform,"turkish food
"
inform,"moderate price
"
inform,"british food
"
inform,"moderate
"
inform,"any
"
inform,"gastropub
"
inform,"cheap
"
inform,"south
"
inform,"anything
"
inform,"moderate price
"
inform,"anywhere
"
inform,"mediterranean food
"
inform,"indian
"
inform,"can i have a mexican restaurant
"
inform,"looking for a moderately priced restaurant
"
inform,"any
"
inform,"cheap restaurant in the west part of town
"
inform,"id like an expensive restaurant in the east part of town
"
inform,"thare are different expensive restaurants in the east part of town
"
inform,"the south part of town greek food
"
inform,"food
"
inform,"dont care
"
inform,"i dont care
"
inform,"north
"
inform,"chinese
"
inform,"north
"
inform,"italian
"
inform,"dont care
"
inform,"moderately priced restaurant
"
inform,"any
"
inform,"i am looking for a cheap restaurant
"
inform,"international
"
inform,"moderately priced
"
inform,"can i get a restaurant
"
inform,"steak house
"
inform,"cheap restaurant west part of town
"
inform,"i want to find an expensive restaurant in the south part of town
"
inform,"i dont care
"
inform,"moderately
"
inform,"moderate ly
"
inform,"north
"
inform,"doesnt matter
"
inform,"i want a cheap restaurant in the east part of town
"
inform,"i would like an expensive restaurant in the east part of
"
inform,"doesnt matter
"
inform,"restaurant in the south part of town that serves indian food
"
inform,"im looking for cheap japanese food
"
inform,"im looking for a cheap restaurant in the west part of town
"
inform,"thai food
"
inform,"im looking for a cheap restaurant in the west part of town
"
inform,"north
"
inform,"dont care
"
inform,"center
"
inform,"can i have a restaurant in the south part of town
"
inform,"expensive
"
inform,"im looking for a restaurant that serves bistro food in the center of
"
inform,"barbecue food
"
inform,"vietnamese food
"
inform,"im looking for a moderately priced restaurant in the south part of town
"
inform,"the west of town with italian food
"
inform,"im looking for a eritrean restaurant
"
inform,"eirtrean
"
inform,"im looking for restaurant that serves portuguese food
"
inform,"spanish food
"
inform,"spanish
"
inform,"food
"
inform,"spanish food
"
inform,"i want to find a moderately priced restaurant that serves vietna
"
inform,"ne vietnamese
"
inform,"any price range
"
inform,"im looking for an expensive restaurant that serves
"
inform,"i want sea food
"
inform,"im looking for an expensive restaurant that serves sea food
"
inform,"im looking for a moderately priced restaurant
"
inform,"doesnt matter
"
inform,"a cheap restaurant in the west part of town
"
inform,"any kind of food
"
inform,"seafood
"
inform,"uh looking for a restaurant in any area and that needs to serve
"
inform,"cheap restaurant in the north part of town
"
inform,"italian food
"
inform,"im looking for a moderately priced restaurant
"
inform,"i dont care
"
inform,"australian
"
inform,"doesnt matter
"
inform,"kosher food
"
inform,"i dont care
"
inform,"i dont care
"
inform,"a restaurant in the center
"
inform,"hungarian food
"
inform,"french food
"
inform,"i dont care
"
inform,"um gastropub food
"
inform,"im looking for a modertley priced restaurant in the south
"
inform,"i dont care
"
inform,"south
"
inform,"im looking for unintelligible food
"
inform,"restaurant
"
inform,"in the east part of town
"
inform,"welsh food
"
inform,"indian food
"
inform,"hungarian food
"
inform,"hungarian
"
inform,"may i have vietnamese food
"
inform,"i dont care what price range
"
inform,"serving international food
"
inform,"i am looking for sweedish food
"
inform,"im looking for russian food in the center of town
"
inform,"cheap restaurant
"
inform,"cheap
"
inform,"north
"
inform,"im looking for an expensive restaurant in the east part of town
"
inform,"i dont care
"
inform,"im looking for an expensive
"
inform,"i would like to find a restaurant in the south part of town that serves
"
inform,"any price range
"
inform,"cheap restaurant
"
inform,"dont care
"
inform,"south
"
inform,"i would like a cheap restaurant in the north part of town
"
inform,"im looking for a restaurant in the west part of town serving korean
"
inform,"im looking for an expensive restaurant in the east part of town
"
inform,"i dont care
"
inform,"an expensive unintelligible
"
inform,"im looking for a moderately priced restaurant in the east part of town
"
inform,"moderately priced
"
inform,"doesnt matter
"
inform,"west part of town
"
inform,"i dont know
"
inform,"moderate
"
inform,"let me get some world food and i dont care about the price range
"
inform,"spanish food
"
inform,"spanish food
"
inform,"polish food
"
inform,"vietnamese food
"
inform,"moderate
"
inform,"north
"
inform,"cheap restaurant
"
inform,"any
"
inform,"breath im looking for a cheap restaurant serving catalan food
"
inform,"i dont care
"
inform,"what about asian food
"
inform,"im looking for asian food
"
inform,"im looking for asian oriental food
"
inform,"i want to find a restaurant
"
inform,"i dont care
"
inform,"im looking for a cheap restaurant in west part of town
"
inform,"cheap
"
inform,"im looking for an expensive restaurant and it should
"
inform,"any
"
inform,"irish
"
inform,"i dont know
"
inform,"moderate please
"
inform,"im looking for a restaurant in the north part of town that serves
"
inform,"any price range
"
inform,"indian
"
inform,"looking for a restaurant in the east part of town
"
inform,"greek
"
inform,"greek
"
inform,"indian
"
inform,"north
"
inform,"any
"
inform,"french
"
inform,"im looking for a restaurant in the south part of town serving
"
inform,"i dont care
"
inform,"im looking for a restaurant in any area that serves japanese
"
inform,"cheap restaurant
"
inform,"west part
"
inform,"moderately priced international food
"
inform,"moderately
"
inform,"im looking for a cheap restaurant
"
inform,"west
"
inform,"cheap restaurant in the north part of town
"
inform,"looking for a cheap restaurant in the west part of town
"
inform,"north
"
inform,"did you see a korean restaurant
"
inform,"yes uh turkish food in my area
"
inform,"turkish food
"
inform,"expensive restaurant serves
"
inform,"arotrian
"
inform,"expensive
"
inform,"asian oriental food
"
inform,"west part of town
"
inform,"cheap
"
inform,"im looking for a moderately priced restaurant in the south of town
"
inform,"i would like to find a moderately priced restaurant
"
inform,"i am looking for a restaurant in the south part of town
"
inform,"i dont care
"
inform,"kosher food
"
inform,"im looking for an expensive restaurant that serves unintelligible food
"
inform,"i dont care
"
inform,"find a moderately priced restaurant that serves bask food
"
inform,"im looking for a moderately priced restaurant in the south part of town
"
inform,"any price range
"
inform,"cantonese food
"
inform,"asian oriental food
"
inform,"north part
"
inform,"im looking for an expensive restaurant that serves portuguese food
"
inform,"moderately priced
"
inform,"north
"
inform,"moderate
"
inform,"in the north part of town that serves
"
inform,"i dont care
"
inform,"kosher
"
inform,"i need a cheap restaurant
"
inform,"barbecue food
"
inform,"any area
"
inform,"a expensive restaurant serving japanese food
"
inform,"i dont care
"
inform,"i need a place in the centre of town that serves mexican food
"
inform,"in the centre of town
"
inform,"asian oriental food in the centre
"
inform,"restaurant
"
inform,"irish food
"
inform,"uh restaurant in the west part of town
"
inform,"restaurant in the west part of town serving barbecue
"
inform,"barbecue food
"
inform,"thai food
"
inform,"barbecue food
"
inform,"thai food
"
inform,"thai food
"
inform,"im looking for polynesian food
"
inform,"north
"
inform,"asian oriental
"
inform,"breath im looking for a restaurant in the east part of tow
"
inform,"cheap
"
inform,"moderate
"
inform,"high priced
"
inform,"expensive noise
"
inform,"uh is there a steak house
"
inform,"cheap restaurant
"
inform,"noise im looking for a moderately priced restaurant
"
inform,"in the north part of town
"
inform,"id like a restaurant in south part of town that serves japanese
"
inform,"i dont care
"
inform,"japanese
"
inform,"traditional
"
inform,"italian food
"
inform,"south
"
inform,"sea food
"
inform,"cheap
"
inform,"portuguese
"
inform,"im looking for a cheap restaurant that serves gastropub food
"
inform,"gastropub
"
inform,"gastropub
"
inform,"find a restaurant serving cuban food
"
inform,"north
"
inform,"asian oriental food
"
inform,"price does not matter
"
inform,"moderate
"
inform,"swedish food
"
inform,"indian
"
inform,"moderately priced french food
"
inform,"french
"
inform,"any price range
"
inform,"any
"
inform,"any price range
"
inform,"expensive
"
inform,"im looking for a cheap restaurant
"
inform,"uh north
"
inform,"north
"
inform,"halal food
"
inform,"afghan food
"
inform,"korean food
"
inform,"moderately priced
"
inform,"any
"
inform,"west
"
inform,"i would like to find a restaurant in the west part of town
"
inform,"north
"
inform,"north
"
inform,"moderate
"
inform,"chinese food please
"
inform,"cheap
"
inform,"italian
"
inform,"thai
"
inform,"i would like to find an expensive restaurant in the south part
"
inform,"any type of food is okay
"
inform,"id like a international restaurant in the north part of town
"
inform,"cheap restaurant barbecue food
"
inform,"barbecue
"
inform,"mediterranean
"
inform,"looking for a cheap restaurant in the west part of town
"
inform,"a want a cheap restaurant in the north part of town
"
inform,"north
"
inform,"dont care
"
inform,"cheap
"
inform,"im looking for a cheap restaurant serving international food
"
inform,"dont care
"
inform,"a vietnamese
"
inform,"vietnamese food
"
inform,"vietnamese food
"
inform,"vietnamese food
"
inform,"vietnamese food
"
inform,"moderately priced
"
inform,"south
"
inform,"south part of town
"
inform,"french food
"
inform,"cheap restaurant serving chinese food
"
inform,"cheap restaurant
"
inform,"north
"
inform,"im looking for a restaurant serving romanian food
"
inform,"a restaurant in any area
"
inform,"looking for a restaurant in the north part of town
"
inform,"polynesian food
"
inform,"indian
"
inform,"that doesnt matter
"
inform,"south part of town
"
inform,"belgian food
"
inform,"that serves turkish food
"
inform,"i would like to find a cheap restaurant
"
inform,"i wanna find a moderately priced restaurant in the east part of t
"
inform,"cheap restaurant
"
inform,"i want an expensive restaurant that serves african food
"
inform,"im looking for a moderately priced restaurant in the north
"
inform,"the north part of town
"
inform,"cheap restaurant in the south part of town
"
inform,"cheap restaurant
"
inform,"any
"
inform,"south
"
inform,"a moderately priced restaurant
"
inform,"it has to serve unusual
"
inform,"restaurant in any area thats
"
inform,"any
"
inform,"id like a cheap italian restaurant
"
inform,"any part of town
"
inform,"swiss food
"
inform,"mediterranean food
"
inform,"south part of town
"
inform,"expensive restaurants
"
inform,"north american food
"
inform,"i am looking for a cheap restaurant in the west part of town
"
inform,"can i get a moderately priced restaurant in the north
"
inform,"breath id like a cheap restaurant in the south part of town
"
inform,"can i have a cheap restaurant in the west part of town
"
inform,"looking for a moderately priced restaurant
"
inform,"any
"
inform,"west
"
inform,"im looking for a restaurant in the west part of town serving
"
inform,"polish food
"
inform,"what about indian foods
"
inform,"south part of town
"
inform,"dont care
"
inform,"thai food
"
inform,"the south part of town
"
inform,"european food expensive restaurant
"
inform,"any kind of food
"
inform,"im looking for world food
"
inform,"im looking for an expensive restaurant and it should be in the south part of town
"
inform,"i dont care
"
inform,"looking for a restaurant in the west part of town
"
inform,"thai food
"
inform,"im looking for thai food
"
inform,"moderately priced
"
inform,"doesnt matter
"
inform,"north part
"
inform,"i dont care
"
inform,"im looking for a cheap restaurant in south part of
"
inform,"im looking for a cheap restaurant in the south part of town
"
inform,"scottish food
"
inform,"scottish food
"
inform,"korean food
"
inform,"i want a moderately priced chinese restaurant
"
inform,"north part of town turkish food
"
inform,"italian food
"
inform,"any part
"
inform,"cheap
"
inform,"expensive
"
inform,"centre
"
inform,"unusual
"
inform,"north
"
inform,"south
"
inform,"west
"
inform,"mediterranean
"
inform,"moderate
"
inform,"city centre
"
inform,"expensive
"
inform,"im looking for a restaurant in the north part of town serving
"
inform,"eartrain
"
inform,"eartrain
"
inform,"earatrain
"
inform,"asian food in the north part of town
"
inform,"asian
"
inform,"asian food
"
inform,"asian food
"
inform,"what about asian food
"
inform,"kosher for in the central
"
inform,"korean food
"
inform,"i am looking for a modern european food
"
inform,"i dont care
"
inform,"expensive
"
inform,"im looking for barbecue food
"
inform,"do you have vietnamese food
"
inform,"cheap
"
inform,"im looking for a restaurant serving venetian food
"
inform,"im looking for a restaurant serving unintelligible
"
inform,"im looking for a restaurant serving asian oriental
"
inform,"i dont care about the price range
"
inform,"im looking for a cheap restaurant that serves jamaican food
"
inform,"what about mediterranean food
"
inform,"cheap restaurant
"
inform,"any
"
inform,"tuscan
"
inform,"italian food
"
inform,"looking for a restaurant that serves portuguese food
"
inform,"i dont care about the price range
"
inform,"expensive
"
inform,"dont care
"
inform,"um world food
"
inform,"italian
"
inform,"thai food
"
inform,"i would like a cheap restaurant in the west part of town
"
inform,"im looking for mexican food
"
inform,"breath unusual food
"
inform,"i dont care
"
inform,"i want to find an expensive restaurant that serves unusual food
"
inform,"there korean food
"
inform,"i want to find an expensive restaurant that serves korean food
"
inform,"i want to find an expensive restaurant that serves korean food
"
inform,"korean
"
inform,"food
"
inform,"is there staurant that serves unusual food
"
inform,"ringing i need a moderately priced restaurant
"
inform,"in the east part of town
"
inform,"anything
"
inform,"moderate
"
inform,"i want to find a restaurant
"
inform,"it doesnt matter i need the north part of town
"
inform,"in the north part of town
"
inform,"italian
"
inform,"is there one serving european type food
"
inform,"i dont care
"
inform,"i dont care
"
inform,"im looking for something in the center of town
"
inform,"something in the north part of town serving chinese food
"
inform,"any price range
"
inform,"whats a cheap restaurant in the west
"
inform,"cheap
"
inform,"restaurant
"
inform,"thai food
"
inform,"thai food
"
inform,"west
"
inform,"any
"
inform,"any
"
inform,"moderate
"
inform,"expensive
"
inform,"expensive
"
inform,"gastropub food
"
inform,"south
"
inform,"south
"
inform,"north
"
inform,"cheap restaurant
"
inform,"west part of town
"
inform,"i dont care
"
inform,"christmas food
"
inform,"christmas food
"
inform,"christmas
"
inform,"i dont care
"
inform,"peking restaurant
"
inform,"brazilian food
"
inform,"brazilian food
"
inform,"dont care
"
inform,"dont care
"
inform,"brazilian food
"
inform,"korean type food
"
inform,"im looking for a moderately priced restaurant serving spanish food
"
inform,"noise im looking for a restaurant serving vegetarian food
"
inform,"vegetarian food
"
inform,"im looking for a restaurant serving vegetarian food
"
inform,"if there is no such venue how about vietnamese type of food
"
inform,"im loooking for a restaurant serving vietnamese type of food
"
inform,"im looking for a restaurant that serves turkish food
"
inform,"i dont care
"
inform,"i dont care
"
inform,"im looking for an expensive restaurant
"
inform,"um anything else
"
inform,"i need a restaurant that serves canape
"
inform,"i need a restaurant that serves canape
"
inform,"i need a restaurant that serves canape
"
inform,"any
"
inform,"i dont care
"
inform,"cheap
"
inform,"cheap
"
inform,"cheap
"
inform,"north
"
inform,"cheap
"
inform,"cheap
"
inform,"cheap
"
inform,"doesnt matter
"
inform,"cheap restaurant
"
inform,"welsh food
"
inform,"welsh food
"
inform,"asian oriental
"
inform,"north
"
inform,"cheap
"
inform,"im looking for a cheap restaurant in the west part of town
"
inform,"im looking for french food
"
inform,"ah im looking for a restaurant in the center serving french food
"
inform,"cuban
"
inform,"cuban
"
inform,"food
"
inform,"cuban restauran
"
inform,"again i do not care
"
inform,"a restaurant that serves
"
inform,"a cuban restaurant cuban restaurant
"
inform,"serving cuban food
"
inform,"asian oriental
"
inform,"mediterranean
"
inform,"are there mediterranean restaurants in the center of town
"
inform,"are there mediterranean restaurants in the center of town
"
inform,"im looking for a moderately priced restaurant serving world food
"
inform,"im looking for asian oriental type food
"
inform,"id like a restaurant in the south part of town
"
inform,"im looking for polynesian food
"
inform,"um then im looking for european food
"
inform,"any price range
"
inform,"im looking for a restaurant in the south part of town serve international food
"
inform,"sea food
"
inform,"expensive
"
inform,"expensive
"
inform,"british food
"
inform,"moderately priced
"
inform,"i dont care
"
inform,"im looking for something moderate
"
inform,"in the south side
"
inform,"the south side
"
inform,"the south side
"
inform,"south
"
inform,"south
"
inform,"can i find a moderately priced restaurant
"
inform,"im looking for something moderately priced
"
inform,"moderately priced
"
inform,"west part of town
"
inform,"any
"
inform,"i want a moderately priced restaurant in the south part of town
"
inform,"south
"
inform,"noise im looking for moderately priced in the north part of cleveland ohio
"
inform,"i want a restaurant in the west part of town serving australian food
"
inform,"italian food
"
inform,"italian
"
inform,"doesnt matter
"
inform,"moderate
"
inform,"indian
"
inform,"any part
"
inform,"british
"
inform,"im looking for a british restaurant
"
inform,"cheap
"
inform,"i dont care
"
inform,"the south part of town
"
inform,"moderately priced
"
inform,"eritrean
"
inform,"what about a restaurant serving chinese food
"
inform,"what about a restaurant serving chinese food
"
inform,"id like to find a restaurant in the west part of town that serves christmas food
"
inform,"italian food
"
inform,"i dont care
"
inform,"im looking for a cheap restaurant
"
inform,"swedish
"
inform,"asian oriental
"
inform,"i dont care
"
inform,"cheap
"
inform,"im looking for a cheap chinese restaurant
"
inform,"a cheap
"
inform,"chinese restaurant
"
inform,"any part of town
"
inform,"find me italian food
"
inform,"id like italian food
"
inform,"uh im looking for a cheap restaurant in the north part of town
"
inform,"um it doesnt matter
"
inform,"doesnt matter
"
inform,"south
"
inform,"moderate
"
inform,"im looking for a cheap restaurant
"
inform,"um swedish food
"
inform,"im looking for a moderately priced restaurant that serves sea food
"
inform,"sea food
"
inform,"moderate
"
inform,"any
"
inform,"i dont care
"
inform,"kosher
"
inform,"kosher
"
inform,"i dont care
"
inform,"i dont care
"
inform,"moderate
"
inform,"looking for a restaurant that serves corsica food in any area
"
inform,"food
"
inform,"dont care
"
inform,"dont care
"
inform,"im looking for a restaurant in the west part of town
"
inform,"spanish food
"
inform,"i want to find a restaurant moderately priced in the south part of town
"
inform,"um cheap
"
inform,"um british
"
inform,"uh just pick a restaurant
"
inform,"im looking for a cheap restaurant in the west part of town
"
inform,"uh i need one in the cheap price range
"
inform,"im looking for belgian food in the south part of town
"
inform,"indian food
"
inform,"i dont care
"
inform,"vietnamese food
"
inform,"i dont care
"
inform,"id like to find a restaurant serving crossover food
"
inform,"vietnamese
"
inform,"restaurant that serves korean food
"
inform,"korean
"
inform,"asian oriental food
"
inform,"i dont care
"
inform,"i dont care
"
inform,"looking for a restaurant in the south part of town
"
inform,"eritrean food
"
inform,"expensive
"
inform,"doesnt matter
"
inform,"dont care
"
inform,"italian
"
inform,"italian
"
inform,"italian
"
inform,"south
"
inform,"south
"
inform,"south town
"
inform,"south town
"
inform,"moderate
"
inform,"moderate
"
inform,"i would like mexican food
"
inform,"im looking for a cheap restaurant in the west part of town
"
inform,"i want to find a cheap restaurant in the south part of town
"
inform,"i want to find a cheap restaurant
"
inform,"i want to find a cheap restaurant
"
inform,"can i have a cheap restaurant
"
inform,"i want to find a cheap
"
inform,"cheap
"
inform,"c h e a p cheap
"
inform,"i want to find a cheap restaurant
"
inform,"i want to find a cheap restaurant
"
inform,"cheap
"
inform,"ok i want to find a restaurant in the south part of town
"
inform,"a restaurant in the south part of town
"
inform,"a cheap
"
inform,"a cheap
"
inform,"a cheap restaurant in the south part of town
"
inform,"a moderately priced restaurant
"
inform,"north part of town please
"
inform,"expensive restaurant east part of town
"
inform,"any any type
"
inform,"moderately priced in the south part of town
"
inform,"moderately priced
"
inform,"any
"
inform,"any
"
inform,"any price range
"
inform,"any price range
"
inform,"middle
"
inform,"french food
"
inform,"any
"
inform,"any
"
inform,"any part
"
inform,"expensive
"
inform,"christmas food
"
inform,"asian oriental
"
inform,"north
"
inform,"north
"
inform,"im looking for a restaurant in the north part of town that serves caribbean food
"
inform,"asian oriental
"
inform,"im looking for a restaurant in the north part of town that serves asian oriental food
"
inform,"asian oriental
"
inform,"asian oriental
"
inform,"restaurant with corsica food
"
inform,"gastro
"
inform,"gastropub food
"
inform,"ah any
"
inform,"any
"
inform,"i want to find a moderately priced restaurant in the west part town
"
inform,"moderately priced
"
inform,"moderately priced
"
inform,"moderate
"
inform,"moderate
"
inform,"is a restaurant in the west part of town that serves
"
inform,"thai food
"
inform,"thai food
"
inform,"thai food
"
inform,"thai food
"
inform,"thai
"
inform,"food
"
inform,"thai food
"
inform,"west part of town
"
inform,"west
"
inform,"moderate price
"
inform,"west part of town
"
inform,"west part of town
"
inform,"restaurant in the west part of town
"
inform,"moderate
"
inform,"moderate
"
inform,"moderate
"
inform,"moderate moderate moderate moderate
"
inform,"moderate
"
inform,"west
"
inform,"west
"
inform,"west part of town
"
inform,"indian food
"
inform,"indian
"
inform,"indian
"
inform,"uh gastropub
"
inform,"uh expensive
"
inform,"center
"
inform,"cheap restaurant in the west part of town
"
inform,"gastropub
"
inform,"italian
"
inform,"italian
"
inform,"im looking for a turkish restaurant in the east part of town
"
inform,"cheap restaurant
"
inform,"any
"
inform,"im looking for a cheap restaurant in the west part of town
"
inform,"i dont care
"
inform,"moderately priced
"
inform,"south
"
inform,"south
"
inform,"moderately priced
"
inform,"chinese
"
inform,"indonesian food east part of town
"
inform,"indian food
"
inform,"indian
"
inform,"any
"
inform,"moderately
"
inform,"any
"
inform,"moderately
"
inform,"moderate
"
inform,"breath i want a cheap restaura
"
inform,"south part of town
"
inform,"i dont care
"
inform,"im looking for a place that serves mexican food
"
inform,"im looking for a place that serves mexican food
"
inform,"im looking for a cheap restaurant in the south part of town
"
inform,"any
"
inform,"doesnt matter
"
inform,"anything
"
inform,"modern european food
"
inform,"im looking for a restaurant in the east part of town
"
inform,"chinese food thats moderately priced
"
inform,"moderate
"
inform,"looking for a restaurant in the north part of town and it should serve korean food
"
inform,"korean
"
inform,"irish food in the south part of town
"
inform,"irish food
"
inform,"irish
"
inform,"i need a restaurant in the north part of town that serves lebanese food
"
inform,"i dont care
"
inform,"i need lebanese food
"
inform,"greek restaurant north of town
"
inform,"indian food
"
inform,"uh low price range
"
inform,"moderate
"
inform,"hungarian
"
inform,"hungarian
"
inform,"indian
"
inform,"indian
"
inform,"i need a restaurant in the east part of town
"
inform,"moderate
"
inform,"any
"
inform,"the north part
"
inform,"moderate
"
inform,"i dont care
"
inform,"north
"
inform,"moderate
"
inform,"restaurant in west part of town
"
inform,"vietnamese food
"
inform,"vietnamese food
"
inform,"restaurant in west part of town
"
inform,"vietnamese food
"
inform,"vietnamese food
"
inform,"vietnamese food
"
inform,"i dont care
"
inform,"looking for a moderately priced restaurant that serves british food
"
inform,"moderate
"
inform,"i dont care
"
inform,"moderate
"
inform,"vietnamese food
"
inform,"vietnamese food
"
inform,"cheap list
"
inform,"doesnt matter west part of town
"
inform,"serving christmas food
"
inform,"british food
"
inform,"british
"
inform,"i am looking for an expensive restaurant in the south part of town
"
inform,"any type of food
"
inform,"cheap
"
inform,"any kind in the east part of town
"
inform,"looking for a restaurant in the east part of town
"
inform,"australian
"
inform,"what about indian foods
"
inform,"i dont care
"
inform,"italian
"
inform,"restaurant there
"
inform,"a restaurant in the west part of town
"
inform,"spanish food
"
inform,"spanish food any area
"
inform,"spanish food any area
"
inform,"any area
"
inform,"any price range
"
inform,"polish food
"
inform,"modern european food
"
inform,"modern european food
"
inform,"any area
"
inform,"i dont care
"
inform,"i dont care
"
inform,"im looking for a cheap restaurant serving mediterranean food
"
inform,"i want to find a restaurant in the west part of town
"
inform,"moroccan
"
inform,"moderate
"
inform,"im looking for a moderately priced restaurant that serves labenese food
"
inform,"i want cantonese food
"
inform,"vietnamese food
"
inform,"any price range
"
inform,"vietnamese food
"
inform,"indian food
"
inform,"moderate
"
inform,"dont care
"
inform,"doesnt matter
"
inform,"doesnt matter
"
inform,"south
"
inform,"south
"
inform,"dont care
"
inform,"cheap cheap restaurant
"
inform,"dont care
"
inform,"west
"
inform,"west
"
inform,"west
"
inform,"west
"
inform,"dont care
"
inform,"im looking for a restaurant in the center and it should serve swedish food
"
inform,"dont care
"
inform,"i dont care
"
inform,"swedish food
"
inform,"swedish food
"
inform,"center part of town
"
inform,"modern european food
"
inform,"catalan food
"
inform,"a restaurant in the center
"
inform,"a restaurant in the center
"
inform,"italian food in the center
"
inform,"italian food in the center
"
inform,"im looking for a restaurant in the center part of town
"
inform,"belgium food
"
inform,"asian oriental
"
inform,"asian oriental
"
inform,"any
"
inform,"i dont care
"
inform,"im looking for a restaurant in the east part of town that serves spanish food
"
inform,"spanish
"
inform,"spanish food
"
inform,"spanish
"
inform,"moderately priced restaurant in the south part of town
"
inform,"i dont care
"
inform,"a cheap restaurant serving caribbean food
"
inform,"spanish food
"
inform,"spanish food
"
inform,"spanish food
"
inform,"spanish food
"
inform,"i dont care
"
inform,"italian food
"
inform,"spanish
"
inform,"spanish food
"
inform,"doesnt matter
"
inform,"any part
"
inform,"any range
"
inform,"moderate
"
inform,"vegitarian
"
inform,"asian oriental
"
inform,"asian oriental
"
inform,"the west
"
inform,"the west
"
inform,"asian oriental
"
inform,"any
"
inform,"any
"
inform,"expensive
"
inform,"australian food
"
inform,"any area
"
inform,"any price range
"
inform,"scandinavian food
"
inform,"scandinavian food
"
inform,"asian
"
inform,"asian
"
inform,"asian
"
inform,"asian
"
inform,"south
"
inform,"south
"
inform,"expensive
"
inform,"i want an expensive restaurant in the south part of town
"
inform,"any
"
inform,"expensive
"
inform,"expensive
"
inform,"doesnt matter
"
inform,"the food
"
inform,"im looking for cheap polynesian food
"
inform,"mediterranean food
"
inform,"moderately priced restaurant
"
inform,"in the north part of town
"
inform,"any
"
inform,"noise cheap restaurant
"
inform,"doesnt matter
"
inform,"south
"
inform,"south
"
inform,"south
"
inform,"cheap
"
inform,"i wanted an expensive restaurant
"
inform,"the south part of town
"
inform,"im looking for a restaurant in the center of town that serves russian food
"
inform,"korean food
"
inform,"korean food
"
inform,"i need a cheap restaurant serving eritrean food
"
inform,"eritrean food
"
inform,"eritrean food
"
inform,"im looking for eritrean food
"
inform,"im looking for eritrean food
"
inform,"im looking for eritrean food
"
inform,"im looking for eritrean food
"
inform,"eritrean food
"
inform,"italian food
"
inform,"dont care
"
inform,"asian oriental
"
inform,"looking for a restaurant that serves spanish food
"
inform,"i dont care
"
inform,"i dont care
"
inform,"cheap restaurant in the south part of town
"
inform,"im looking for a restaurant in the center of town
"
inform,"i dont care
"
inform,"i want a restaurant in the center
"
inform,"singaporean
"
inform,"i want singaporean food
"
inform,"in the center
"
inform,"i want to find a cheap restaurant that serve
"
inform,"swedish food
"
inform,"indian type food
"
inform,"any part of town
"
inform,"moderately priced restaurant in
"
inform,"any
"
inform,"aristrain food
"
inform,"aristrain food
"
inform,"asian oriental
"
inform,"any area
"
inform,"asian oriental
"
inform,"any
"
inform,"cheap
"
inform,"can i find something in the south side
"
inform,"anything cheap
"
inform,"doesnt matter
"
inform,"im looking for a restaurant in the center part of town that serves creative food
"
inform,"in the center part of town
"
inform,"looking for a restaurant in the center that sales creative food
"
inform,"mediterranean
"
inform,"im looking for a restaurant in the center of town that serves mediterranean
"
inform,"moderate
"
inform,"cheap
"
inform,"cheap
"
inform,"dont care
"
inform,"i am looking for a cheap restaurant in the north part of town
"
inform,"cheap
"
inform,"cheap price range
"
inform,"north
"
inform,"north
"
inform,"cheap price range
"
inform,"i dont care
"
inform,"i would like to find an expensive restaurant that serves japanese food
"
inform,"expensive
"
inform,"the expensive price range
"
inform,"the expensive
"
inform,"anything
"
inform,"any kind of food
"
inform,"i want a restaurant in the center and it should serve european food
"
inform,"moderate
"
inform,"im looking for a restaurant in the east part of town serving swiss food
"
inform,"im looking for a restaurant in the east part of town serving chinese food
"
inform,"chinese
"
inform,"im looking for a restaurant serving chinese food
"
inform,"im looking for a restaurant in the east part of town serving chinese food
"
inform,"moderately priced restaurant
"
inform,"in the east part of town
"
inform,"i would like international food please
"
inform,"cheap restaurant
"
inform,"cheap price range
"
inform,"cheap price range
"
inform,"cheap price range
"
inform,"cheap
"
inform,"cheap
"
inform,"any type of food
"
inform,"west
"
inform,"west
"
inform,"west
"
inform,"fucking west
"
inform,"west
"
inform,"west
"
inform,"british food
"
inform,"tuscan
"
inform,"any
"
inform,"moderately
"
inform,"moderate
"
inform,"i dont care
"
inform,"expensive
"
inform,"i need a restaurant in the east part of town that serves canape food
"
inform,"canape
"
inform,"canape
"
inform,"canapes
"
inform,"canapes
"
inform,"canapes
"
inform,"canapes
"
inform,"canapes
"
inform,"canapes
"
inform,"canapes
"
inform,"canape
"
inform,"indian food
"
inform,"i dont care
"
inform,"i want a restaurant in the north part of town that serves moroccan food
"
inform,"i want a restaurant in the north part of town that serves french food
"
inform,"i want a restaurant in the north part of town that serves french food
"
inform,"center
"
inform,"vietnamese food
"
inform,"vietnamese
"
inform,"center
"
inform,"turkish food
"
inform,"cheap
"
inform,"cheap
"
inform,"cheap price range
"
inform,"expensive
"
inform,"vietnamese vietnamese food
"
inform,"im looking for a moderately priced restaurant in the east part of town
"
inform,"i dont care
"
inform,"im looking for an expensive restaurant and it should serve malaysian food
"
inform,"korean food
"
inform,"portuguese food noise
"
inform,"noise any area
"
inform,"any price range
"
inform,"gastropub
"
inform,"dont care
"
inform,"expensive
"
inform,"im looking for a italian restaurant in east part of town
"
inform,"im looking for a restaurant that serves singaporean food
"
inform,"gastropub
"
inform,"any
"
inform,"any
"
inform,"restaurant
"
inform,"chineese
"
inform,"chineese
"
inform,"chineese
"
inform,"moderate
"
inform,"im looking for a turkish food restaurant
"
inform,"id like an expensive restaurant in the east part of town
"
inform,"asian
"
inform,"i would like to find a moderately priced restaurant and it should serve greek food
"
inform,"im looking for a restaurant that serves chinese food
"
inform,"i need a moderately priced restaurant
"
inform,"im looking for a cheap restaurant in the west part of town
"
inform,"i dont care
"
inform,"hungarian food
"
inform,"hungarian
"
inform,"hungarian
"
inform,"hungarian food
"
inform,"hungarian food
"
inform,"im looking for a hungarian restaurant
"
inform,"british
"
inform,"british feed
"
inform,"it doesnt matter hungarian food
"
inform,"i am looking for hungarian food
"
inform,"food
"
inform,"hungarian food
"
inform,"hungarian food
"
inform,"im looking for traditional food
"
inform,"korean food
"
inform,"is there any place that serves italian food
"
inform,"id like a moderately priced restaurant
"
inform,"in the east part of
"
inform,"it doesnt matter salad
"
inform,"west
"
inform,"moderately priced
"
inform,"i dont care
"
inform,"west part of town moderately priced
"
inform,"im looking for a cheap restaurant in the south part of town
"
inform,"i want a cheap restaurant in the south part of town
"
inform,"i dont care
"
inform,"i need a restaurant in any area with swedish food
"
inform,"im looking for a restaurant that serves gastropub food
"
inform,"i dont care
"
inform,"i dont care
"
inform,"catalan food
"
inform,"catalan food expensive
"
inform,"dont care
"
inform,"asian oriental
"
inform,"uh mediterranean food
"
inform,"uh doesnt matter
"
inform,"uh center
"
inform,"uh expensive
"
inform,"moderately priced
"
inform,"dont care
"
inform,"im looking for a moderately priced restaurant in the south part of town
"
inform,"i dont care
"
inform,"im looking for a romanian restaurant
"
inform,"well what about chinese food
"
inform,"im kind of looking for some french food
"
inform,"any area is fine with me
"
inform,"i dont care
"
inform,"i dont care
"
inform,"im looking for russian food
"
inform,"i dont care
"
inform,"i dont care
"
inform,"restaurant west part of town japanese food
"
inform,"japanese
"
inform,"west part of town
"
inform,"italian food in the west part of town
"
inform,"italian food west part of town
"
inform,"singaporean food
"
inform,"i would like singaporean food
"
inform,"danish
"
inform,"i dont know
"
inform,"cough im looking for expensive danish food
"
inform,"thai food
"
inform,"breath do you have danish restaurants
"
inform,"breath can you find me danish restaurant
"
inform,"thai
"
inform,"thai food
"
inform,"i want thai food
"
inform,"i want a restaurant
"
inform,"i want a restaurant in the north part of town that serves swiss food
"
inform,"indian food
"
inform,"moderate
"
inform,"im looking an expensive dr expensive restaurant that serves canapes food
"
inform,"food
"
inform,"is there one that serves asian oriental food
"
inform,"im looking for one that serves asian oriental food
"
inform,"any area
"
inform,"i need a restaurant in the north part of town
"
inform,"i dont care
"
inform,"moderate
"
inform,"any restaurant that serves moroccan food
"
inform,"any restaurant that serves asian oriental food
"
inform,"asian oriental
"
inform,"doesnt matter
"
inform,"i dont care
"
inform,"cheap
"
inform,"moderate
"
inform,"any
"
inform,"south
"
inform,"south
"
inform,"moderate
"
inform,"i want a moderately priced restaurant in the north part of town
"
inform,"any
"
inform,"im looking for a expensive restaurant that serves vegetarian food
"
inform,"cheap price range
"
inform,"west part of town
"
inform,"dont care
"
inform,"moderately priced
"
inform,"cheap restaurant in the east part of town
"
inform,"moderately priced
"
inform,"asian oriental
"
inform,"i need a restaurant in the moderate price range
"
inform,"in the north part of town
"
inform,"id like a moderately priced restaurant in the south part of town
"
inform,"cheap
"
inform,"north
"
inform,"italian
"
inform,"im looking for an expensive restaurant that serves vietnamese food
"
inform,"vietnamese food in any price range
"
inform,"spanish food
"
inform,"spanish
"
inform,"spanish
"
inform,"center of town
"
inform,"center
"
inform,"mexican food
"
inform,"spanish food
"
inform,"spanish food
"
inform,"im looking for an expensive restaurant
"
inform,"sells english food
"
inform,"im looking for an expensive restaurant
"
inform,"are there any turkish restaurants at all
"
inform,"i need to know if there are any restaurants serving turkish food
"
inform,"i want to find a restaurant in the west part of town that serves english food
"
inform,"vietnamese type of food
"
inform,"i dont care
"
inform,"i want to find a restaurant in the west part of town that serves vietnamese food
"
inform,"i dont care
"
inform,"japanese
"
inform,"indian food
"
inform,"portuguese
"
inform,"irish food
"
inform,"irish
"
inform,"can i have irish food
"
inform,"what about irish food
"
inform,"im looking for a restaurant that serves traditional food
"
inform,"dont care
"
inform,"cheap
"
inform,"in the east part of town
"
inform,"it does not matter
"
inform,"it does not matter
"
inform,"it does not matter
"
inform,"i dont care
"
inform,"anything
"
inform,"any
"
inform,"any type of food
"
inform,"eritrean food
"
inform,"eritrean
"
inform,"i dont care
"
inform,"eritrean
"
inform,"eritrean
"
inform,"okay uh spanish food
"
inform,"spanish food
"
inform,"im looking for spanish food
"
inform,"i dont care
"
inform,"mediterranean food
"
inform,"a restaurant
"
inform,"spanish food
"
inform,"spanish food
"
inform,"spanish food
"
inform,"restaurant serving spanish food
"
inform,"spanish food
"
inform,"noise i would like to find a moderately priced restaurant in the south of town
"
inform,"any type of food
"
inform,"im looking for a restaurant in the east part of town and it should serve greek food
"
inform,"indian food
"
inform,"any
"
inform,"im looking for a moderately priced restaurant
"
inform,"doesnt matter
"
inform,"hungarian food
"
inform,"either one
"
inform,"any price range
"
inform,"do you have a place that serves turkish food
"
inform,"any price range
"
inform,"any price range
"
inform,"any price range
"
inform,"looking for a moderately priced restaurant in the east part of town
"
inform,"any kind of food
"
inform,"austrian food in the west part of town
"
inform,"indian food
"
inform,"unintelligible food
"
inform,"indian food in the west part of town
"
inform,"i dont care
"
inform,"expensive
"
inform,"expensive
"
inform,"vietnamese
"
inform,"i would like a moderately priced restaurant serving african food
"
inform,"i wanted moderately priced
"
inform,"im looking for
"
inform,"spanish food
"
inform,"spanish food
"
inform,"i dont care
"
inform,"i dont care
"
inform,"hungarian
"
inform,"indian
"
inform,"russian food
"
inform,"french food
"
inform,"north
"
inform,"portuguese food
"
inform,"portuguese
"
inform,"i dont care
"
inform,"i dont care
"
inform,"moderate
"
inform,"cheap restaurant
"
inform,"moderate price range
"
inform,"uh any
"
inform,"danish food
"
inform,"danish
"
inform,"danish
"
inform,"danish
"
inform,"vietnamese
"
inform,"vietnamese
"
inform,"west part of town
"
inform,"im looking for an expensive restaurant in the east part of town
"
inform,"any
"
inform,"im looking for a cheap restaurant in the west part of town
"
inform,"i dont care
"
inform,"world food
"
inform,"indian food
"
inform,"i dont care
"
inform,"vietnamese in the center part of town
"
inform,"vietnamese
"
inform,"im looking for a moderately priced restaurant in the south part of town
"
inform,"i dont care
"
inform,"mediterranean food
"
inform,"i dont care
"
inform,"i dont care
"
inform,"i dont care
"
inform,"i want an indian food restaurant moderate priced
"
inform,"indian
"
inform,"i need a restaurant that serves turkish food
"
inform,"i dont care
"
inform,"i dont care
"
inform,"catalonia in the east part of town
"
inform,"catalonia food
"
inform,"chinese
"
inform,"canapes
"
inform,"south part of town
"
inform,"expensive
"
inform,"im looking for a restaurant in the west part of town that serves crossover food
"
inform,"i would like an africa restaurant in the center
"
inform,"gastro pub food
"
inform,"gastro pub food
"
inform,"dont care
"
inform,"dont care
"
inform,"moroccan food
"
inform,"doesnt matter
"
inform,"any
"
inform,"expensive
"
inform,"expensive
"
inform,"expensive
"
inform,"cheap
"
inform,"expensive
"
inform,"moderately priced restaurant in the south part of town
"
inform,"i dont care
"
inform,"african food
"
inform,"dont care
"
inform,"looking for a cheap restaurant east part of town
"
inform,"cheap
"
inform,"moderately priced in the south part of town
"
inform,"french food
"
inform,"id like a moderately priced restaurant in the west part of town
"
inform,"i dont care
"
inform,"im looking for a restaurant in the south part of town that serves creative food
"
inform,"i need chinese food
"
inform,"im looking for
"
inform,"a chinese restaurant in the south part of town
"
inform,"i dont care
"
inform,"west part of town cheap
"
inform,"cheap
"
inform,"cheap
"
inform,"cheap
"
inform,"im looking for a cheap restaurant in the south part of town
"
inform,"i would like an expensive restaurant in the south part of town
"
inform,"cheap restaurant
"
inform,"anything
"
inform,"south
"
inform,"a restaurant that serves creative food
"
inform,"west
"
inform,"creative food
"
inform,"italian food west part of town
"
inform,"i dont care
"
inform,"looking for a cheap restaurant in the west part of town
"
inform,"cheap mexican food
"
inform,"italian food
"
inform,"cheap
"
inform,"any area
"
inform,"cheap restaurant
"
inform,"cheap
"
inform,"cheap
"
inform,"food
"
inform,"how about restaurants in the north part of town
"
inform,"any restaurants
"
inform,"any food
"
inform,"inexpensive
"
inform,"inexpensive
"
inform,"moderately priced
"
inform,"cheap
"
inform,"unintelligible restaurant in west part of town
"
inform,"moderately priced
"
inform,"doesnt matter
"
inform,"im looking for a moderately priced restaurant in the north part of town
"
inform,"dont care
"
inform,"im looking for a cheap restaurant in the west part of town
"
inform,"im looking for a restaurant in the north part of town
"
inform,"greek food
"
inform,"indian food
"
inform,"i want a moderately priced restaurant
"
inform,"i want asian oriental food
"
inform,"moderate
"
inform,"cheap restaurant in the south part of town
"
inform,"any
"
inform,"im looking for a moderately priced restaurant that serves greek foo
"
inform,"greek
"
inform,"thats not important
"
inform,"that information does not matter
"
inform,"dont care
"
inform,"greek food in the moderate
"
inform,"i dont care
"
inform,"greek restauran
"
inform,"i dont care
"
inform,"im searching for turkish food
"
inform,"i would like irish food in the north part of town
"
inform,"cheap
"
inform,"cheap price range
"
inform,"cheap price range
"
inform,"crossover restaurant west part of town
"
inform,"crossover
"
inform,"i want a moderately priced restaurant in the north part of town
"
inform,"indian food in the west part of town
"
inform,"indian
"
inform,"i dont care
"
inform,"im looking for a restaurant in the center of town
"
inform,"malaysian
"
inform,"what about mediterranean food
"
inform,"mediterranean food
"
inform,"mediterranean food
"
inform,"center
"
inform,"i dont care
"
inform,"im looking for a cheap restaurant in the west part of town
"
inform,"i dont care
"
inform,"im looking for a restaurant in any area that serves belgian food
"
inform,"im looking for a restaurant that serves gastropub food
"
inform,"i dont care
"
inform,"moderate
"
inform,"anything
"
inform,"i want to find a moderately priced restaurant and it should be in the west part of town
"
inform,"any
"
inform,"south
"
inform,"south
"
inform,"cheap
"
inform,"enlish
"
inform,"mediterranean
"
inform,"mediterranean
"
inform,"german food in the centre of town
"
inform,"center
"
inform,"center of town
"
inform,"korean
"
inform,"korean food
"
inform,"i want a singaporean food restaurant
"
inform,"singapore
"
inform,"i want a singaporean food restaurant in the center
"
inform,"singaporean
"
inform,"italian food
"
inform,"i want an italian restaurant in the center
"
inform,"expensive restaurant breath
"
inform,"dont care
"
inform,"spanish food
"
inform,"asian
"
inform,"asian oriental
"
inform,"i need a moderately priced restaurant in the south part of town
"
inform,"uh italian food
"
inform,"okay uh forget that then can i get a restaurant serving italian food
"
inform,"im looking for an italian restaurant
"
inform,"uh the west part of town
"
inform,"um medium price range
"
inform,"okay international food
"
inform,"dont care
"
inform,"dont care
"
inform,"greek food east part of town
"
inform,"greek
"
inform,"chinese
"
inform,"chinese food east part of town
"
inform,"chinese food east part of town
"
inform,"chinese oriental
"
inform,"moderately priced restaurant
"
inform,"any
"
inform,"any
"
inform,"vietnamese food
"
inform,"modern european food
"
inform,"im looking for a cheap restaurant
"
inform,"world food
"
inform,"portuguese food
"
inform,"portuguese food
"
inform,"i dont care
"
inform,"id like a cheap restaurant in the south part of town
"
inform,"any type of food
"
inform,"cheap
"
inform,"im looking for a restaurant in the south part of town and it should serve scandinavian food
"
inform,"i dont care
"
inform,"unusual
"
inform,"city center
"
inform,"cheap
"
inform,"cheap
"
inform,"cheap
"
inform,"cheap
"
inform,"moderate
"
inform,"i want an expensive restaurant in the east part of town
"
inform,"im looking for a restaurant in the east part of town that serves indonesian food
"
inform,"im looking for an indian restaurant
"
inform,"breath i would like port portuguese food
"
inform,"north
"
inform,"south
"
inform,"west
"
inform,"west
"
inform,"centre
"
inform,"im looking for a moderately priced restaurant
"
inform,"uh im looking for an expensive restaurant in the east part of town
"
inform,"any type of food
"
inform,"im looking for a moderately priced restaurant in the south part of town
"
inform,"modern european food
"
inform,"austria asian food
"
inform,"australia asian food
"
inform,"asian oriental
"
inform,"asian
"
inform,"i would like to find an expensive restaurant in the south part of town
"
inform,"persian restaurant in the north part of town
"
inform,"any
"
inform,"moderate
"
inform,"portugese
"
inform,"any price range
"
inform,"anything
"
inform,"any area
"
inform,"im looking for indian food in the east part of town
"
inform,"i dont care
"
inform,"im looking for bistro food
"
inform,"asian oriental
"
inform,"asian oriental
"
inform,"any
"
inform,"i dont care
"
inform,"moderate
"
inform,"south part of town
"
inform,"im looking for a cheap restaurant in the north of town
"
inform,"i dont care
"
inform,"austallison
"
inform,"austallison
"
inform,"gastropub
"
inform,"any
"
inform,"moderate
"
inform,"moderate
"
inform,"i would like a restaurant in the south part of town
"
inform,"im looking for vegetarian food in any price range
"
inform,"any price range
"
inform,"any area
"
inform,"im looking for a restaurant in the east part of town that serves chinese food
"
inform,"chinese
"
inform,"north american food
"
inform,"cheap restaurant south part of town
"
inform,"cheap
"
inform,"dont care
"
inform,"im looking for a restaurant in the center of town that serves romanian food
"
inform,"thai food
"
inform,"west part of town moderatley price
"
inform,"dont care
"
inform,"west
"
inform,"moderately
"
inform,"im looking for a restaurant in the west part of town
"
inform,"australian
"
inform,"i would like thai food
"
inform,"im looking for a thai restaurant
"
inform,"im looking for a thai restaurant
"
inform,"i want thai food
"
inform,"im looking for thai food
"
inform,"im looking for thai food
"
inform,"i want to find a moderately priced restaurant and it should be in the west part of town
"
inform,"expensive australian restaurant
"
inform,"expensive french restaurant
"
inform,"french
"
inform,"any
"
inform,"im looking for an expensive restaurant in the east part of town
"
inform,"restaurant center serves spanish food
"
inform,"center
"
inform,"restaurant center spanish food
"
inform,"moderate
"
inform,"food
"
inform,"looking for a restaurant in the east part of town
"
inform,"want one that serves international food
"
inform,"i want a restaurant in the center part of town that serves traditional food
"
inform,"i want a turkish restaurant in the center part of town
"
inform,"turkish type food
"
inform,"turkish restaurant
"
inform,"north
"
inform,"moderate price
"
inform,"moderate
"
inform,"moderate
"
inform,"moderate
"
inform,"moderate
"
inform,"moderate
"
inform,"the north part of tow
"
inform,"expensive restaurant serve korean food
"
inform,"korean
"
inform,"italian food
"
inform,"spanish
"
inform,"spanish food
"
inform,"any area
"
inform,"west
"
inform,"west
"
inform,"north
"
inform,"north
"
inform,"west
"
inform,"spanish food in west area
"
inform,"spanish food
"
inform,"spanish food
"
inform,"any
"
inform,"any
"
inform,"cheap
"
inform,"okay well any price range at all
"
inform,"um i need a vietnamese restaurant in any price range
"
inform,"im looking for a restaurant serving vietnamese food
"
inform,"any
"
inform,"cheap restaurant
"
inform,"im looking for a restaurant in the south part of town and it should serve canapes food
"
inform,"canape
"
inform,"um portuguese food
"
inform,"portuguese food
"
inform,"the south part of town
"
inform,"im looking for a cheap restaurant
"
inform,"turkish food
"
inform,"cheap
"
inform,"italian food
"
inform,"italian food
"
inform,"north
"
inform,"looking for a restaurant in the center that serves vegetarian food
"
inform,"asian oriental type of food
"
inform,"i dont care
"
inform,"moderately priced restaurant in the east part of town
"
inform,"i dont care
"
inform,"south
"
inform,"corsica
"
inform,"italian
"
inform,"south
"
inform,"moderate
"
inform,"kosher food
"
inform,"european type food
"
inform,"european type food
"
inform,"any
"
inform,"expensive
"
inform,"cheap
"
inform,"for something moderately priced on the east part of town
"
inform,"i dont care
"
inform,"dont care
"
inform,"expensive restaurant south part of town
"
inform,"expensive
"
inform,"food type
"
inform,"im looking for a cheap restaurant
"
inform,"serve persian food
"
inform,"if theres no persian food about about chinese
"
inform,"i want to find chinese food
"
inform,"i dont care
"
inform,"cantonese
"
inform,"thai
"
inform,"thai food
"
inform,"any area
"
inform,"expensive
"
inform,"restaurant west
"
inform,"afghan food
"
inform,"vietnamese food
"
inform,"vietnamese food
"
inform,"cheap
"
inform,"cheap
"
inform,"south
"
inform,"im looking for a cheap restaurant
"
inform,"id like a restaurant in any area that serves vegetarian food
"
inform,"i dont care
"
inform,"im looking for a restaurant serving unusual food
"
inform,"mediterranean food
"
inform,"any area
"
inform,"can i find an expensive russian food restaurant
"
inform,"russian
"
inform,"russian
"
inform,"can i have a british restaurant
"
inform,"i am looking for a british restaurant
"
inform,"moderate
"
inform,"dont care
"
inform,"north
"
inform,"moderate
"
inform,"expensive
"
inform,"i dont care
"
inform,"south
"
inform,"west part of town
"
inform,"west
"
inform,"im looking for a restaurant in the north part of town
"
inform,"chinese
"
inform,"any price range
"
inform,"any price range
"
inform,"uh im looking for a moderately priced restaurant
"
inform,"any
"
inform,"im looking for cheap food
"
inform,"i dont care in the north part of town
"
inform,"cheap
"
inform,"any
"
inform,"north
"
inform,"cheap
"
inform,"oh i dont care
"
inform,"restaurant with african food
"
inform,"uh gastropub food
"
inform,"any area
"
inform,"can i have moderately priced restaurant in the west part of town
"
inform,"any type of food
"
inform,"how bout european
"
inform,"uh i dont care
"
inform,"i dont care
"
inform,"north creative
"
inform,"chinese food north part of town
"
inform,"i dont care
"
inform,"center
"
inform,"i dont care
"
inform,"i dont care
"
inform,"can i have moderately priced restaurant
"
inform,"the south
"
inform,"the south
"
inform,"the south part of town
"
inform,"i need to find a cheap restaurant
"
inform,"any
"
inform,"south
"
inform,"dont care
"
inform,"dont care
"
inform,"swedish food
"
inform,"swedish
"
inform,"spanish
"
inform,"any area
"
inform,"any
"
inform,"any
"
inform,"north
"
inform,"moderate
"
inform,"i would like one thats moderately priced
"
inform,"moderately priced restaraunt
"
inform,"anything
"
inform,"i want an expensive restaurant
"
inform,"north part of town fast food
"
inform,"asian oriental food
"
inform,"any
"
inform,"any
"
inform,"could i have a moderately priced restaurant that serves thai food please
"
inform,"i dont care
"
inform,"id like thai food please
"
inform,"breath i dont care
"
inform,"i dont care noise
"
inform,"i dont care
"
inform,"uh i dont care
"
inform,"thai food
"
inform,"breath i dont care noise
"
inform,"id like thai food
"
inform,"i dont care
"
inform,"id like a moderately priced restaurant that serves thai food
"
inform,"im looking for a restaurant in the south part of town that serves
"
inform,"vietnamese
"
inform,"im looking for a restaurant in the south part of town and it should serve chinese food
"
inform,"doesnt matter
"
inform,"doesnt matter
"
inform,"i dont care
"
inform,"moderately priced restaurant serves french food
"
inform,"expensive
"
inform,"any
"
inform,"cheap
"
inform,"cheap restaurant
"
inform,"cheap
"
inform,"id like a cheap restaurant in the south part of town
"
inform,"i dont care
"
inform,"chinese
"
inform,"in the east part
"
inform,"im looking for a cheap restaurant in the south part of town
"
inform,"south
"
inform,"cheap
"
inform,"south
"
inform,"cheap
"
inform,"looking for a cheap spanish restaurant
"
inform,"barbecue food
"
inform,"turkish food
"
inform,"i am looking for a restaurant in the center of town serving turkish food
"
inform,"doesnt matter
"
inform,"im looking for a moderately priced restaurant
"
inform,"that should be in the east part of town
"
inform,"italian food
"
inform,"italian food
"
inform,"any
"
inform,"any
"
inform,"cheap
"
inform,"i dont care
"
inform,"south part of town
"
inform,"south part
"
inform,"south
"
inform,"the south part of town
"
inform,"the south part of town
"
inform,"i dont care
"
inform,"expensive
"
inform,"im looking for an expensive restaurant
"
inform,"and it should be in the south part of town
"
inform,"im looking for an expensive restaurant
"
inform,"and it should be in the south part of town
"
inform,"im looking for a restaurant that serves thai food
"
inform,"any part of town
"
inform,"any
"
inform,"moderate
"
inform,"any price range
"
inform,"expensive
"
inform,"im looking for a restaurant in the north part of town that serves traditional food
"
inform,"korean food
"
inform,"korean
"
inform,"im looking for a moderate priced restaurant serving jamaican food
"
inform,"asian oriental type of food
"
inform,"any part of town
"
inform,"japanese
"
inform,"im looking for a restaurant that serves austral austrian food
"
inform,"austrian food
"
inform,"any area
"
inform,"any price range
"
inform,"um moderate
"
inform,"part of town and it serves mediterranean food
"
inform,"south
"
inform,"south
"
inform,"basque
"
inform,"italian
"
inform,"i dont care
"
inform,"north part of town austral asian food
"
inform,"asian oriental
"
inform,"an expensive restaurant in the south part of town
"
inform,"steak house food noise steak house food
"
inform,"french food
"
inform,"north part of town north part of town
"
inform,"need a cheap restaurant
"
inform,"cheap
"
inform,"portuguese food
"
inform,"i dont care
"
inform,"i dont care
"
inform,"unintelligible restaurant
"
inform,"seafood
"
inform,"seafood
"
inform,"seafood
"
inform,"seafood
"
inform,"seafood
"
inform,"seafood
"
inform,"seafood
"
inform,"seafood
"
inform,"seafood
"
inform,"seafood
"
inform,"seafood
"
inform,"food
"
inform,"food
"
inform,"s e a f o o d
"
inform,"seafood
"
inform,"seafood
"
inform,"seafood
"
inform,"im looking for a restaurant in the east part of town
"
inform,"gastropub
"
inform,"breath expensive
"
inform,"indonesian
"
inform,"expensive indonesian
"
inform,"doesnt matter
"
inform,"indonesian
"
inform,"doesnt matter
"
inform,"dont care
"
inform,"indonesian
"
inform,"im looking for a cheap restaurant that serves vietnamese food
"
inform,"i want a french restaurant that serves expensive food
"
inform,"um dont care
"
inform,"i want a cheap restaurant in the south part of town
"
inform,"moderately priced
"
inform,"french
"
inform,"dont care
"
inform,"moderate
"
inform,"moderate
"
inform,"moderate
"
inform,"moderate
"
inform,"moderate
"
inform,"cheap
"
inform,"cheap
"
inform,"moderate
"
inform,"moderate
"
inform,"moderate
"
inform,"moderate
"
inform,"moderate
"
inform,"anything
"
inform,"expensive
"
inform,"south part of town
"
inform,"i want to find a turkish food
"
inform,"i dont care
"
inform,"i dont care
"
inform,"id like an expensive restaurant that serves fusion food
"
inform,"could i have a restaurant that serves asian oriental food
"
inform,"like a restaurant that serves asian oriental
"
inform,"food
"
inform,"i need a restaurant that serves asian oriental food
"
inform,"i need a restaurant that serves
"
inform,"asian food
"
inform,"asian oriental food
"
inform,"moderate priced in the north part of town
"
inform,"i want to find a restaurant in the north part of town that serves italian food
"
inform,"british food
"
inform,"indian food
"
inform,"any
"
inform,"i am looking for an expensive restaurant that serves swedish food
"
inform,"im looking for a korean restaurant
"
inform,"looking for a restaurant in any area that serves irish food
"
inform,"turkish food
"
inform,"turkish food
"
inform,"turkish food
"
inform,"any
"
inform,"doesnt matter
"
inform,"persian
"
inform,"persian
"
inform,"indian
"
inform,"dont care
"
inform,"cheap
"
inform,"expensive
"
inform,"medium priced
"
inform,"moderately priced
"
inform,"christmas food
"
inform,"chinese
"
inform,"chinese
"
inform,"food
"
inform,"moderately priced restaurant
"
inform,"moderately priced
"
inform,"chinese
"
inform,"chinese type of food
"
inform,"moderately priced
"
inform,"barbecue
"
inform,"any asian oriental
"
inform,"north side
"
inform,"i dont care
"
inform,"im looking for eritrean food
"
inform,"im looking for a moderately priced restaurant
"
inform,"any
"
inform,"im looking for a cheap restaurant that serves portuguese food
"
inform,"portuguese
"
inform,"i dont care
"
inform,"can i get a restaurant in the center
"
inform,"asian food
"
inform,"asian food
"
inform,"id like a restaurant that serves asian food
"
inform,"asian food
"
inform,"expensive restaurant south part of town
"
inform,"any
"
inform,"bistro food
"
inform,"i want french
"
inform,"french food any french food
"
inform,"doesnt matter
"
inform,"any area
"
inform,"um doesnt mater
"
inform,"north
"
inform,"north
"
inform,"moderate
"
inform,"center
"
inform,"british
"
inform,"center
"
inform,"any
"
inform,"restaurant in the south part of town serving turkish food
"
inform,"center area
"
inform,"center area
"
inform,"any
"
inform,"south part of town
"
inform,"polynesian food
"
inform,"portuguese
"
inform,"portuguese
"
inform,"i am looking for a moderately priced restaurant that serves russian food
"
inform,"russian food
"
inform,"russian
"
inform,"i am looking for a moderately priced restaurant that serves russian food
"
inform,"russian
"
inform,"food
"
inform,"any part of town
"
inform,"i am looking for a moderately priced restaurant
"
inform,"russian food
"
inform,"russian food
"
inform,"russian food
"
inform,"russian
"
inform,"food
"
inform,"russian
"
inform,"food
"
inform,"russian
"
inform,"russian
"
inform,"i am looking for a restaurant in the moderate price range that serves russian
"
inform,"im looking for an expensive restaurant that serves danish food
"
inform,"expensive
"
inform,"dont care
"
inform,"south
"
inform,"looking for a cheap restaurant in the east part of town
"
inform,"i dont care
"
inform,"i dont care
"
inform,"north
"
inform,"brazilian
"
inform,"indian
"
inform,"indian
"
inform,"any
"
inform,"vietnamese food
"
inform,"vietnamese
"
inform,"vietnamese
"
inform,"vietnamese
"
inform,"vietnamese
"
inform,"vietnamese
"
inform,"looking for a moderately priced restaurant that serves tuscan food
"
inform,"expensive
"
inform,"sea food
"
inform,"sea food
"
inform,"sea food
"
inform,"any
"
inform,"expensive
"
inform,"sea food
"
inform,"sea food
"
inform,"moderate
"
inform,"cheap restaurant
"
inform,"were else food
"
inform,"world
"
inform,"veitnamese
"
inform,"vietnamese
"
inform,"food
"
inform,"vietnamese
"
inform,"vietnamese
"
inform,"vietnamese
"
inform,"vietnam
"
inform,"vietnam
"
inform,"vietnamese
"
inform,"vietnamese
"
inform,"vietnamese
"
inform,"looking for a cuban food restaurant
"
inform,"dont care
"
inform,"moderately priced
"
inform,"indian indian food in the east part of town
"
inform,"indian indian food in the east part of town
"
inform,"dont care
"
inform,"find spanish restaurant
"
inform,"doesnt matter
"
inform,"doesnt matter
"
inform,"any
"
inform,"i want an indonesian restaurant in the north part of town
"
inform,"indonesian
"
inform,"asian
"
inform,"asian restaurant
"
inform,"asian restaurant
"
inform,"i need a restaurant serving asian oriental in the north part of town
"
inform,"indian
"
inform,"doesnt matter
"
inform,"dont care
"
inform,"i want to find a cheap restaurant and it should serve portuguese food
"
inform,"any
"
inform,"i need to find an expensive restaurant in the south park of town
"
inform,"um chinese food
"
inform,"cheap restaurant
"
inform,"south part of town
"
inform,"south
"
inform,"is there any serving spanish food
"
inform,"i dont care
"
inform,"i am looking for a restaurant in any area and it should serve barbecue food
"
inform,"breath i am looking for a venue that serves gastropub food
"
inform,"gastropub
"
inform,"gastropub type of food
"
inform,"that serves gastropub
"
inform,"do not care
"
inform,"i dont care
"
inform,"im looking for halal food
"
inform,"im looking for turkish food
"
inform,"i dont care
"
inform,"i dont care
"
inform,"singaporean
"
inform,"singapore
"
inform,"singaporean food
"
inform,"any
"
inform,"singapore
"
inform,"dont care
"
inform,"dont care
"
inform,"singapore
"
inform,"i would like a restaurant in the west part of town that serves russian food
"
inform,"russian food
"
inform,"russian food
"
inform,"russian food
"
inform,"italian food
"
inform,"italian food
"
inform,"moderate
"
inform,"im looking for a restaurant in the center that serves bistro food
"
inform,"bistro food
"
inform,"north american food
"
inform,"belgian food
"
inform,"asian oriental
"
inform,"dont care
"
inform,"uh im looking for a cheap restaurant
"
inform,"uh it does i dont care
"
inform,"west
"
inform,"west part of town
"
inform,"id like an expensive restaurant in the south part of town
"
inform,"any type of food
"
inform,"any price range
"
inform,"any price range
"
inform,"im looking for a restaurant in the south part of town that serves european food
"
inform,"what about the center area
"
inform,"center area
"
inform,"center
"
inform,"i dont care the center part of town
"
inform,"i dont care
"
inform,"i dont care
"
inform,"i dont care
"
inform,"cheap
"
inform,"malaysian restaurant
"
inform,"malaysian food
"
inform,"french food
"
inform,"dont care
"
inform,"dont care
"
inform,"south
"
inform,"moderate
"
inform,"portuguese
"
inform,"portuguese food
"
inform,"i dont care
"
inform,"any
"
inform,"i want a moderately priced restaurant in the south part of town
"
inform,"jamaican food
"
inform,"i want a modern european food
"
inform,"i dont care
"
inform,"i dont care
"
inform,"moderate
"
inform,"cheap
"
inform,"can i have a restaurant in the center with spanish food
"
inform,"i dont care
"
inform,"i want to find a moderately priced restaurant serving spanish food
"
inform,"find cheap restaurant
"
inform,"christmas food
"
inform,"asian oriental food
"
inform,"asian oriental food
"
inform,"doesnt matter
"
inform,"doesnt matter
"
inform,"i dont care
"
inform,"looking for a cheap restaurant and it should be in the west part of town
"
inform,"doesnt matter
"
inform,"moderate
"
inform,"polynesian food
"
inform,"polynesian food
"
inform,"polynesian food
"
inform,"gastro pub
"
inform,"gastro pub
"
inform,"hold on im working hold on gastro pub
"
inform,"im looking for a cheap restaurant in the south part of town
"
inform,"i dont care
"
inform,"can i have a restaurant in the east part of town
"
inform,"gastropub
"
inform,"uh north american food
"
inform,"north american food
"
inform,"id like a cheap restaurant on the south of town
"
inform,"any type of food
"
inform,"im looking for a moderately priced restaurant in the east part of town
"
inform,"i dont care
"
inform,"yea im looking for a moderately priced restaurant in the south of town
"
inform,"american
"
inform,"north american
"
inform,"spanish
"
inform,"english food
"
inform,"moderate
"
inform,"moderately priced restaurant in the south of town
"
inform,"id like a moderately priced restaurant in the west part of town
"
inform,"i dont care
"
inform,"gastropub food
"
inform,"uh expensive
"
inform,"any
"
inform,"next restaurant
"
inform,"im looking for a restaurant in any area serving turkish food
"
inform,"dont care
"
inform,"west
"
inform,"moderate
"
inform,"lebanese
"
inform,"center
"
inform,"lebanese
"
inform,"im looking for a cheap restaurant
"
inform,"vietnamese
"
inform,"im looking for a restaurant in the center of town that serves lebanese food
"
inform,"caribbean food
"
inform,"dont care
"
inform,"im looking for unintelligible food
"
inform,"portuguese
"
inform,"i dont care
"
inform,"im looking for portuguese food
"
inform,"im looking for portuguese food
"
inform,"im looking for portuguese food
"
inform,"im looking for a cheap restaurant and it should be in the north part of town
"
inform,"italian
"
inform,"cheap portugeuse
"
inform,"any area
"
inform,"polynesian food
"
inform,"modern european food
"
inform,"i dont care
"
inform,"barbecue food
"
inform,"north american food
"
inform,"north american food
"
inform,"breath im looking for a restaurant in the south part of town that serves malaysian food
"
inform,"breath malaysian food
"
inform,"breath im looking for a restaurant in the south part of town that serves malaysian food
"
inform,"portuguese food
"
inform,"portuguese food
"
inform,"find me a moderately priced restaurant in the north part of town
"
inform,"doesnt matter
"
inform,"chinese
"
inform,"if there is no such venue how about french type of food
"
inform,"if there is no such venue how about french type of food
"
inform,"if there is no such venue how about french type of food
"
inform,"french type of food
"
inform,"im looking for a restaurant in the north of town serving korean french food
"
inform,"im looking for a restaurant in the north of town serving french type of food
"
inform,"chinese
"
inform,"moderately priced
"
inform,"south
"
inform,"i dont care
"
inform,"i want to find a expensive restaurant and it should serve english food
"
inform,"any area
"
inform,"doesnt matter
"
inform,"west part of town
"
inform,"uh dont care
"
inform,"um dont care
"
inform,"cheap restaurant
"
inform,"south part of town
"
inform,"i would like chinese food
"
inform,"moderate
"
inform,"north
"
inform,"north
"
inform,"uh id like steakhouse food
"
inform,"any area
"
inform,"steakhouse
"
inform,"uh medium
"
inform,"bistro
"
inform,"dont care expensive
"
inform,"any kind of food
"
inform,"im looking for a moderately priced restaurant that serves vietnamese food
"
inform,"vietnamese food
"
inform,"indian food
"
inform,"i dont care
"
inform,"moderately priced
"
inform,"any
"
inform,"iam looking for an expensive restaurant and it should be in the south part of town
"
inform,"cheap restaurant in the south part of town
"
inform,"i dont care
"
inform,"restaurants
"
inform,"singaporean
"
inform,"vietnamese
"
inform,"vietnamese
"
inform,"vietnamese food
"
inform,"im looking for a moderately priced restaurant in the south part of town
"
inform,"im looking for a restaurant that serves unusual food
"
inform,"i dont care
"
inform,"unusual
"
inform,"i dont care
"
inform,"im looking for a restaurant on the east part of town that serves scandinavia food
"
inform,"im looking for a restaurant in the east part of town serving chinese food
"
inform,"im looking for a restaurant serving chinese food
"
inform,"south
"
inform,"afghan
"
inform,"portuguese
"
inform,"portuguese food
"
inform,"portuguese food
"
inform,"cheap restaurant
"
inform,"doesnt matter
"
inform,"british food
"
inform,"cheap
"
inform,"moderately priced
"
inform,"moderately priced
"
inform,"barbecue food
"
inform,"how bout asian oriental
"
inform,"moderately priced restaurant that serves thai food
"
inform,"any
"
inform,"looking for a moderately priced restaurant
"
inform,"any
"
inform,"polish
"
inform,"moderately priced restaurant
"
inform,"serves halal food
"
inform,"any
"
inform,"halal
"
inform,"halal food
"
inform,"any
"
inform,"asian oriental food
"
inform,"a moderate restaurant in the west part of town
"
inform,"doesnt matter
"
inform,"id like moderately priced moroccan food
"
inform,"i would like indian food
"
inform,"uh any type
"
inform,"moderate price
"
inform,"south
"
inform,"dont care
"
inform,"moderate
"
inform,"restaurant
"
inform,"the turkiesh
"
inform,"turkish food
"
inform,"the turkiesh food
"
inform,"turkey food
"
inform,"restaurant
"
inform,"turkiesh food
"
inform,"okay moderate price range gastropub
"
inform,"im looking for a cheap restaurant in the west part of town
"
inform,"i dont care
"
inform,"im looking for a korean restaurant in the expensive price range
"
inform,"spanish food
"
inform,"spanish
"
inform,"i dont care
"
inform,"moderate
"
inform,"moderately priced in the north part of town
"
inform,"moderate
"
inform,"doesnt matter
"
inform,"any kind of food id like a cheap restaurant
"
inform,"moderately priced restaurant serving indian food
"
inform,"i dont care
"
inform,"indian
"
inform,"moderately priced restaurant in the south part of town
"
inform,"chinese
"
inform,"moderate
"
inform,"cheap price range
"
inform,"cheap
"
inform,"any
"
inform,"cheap restaurant south part of town
"
inform,"food type
"
inform,"cheap
"
inform,"any
"
inform,"spanish
"
inform,"cheap
"
inform,"i would like a cheap restaurant in the west part of town
"
inform,"cheap
"
inform,"im looking for an expensive restaurant and it should be east part of town
"
inform,"any
"
inform,"i want a restaurant in the center of town
"
inform,"center of town
"
inform,"center of town
"
inform,"center of town
"
inform,"i want the center of town
"
inform,"center
"
inform,"dont care
"
inform,"dont care dont care dont care
"
inform,"japanese
"
inform,"expensive
"
inform,"moderately priced
"
inform,"west
"
inform,"any
"
inform,"im looking for lebanese food
"
inform,"i dont care
"
inform,"i want to find a restaurant in the center and it should serve lebanese food
"
inform,"serves lebanese food
"
inform,"lebanese
"
inform,"im looking for world food
"
inform,"gastro pub
"
inform,"i dont care
"
inform,"i dont care
"
inform,"im looking for a cheap restaurant in the west part of town
"
inform,"im looking for a restaurant that serves turkish food
"
inform,"i dont care
"
inform,"i dont care
"
inform,"singaporean food
"
inform,"singaporean food
"
inform,"the south part of town
"
inform,"italian
"
inform,"any
"
inform,"im looking for a restaurant that
"
inform,"i dont care
"
inform,"im looking for greek food
"
inform,"id like a restaurant in any area that it serves canapes
"
inform,"canapes
"
inform,"canapes
"
inform,"i dont care
"
inform,"creative food
"
inform,"chinese
"
inform,"im looking for belgian food
"
inform,"what about modern european
"
inform,"im looking for modern european food
"
inform,"any area
"
inform,"i dont care
"
inform,"south
"
inform,"i dont care
"
inform,"cheap
"
inform,"im looking for a restaurant in the west part of town that serves canape food
"
inform,"i want to find a cheap restaurant and it should serve scandinavian food
"
inform,"uh scandinavian food
"
inform,"mediterranean food
"
inform,"cheap price range
"
inform,"i want to find a cheap
"
inform,"international food in the east part of town
"
inform,"im looking for a cheap restaurant in the west part of town
"
inform,"any
"
inform,"korean food
"
inform,"any area
"
inform,"i dont care
"
inform,"korean
"
inform,"korean
"
inform,"korean
"
inform,"korean food
"
inform,"korean food
"
inform,"korean food
"
inform,"korean
"
inform,"expensive restaurant serving world food
"
inform,"im looking for an expensive restaurant in the east part of town
"
inform,"i dont care
"
inform,"moderate
"
inform,"i would like to find a moderately priced restaurant and it should be in the east part of town
"
inform,"doesnt matter
"
inform,"i am looking for an expensive restaurant that serves
"
inform,"in the south part of town
"
inform,"i dont care
"
inform,"chiquito
"
inform,"im looking for an expensive restaurant in south part of town
"
inform,"east noise
"
inform,"noise anything expensive
"
inform,"i dont care
"
inform,"expensive
"
inform,"any
"
inform,"cheap italian food
"
inform,"italian food
"
inform,"italian food
"
inform,"italian food
"
inform,"italian food
"
inform,"italian food
"
inform,"i need a cuban restaurant that is moderately priced
"
inform,"what about a spanish restuarant
"
inform,"uh doesnt matter
"
inform,"danish
"
inform,"um moderate
"
inform,"i dont care
"
inform,"im looking for a moderately priced restaurant in the north part of town
"
inform,"british
"
inform,"i want malaysian food in any area
"
inform,"korean
"
inform,"looking for a moderately priced restaurant and it needs to be in the south part of town
"
inform,"uh any type of food
"
inform,"german
"
inform,"german
"
inform,"gastropub
"
inform,"im looking for moderately priced restaurant and it should serve halal food
"
inform,"any
"
inform,"halal food
"
inform,"what type food
"
inform,"asian oriental type of food
"
inform,"dont care
"
inform,"cheap european food
"
inform,"expensive european
"
inform,"expensive
"
inform,"north
"
inform,"south
"
inform,"yea im looking for a really cheap restaurant
"
inform,"i need a moderately priced restaurant serving fusion food
"
inform,"breath can i get a restaurant serving chinese food
"
inform,"i need a restaurant serving chinese food
"
inform,"i dont care what part of town
"
inform,"anywhere
"
inform,"what about other parts of town
"
inform,"what about other parts of town
"
inform,"i would like steakhouse food
"
inform,"doesnt matter
"
inform,"south
"
inform,"tuscan
"
inform,"portugese
"
inform,"restaurant east
"
inform,"greek food
"
inform,"indian food
"
inform,"indian food
"
inform,"any
"
inform,"dont care
"
inform,"west
"
inform,"pan asian food
"
inform,"pan asian food
"
inform,"pan asian food
"
inform,"indian food
"
inform,"cheap
"
inform,"anywhere
"
inform,"international
"
inform,"im looking for a moderately priced restaurant in the south part of town
"
inform,"i dont care
"
inform,"im looking for a moderately priced restaurant in the south part of town
"
inform,"any
"
inform,"spanish food
"
inform,"west
"
inform,"west part of town
"
inform,"indian
"
inform,"im looking for a cheap restaurant serving modern european type of food
"
inform,"serving modern european type of food
"
inform,"i want to find a moderately priced restaurant
"
inform,"west
"
inform,"i dont care
"
inform,"im looking for an expensive restaurant in the east of town
"
inform,"i dont care
"
inform,"food
"
inform,"food
"
inform,"food
"
inform,"dont care
"
inform,"moderate
"
inform,"moderate
"
inform,"restaurant in the east part of town serving basque food
"
inform,"a restaurant in the east part of town serving indian food
"
inform,"african food
"
inform,"i want a cheap restaurant in the south part of town
"
inform,"i dont care
"
inform,"cheap
"
inform,"any
"
inform,"indian
"
inform,"doesnt matter
"
inform,"dont care
"
inform,"scandinavian food
"
inform,"im looking for a restaurant in the center part of town
"
inform,"hungarian food
"
inform,"i dont care
"
inform,"dont care
"
inform,"afghan food
"
inform,"west part of town
"
inform,"west
"
inform,"west part of town
"
inform,"doesnt matter
"
inform,"cheap
"
inform,"expensive restaurant serving portuguese food
"
inform,"i dont care
"
inform,"portuguese
"
inform,"uh korean food
"
inform,"im looking for a moderately priced restaurant that serves european food
"
inform,"i dont care
"
inform,"japanese
"
inform,"moderate price west part of town
"
inform,"center
"
inform,"south
"
inform,"french
"
inform,"noise french food
"
inform,"noise center
"
inform,"im looking for a moderately priced restaurant
"
inform,"i dont care
"
inform,"spanish
"
inform,"im looking for a cheap restaurant and it should be in the south part of town
"
inform,"i dont care
"
inform,"jamaican food
"
inform,"jamaican food
"
inform,"jamaican food
"
inform,"thai food
"
inform,"thai food
"
inform,"id like to find a restaurant in the north part of town that serves german food
"
inform,"id like to find a restaurant in the north part of town serving french food
"
inform,"french
"
inform,"moderate restaurant south part of town
"
inform,"south
"
inform,"south
"
inform,"any
"
inform,"im looking for a restaurant in the north part of town
"
inform,"polish food
"
inform,"uh restaurant
"
inform,"im looking for a moderately priced restaurant in the north part of town
"
inform,"cheap jamaican
"
inform,"dont care
"
inform,"italian
"
inform,"italian food
"
inform,"im looking for an expensive restaurant in the east part of town
"
inform,"i dont care
"
inform,"i dont care
"
inform,"im looking for a restaurant in any area it should serve gastropub food
"
inform,"i dont care
"
inform,"any
"
inform,"malyasian
"
inform,"north american food
"
inform,"i dont care
"
inform,"west part of town
"
inform,"moderately priced
"
inform,"anything
"
inform,"im looking for japanese food
"
inform,"im looking for a restaurant in the south part of town serving jamaican food
"
inform,"jamaican food
"
inform,"jamaican food
"
inform,"im looking for a restaurant in the south part of town serving chinese food
"
inform,"i would like chinese food
"
inform,"i dont care
"
inform,"can i have greek food
"
inform,"dont care
"
inform,"dont care
"
inform,"chinese
"
inform,"chinese
"
inform,"cheap
"
inform,"chinese
"
inform,"im looking for a restaurant that serves bistro food
"
inform,"turkish food
"
inform,"turkish food
"
inform,"turkish food
"
inform,"any area
"
inform,"im looking for a turkish type of restaurant
"
inform,"turkish restaurant
"
inform,"im looking for a restaurant in any area that serves bistro food
"
inform,"turkish type of food
"
inform,"the east
"
inform,"im looking for a restaurant in the center of town that serves african food
"
inform,"belgian food
"
inform,"food
"
inform,"indian
"
inform,"any
"
inform,"i want to find a cheap re
"
inform,"i want to find a moderately priced restaurant and it should serve asian food
"
inform,"italian food
"
inform,"british food
"
inform,"moderately priced restaurant in the east part of town
"
inform,"moderate
"
inform,"moderate
"
inform,"i want to find a restaurant in the center that serves lebanese food
"
inform,"i want a restaurant in the moderate price range
"
inform,"um is doesnt matter
"
inform,"christmas food
"
inform,"i would like a moderately priced restaurant in the west part of town
"
inform,"i dont care
"
inform,"i need a moderately priced restaurant that serves world food
"
inform,"i dont care
"
inform,"i want to find a moderately priced restaurant that serves moroccan food
"
inform,"im looking for a restaurant in the east part of town thats expensive
"
inform,"doesnt matter
"
inform,"price over food west part of town
"
inform,"west
"
inform,"class over
"
inform,"im looking for a expensive restaurant in the east part of town
"
inform,"expensive
"
inform,"food
"
inform,"brazilian food
"
inform,"i dont care
"
inform,"brazilian
"
inform,"korean
"
inform,"expensive restaurant welsh food
"
inform,"british
"
inform,"british food
"
inform,"want something in the south side of town thats moderately priced
"
inform,"i dont care
"
inform,"moderately priced
"
inform,"i need cheap hungarian restaurant
"
inform,"im looking for tuscan food
"
inform,"korean food
"
inform,"the south part
"
inform,"restaurant
"
inform,"expensive
"
inform,"restaurant in any area international food
"
inform,"i dont care
"
inform,"north part of town serving gastropub food
"
inform,"just chinese food in the north part of town
"
inform,"i dont care
"
inform,"bistro
"
inform,"north
"
inform,"north
"
inform,"im looking for a restaurant that serves
"
inform,"im looking for a restaurant that serves polynesian food
"
inform,"i dont care about the price range
"
inform,"im looking for a restaurant in the north part of town serving lebanese food
"
inform,"im looking for a restaurant in the north part of town serving italian food
"
inform,"i dont care
"
inform,"cheap restaurant in the south part of town
"
inform,"any
"
inform,"im looking for a moderately priced labonese restaruant
"
inform,"swedish food
"
inform,"in the north part of town
"
inform,"italian food
"
inform,"in the north part of town
"
inform,"i dont care
"
inform,"i dont care
"
inform,"cheap
"
inform,"oh i need to be in the north
"
inform,"im looking for a moderately priced restaurant uh serving halal food
"
inform,"im looking for romanian food in the expensive price range
"
inform,"romanian
"
inform,"mediterranean food
"
inform,"mediterranean
"
inform,"mediterranean
"
inform,"a cheap restaurant in the west part of town
"
inform,"doesnt matter
"
inform,"i dont care
"
inform,"im looking for a restaurant in the east part of town that serves traditional food
"
inform,"indian food
"
inform,"west part of town
"
inform,"moderately priced restaurant
"
inform,"id like a pan asian restaurant
"
inform,"any part
"
inform,"pan asian
"
inform,"pan asian food
"
inform,"pan asian
"
inform,"pan asian
"
inform,"asian oriental
"
inform,"any price range
"
inform,"any
"
inform,"asian ori
"
inform,"asian
"
inform,"oriental
"
inform,"im looking for a restaurant in the cheap price range that serves asian oriental food
"
inform,"i dont care
"
inform,"dont care
"
inform,"asian oriental
"
inform,"a moderately priced restaurant in the south part of town
"
inform,"moderately priced restaurant
"
inform,"moderate
"
inform,"moderately
"
inform,"gastropub
"
inform,"gastropub
"
inform,"expensive restaurant south part of town
"
inform,"expensive
"
inform,"south
"
inform,"any
"
inform,"im looking for a restaurant in central it should serve japanese food
"
inform,"west
"
inform,"british food
"
inform,"any price range
"
inform,"im looking for a restaurant in the east part of the town with indian asian food
"
inform,"im looking for a restaurant in the east part of town that serves indian food
"
inform,"indian food
"
inform,"i dont care
"
inform,"im looking for a moderately priced restaurant in the south part of town
"
inform,"cheap
"
inform,"restaurant
"
inform,"north
"
inform,"cheap
"
inform,"north
"
inform,"cheap
"
inform,"cheap restaurant north part of town
"
inform,"i want a moderate priced restaurant in the south of town
"
inform,"i dont care
"
inform,"moderate
"
inform,"cheap restaurant
"
inform,"in the west part
"
inform,"west part of town
"
inform,"i dont care
"
inform,"im looking for an expensive restaurant in the east part of town
"
inform,"i dont care
"
inform,"korean food
"
inform,"the south
"
inform,"i dont care
"
inform,"moderate
"
inform,"korean
"
inform,"im looking for a moderately priced restaurant in the south part of town
"
inform,"i dont care
"
inform,"west part of town
"
inform,"fusion food
"
inform,"vietnamese
"
inform,"fancy restaurant moroccan food
"
inform,"expensive
"
inform,"moderately priced restaurant in the south part of town
"
inform,"any
"
inform,"west part of town
"
inform,"any
"
inform,"cheap
"
inform,"im looking for something moderately priced
"
inform,"south
"
inform,"i dont care
"
inform,"indian food
"
inform,"west
"
inform,"im looking for an expensive restaurant that serves greek food
"
inform,"im looking for an expensive restaurant that serves asian oriental food
"
inform,"i dont care
"
inform,"looking for a cheap restaurant in the west part of town
"
inform,"any
"
inform,"caribbean food
"
inform,"dont care
"
inform,"dont care
"
inform,"caribbean food
"
inform,"im looking for a restaurant in the north part of town
"
inform,"im looking for a restaurant in the south part of town that serves malaysian food
"
inform,"i need a moderately priced restaurant that serves bask food
"
inform,"asian oriental
"
inform,"im looking for a moderately priced restaurant
"
inform,"im looking for a moderately priced restaurant in the east part of town
"
inform,"dont care
"
inform,"what asian oriental type of food
"
inform,"asian oriental type of food
"
inform,"looking for an expensive restaurant in the south part of town
"
inform,"a restaurant cheap north part of town
"
inform,"i dont care
"
inform,"moderately priced in the west
"
inform,"west
"
inform,"any
"
inform,"im looking for
"
inform,"an expensive restaurant
"
inform,"an expensive restaurant
"
inform,"french food
"
inform,"moderately priced
"
inform,"moderately priced
"
inform,"im looking for a restaurant in the south part of town and danish food
"
inform,"it deosnt matter
"
inform,"im looking for a moderately priced restaurant in the north part of town
"
inform,"any food
"
inform,"for a restaurant in any area with international food
"
inform,"any
"
inform,"any area
"
inform,"expensive restaurant in the south part of town
"
inform,"i dont care
"
inform,"expensive
"
inform,"looking for a restaurant that serves lebanese food
"
inform,"barbecue
"
inform,"barbecue food
"
inform,"barbecue food
"
inform,"indian food
"
inform,"can you do anything else beside repeat yourself
"
inform,"barbecue food
"
inform,"barbecue food
"
inform,"any price range
"
inform,"indian food
"
inform,"in the east part of town
"
inform,"i dont care
"
inform,"expensive
"
inform,"dont care
"
inform,"gastropub
"
inform,"dont care
"
inform,"any thing
"
inform,"west
"
inform,"i dont care
"
inform,"cheap restaurant
"
inform,"north north part of town
"
inform,"doesnt matter
"
inform,"find a restaurant in the center of town
"
inform,"breath im looking for a restaurant that serves cuban food
"
inform,"can i find a restaurant
"
inform,"im looking for a restaurant in the north part of town serving malaysian food
"
inform,"im looking for a moderately priced restaurant in the south part of town
"
inform,"i dont care
"
inform,"i would like australian foo
"
inform,"talian food
"
inform,"italian food
"
inform,"west part of town
"
inform,"i dont care
"
inform,"world
"
inform,"im looking for a cheap restaurant with spanish food
"
inform,"looking for a cheap restaurant in the west part of town
"
inform,"i dont care
"
inform,"im looking for an expensive restaurant and it should be the east part of town
"
inform,"any
"
inform,"restaurant north part of town seafood
"
inform,"sea food
"
inform,"unintelligible expensive
"
inform,"um english
"
inform,"american
"
inform,"caribbean food
"
inform,"indian
"
inform,"any
"
inform,"im looking for an expensive restaurant that serves signaporean food
"
inform,"british food
"
inform,"any
"
inform,"cantonese food
"
inform,"cantonese food
"
inform,"north american food
"
inform,"north american type food
"
inform,"any area
"
inform,"south of town
"
inform,"east of town
"
inform,"west of town
"
inform,"west
"
inform,"dont care
"
inform,"cheap
"
inform,"i dont care
"
inform,"english food
"
inform,"italian food
"
inform,"south
"
inform,"any range
"
inform,"id like an expensive thai restaurant
"
inform,"any part of town
"
inform,"i want a restaurant in the east part of town that serves singaporean food
"
inform,"cheap restaurant east part of town
"
inform,"im looking for a restaurant in any area and it should serve pan asian food
"
inform,"uh international food
"
inform,"any range is fine
"
inform,"the south part of town id like a restaurant that serves traditional food
"
inform,"any price range
"
inform,"im looking for an expensive restaurant that serves sea food
"
inform,"im looking for a moderately priced restaurant in the north part of town
"
inform,"i dont care
"
inform,"european food any price
"
inform,"any
"
inform,"any
"
inform,"im looking for a moderately priced restaurant that serves tuscan food
"
inform,"and at the gastropub
"
inform,"north
"
inform,"corsica
"
inform,"north
"
inform,"uh indian
"
inform,"uh indian
"
inform,"any
"
inform,"south
"
inform,"south
"
inform,"south
"
inform,"portugese
"
inform,"i want a moderately priced restaurant in the north part of town
"
inform,"i dont care
"
inform,"i need a cheap restaurant
"
inform,"doesnt matter
"
inform,"doesnt matter
"
inform,"find me a cheap vietnamese restaurant
"
inform,"find me vietnamese food
"
inform,"im looking for an expensive restaurant that serves irish food
"
inform,"i dont care
"
inform,"irish
"
inform,"italian
"
inform,"i want to find a moderately priced restaurant that serves cuban food
"
inform,"expensive
"
inform,"i dont care
"
inform,"how european
"
inform,"cheap restaurant
"
inform,"i am looking for a restaurant in the south part of town and it should serve cantonese food
"
inform,"cantonese food
"
inform,"food
"
inform,"cantonese
"
inform,"i would like a cheap restaurant in the north part of town
"
inform,"do you have chinese food
"
inform,"um moderate
"
inform,"id like an expensive restaurant
"
inform,"south
"
inform,"south
"
inform,"any
"
inform,"vietnamese food
"
inform,"im looking for a cheap restaurant in the south part of town
"
inform,"any
"
inform,"asian oriental
"
inform,"could i have a cheap restaurant
"
inform,"the north
"
inform,"moderate
"
inform,"moderately priced
"
inform,"im looking for a restaurant in the north part of town that serves belgian food
"
inform,"i dont care
"
inform,"portuguese food
"
inform,"portuguese food any price
"
inform,"moderately priced restaurant
"
inform,"dont care
"
inform,"im looking for a restaurant that serves russian food
"
inform,"moderately restaurant
"
inform,"moderate
"
inform,"north
"
inform,"any
"
inform,"british food
"
inform,"north part
"
inform,"doesnt matter
"
inform,"looking for lebanese food in the city center
"
inform,"can i have a moderately priced restaurant
"
inform,"any
"
inform,"gastropub
"
inform,"asian oriental
"
inform,"im looking for a restaurant in the east part of town that serves afghan food
"
inform,"how bout chinese food
"
inform,"how how bout chinese food
"
inform,"chinese
"
inform,"um im looking for a restaurant in the center part of town that serves lebanese food
"
inform,"noise um in the east part of town
"
inform,"i would like gastropub food in the east part of town please
"
inform,"gastropub
"
inform,"im looking for an expensive restaurant and it should be in the south part of town
"
inform,"south part of town
"
inform,"any
"
inform,"dont care
"
inform,"korean food
"
inform,"i dont care
"
inform,"korean
"
inform,"i would like to find a restaurant in the center and it should serve korean food
"
inform,"i do not care about the price range im just looking for a restaurant in the center that serves korean food
"
inform,"i dont care
"
inform,"i need a moderately priced restaurant in the north part of town
"
inform,"i dont care is there any north part of town
"
inform,"creative food
"
inform,"italian food
"
inform,"any
"
inform,"id like an expensive restaurant that serves bat food
"
inform,"im looking for a restaurant in the east part of town
"
inform,"corsica
"
inform,"the indian food
"
inform,"i would like to find an expensive restaurant that serves corsica food
"
inform,"food
"
inform,"cheap
"
inform,"im looking for a cheap restaurant
"
inform,"any part of town
"
inform,"italian food
"
inform,"i want to find a moderately priced restaurant in the east part town
"
inform,"a moderately priced restaurant in the east of town
"
inform,"i dont care
"
inform,"i dont care
"
inform,"west part of town
"
inform,"west
"
inform,"moderately priced
"
inform,"uh cheap restaurant
"
inform,"cheap
"
inform,"vietnamese food
"
inform,"expensive
"
inform,"expensive
"
inform,"could i have a moderately priced restaurant in the south part of town
"
inform,"moderately priced
"
inform,"can i have a moderately priced restaurant on this side of town
"
inform,"food type
"
inform,"looking for a moderately priced restaurant that serves brazilian
"
inform,"how bout asian oriental
"
inform,"restaurant
"
inform,"singaporean
"
inform,"indian
"
inform,"moderate
"
inform,"i want a moderately priced restaurant that serves mediterranean food
"
inform,"im looking for a moderately priced restaurant
"
inform,"south part of town
"
inform,"doesnt matter
"
inform,"any
"
inform,"cheap
"
inform,"moderately priced restaurant
"
inform,"west
"
inform,"dont care
"
inform,"thai
"
inform,"west
"
inform,"thai
"
inform,"thai
"
inform,"thai food
"
inform,"asian
"
inform,"thai
"
inform,"looking for a japanese restaurant in the center
"
inform,"cheap resataurant serving unintelligible food
"
inform,"unintelligible food
"
inform,"cheap unintelligible food
"
inform,"unintelligible food
"
inform,"unintelligible food
"
inform,"cheap unintelligible food
"
inform,"unintelligible food
"
inform,"unintelligible food
"
inform,"cheap unintelligible food
"
inform,"cheap restaurant serving unintellgible food
"
inform,"unintelligible food
"
inform,"im looking for a restaurant in any area that serves russian food
"
inform,"russian
"
inform,"north american
"
inform,"uh i want cantonese food
"
inform,"cantonese
"
inform,"expensive
"
inform,"south
"
inform,"expensive
"
inform,"tuscan food
"
inform,"west
"
inform,"tuscan
"
inform,"thai food
"
inform,"i dont care
"
inform,"what is a good cheap restaurant that serves portuguese food
"
inform,"im looking for a restaurant in the east part of town
"
inform,"i dont care
"
inform,"moderate
"
inform,"moderate
"
inform,"world food
"
inform,"gastropub
"
inform,"world food
"
inform,"gastropub
"
inform,"gastropub of food
"
inform,"im looking for corsica food
"
inform,"vietnamese food
"
inform,"the south part of town
"
inform,"i dont care
"
inform,"moderate
"
inform,"a restaurant south part of town
"
inform,"south part of town
"
inform,"any
"
inform,"moderate restaurant kosher food
"
inform,"moderate restaurant kosher food
"
inform,"north
"
inform,"west
"
inform,"kosher
"
inform,"indian type of food
"
inform,"theres no such venue unintelligible indian type of food
"
inform,"indian type of food
"
inform,"indian type of food
"
inform,"looking for a cheap restaurant in the east part of town
"
inform,"cheap
"
inform,"any
"
inform,"belgian
"
inform,"chinese
"
inform,"cheap
"
inform,"cheap
"
inform,"im looking for portuguese food
"
inform,"i dont care
"
inform,"chinese
"
inform,"the south
"
inform,"im looking chineese food
"
inform,"i dont care
"
inform,"i need a restaurant in the east part of town
"
inform,"i dont care
"
inform,"danish food
"
inform,"north
"
inform,"north
"
inform,"spanish
"
inform,"spanish food
"
inform,"asian oriental
"
inform,"im looking for a moderately priced restaurant
"
inform,"i dont care
"
inform,"world food
"
inform,"expensive restaurant south part of town
"
inform,"any
"
inform,"expensive
"
inform,"i dont care
"
inform,"i dont care
"
inform,"west
"
inform,"i dont care
"
inform,"italian
"
inform,"i dont care
"
inform,"i dont care
"
inform,"polynesian food
"
inform,"i dont care
"
inform,"i dont care
"
inform,"polynesian food
"
inform,"italian food
"
inform,"i dont care
"
inform,"moderate priced restaurant in the north part of town
"
inform,"dont care
"
inform,"restaurant in center
"
inform,"malaysian food
"
inform,"malaysian food
"
inform,"british food
"
inform,"british food
"
inform,"british food
"
inform,"polynesian food
"
inform,"south
"
inform,"polynesian food
"
inform,"portuguese food
"
inform,"im looking for a moderately priced restaurant in the east part of town
"
inform,"any
"
inform,"i dont care
"
inform,"moroccon
"
inform,"moroccan food
"
inform,"moroccan food
"
inform,"french food
"
inform,"doesnt matter
"
inform,"cheap
"
inform,"i dont care
"
inform,"i need a moderately priced restaurant
"
inform,"unitelligible food
"
inform,"can i get a restaurant with vegetarian food
"
inform,"i dont care
"
inform,"vegitarian
"
inform,"cheap
"
inform,"south
"
inform,"dont care
"
inform,"moderate
"
inform,"cheap restaurant
"
inform,"im looking for an expensive restaurant in the east town
"
inform,"i dont care
"
inform,"irish food
"
inform,"indian type of food
"
inform,"indian food
"
inform,"im looking for thai
"
inform,"thai food
"
inform,"any fine
"
inform,"thai food
"
inform,"im looking for thai food
"
inform,"i need a restaurant in the center of town that serves spanish food
"
inform,"center
"
inform,"i dont care
"
inform,"expensive restaurants
"
inform,"dont care
"
inform,"sea food
"
inform,"sea food
"
inform,"i need a restaurant serving corsica food
"
inform,"i need indian food
"
inform,"south
"
inform,"polynesia food
"
inform,"thai
"
inform,"thai food
"
inform,"thai
"
inform,"thai food
"
inform,"thai food
"
inform,"thai
"
inform,"thai restaurant
"
inform,"the restaurant
"
inform,"any
"
inform,"french food
"
inform,"christmas food
"
inform,"asian oriental
"
inform,"any
"
inform,"cheap
"
inform,"im looking for a cheap restaurant in the west part of town
"
inform,"i dont care
"
inform,"scandinavian food
"
inform,"asian oriental
"
inform,"im looking for a moderately priced restaurant and it should serve polynesian food
"
inform,"indian
"
inform,"indian
"
inform,"indian
"
inform,"south part of town please
"
inform,"im looking for a restaurant that serves afghan food
"
inform,"are there any serving european food
"
inform,"i dont care
"
inform,"i dont care
"
inform,"im looking for something cheap
"
inform,"doesnt matter
"
inform,"center
"
inform,"italian
"
inform,"moderate
"
inform,"cheap restaurant in the south part of town
"
inform,"doesnt matter
"
inform,"south
"
inform,"expensive
"
inform,"i would like expensive food
"
inform,"restaurant in the west part of town that serves cuban food
"
inform,"italian food
"
inform,"west
"
inform,"any
"
inform,"doesnt matter
"
inform,"dont care
"
inform,"dont care
"
inform,"dont care
"
inform,"im looking for a restaurant in the east part of town serving japanese food
"
inform,"ah im looking for a cheap restaurant
"
inform,"im looking for a cheap restaurant that serves canapes food
"
inform,"im looking for a
"
inform,"canapes
"
inform,"canapes
"
inform,"how bout one that serves portuguese food and is cheap
"
inform,"im looking for an expensive restaurant
"
inform,"can i have a thai restaurant
"
inform,"any kind of food
"
inform,"moderately priced in south part
"
inform,"south part of town
"
inform,"moderate
"
inform,"moderately
"
inform,"moderately priced
"
inform,"dont care
"
inform,"noise looking for an expensive restaurant in the south part of town
"
inform,"south part
"
inform,"looking for an expensive restaurant that serves indonesian food
"
inform,"i dont care
"
inform,"i dont care
"
inform,"i dont care
"
inform,"any part
"
inform,"looking for a cheap restaurant that serves creative food
"
inform,"is there one that serves creative food
"
inform,"uh are there any that serves mediterranean
"
inform,"are there any that serves mediterranean type food
"
inform,"mediterranean
"
inform,"find moderately priced restaurant in the west part of town
"
inform,"west
"
inform,"west
"
inform,"doesnt matter
"
inform,"im looking for a moderately priced restaurant in the south of town
"
inform,"can i get swedish food
"
inform,"swedish food
"
inform,"north american food
"
inform,"north american food
"
inform,"north american
"
inform,"swedish food
"
inform,"swedish food
"
inform,"can i get swedish food
"
inform,"north american
"
inform,"american
"
inform,"swedish food
"
inform,"can i get american food
"
inform,"caribbean food
"
inform,"dont care
"
inform,"im looking for a cheap pan asian food
"
inform,"pan asian food
"
inform,"i need a moderately priced restaurant in the south part of town
"
inform,"i dont care
"
inform,"im looking for an expensive restaurant serving french food
"
inform,"any part of town
"
inform,"french
"
inform,"i want a restaurant in the center that serves seafood
"
inform,"i dont care
"
inform,"north
"
inform,"north
"
inform,"north
"
inform,"north
"
inform,"north
"
inform,"north
"
inform,"north
"
inform,"moderate
"
inform,"moderate
"
inform,"north
"
inform,"north
"
inform,"north
"
inform,"moderately priced
"
inform,"any
"
inform,"british
"
inform,"like to find a restaurant in the east part of town and it should serve indian food
"
inform,"im looking for a restaurant in the east part of town that serves indian food
"
inform,"world food
"
inform,"any
"
inform,"anything
"
inform,"north
"
inform,"greek
"
inform,"um italian
"
inform,"italian type of food
"
inform,"i want to find indian food then
"
inform,"indian food
"
inform,"i dont care
"
inform,"im looking for a restaurant in the north part of town serving indian food
"
inform,"im looking for a restaurant in the north part of town serving indian food
"
inform,"is there anything in the cheap price range
"
inform,"i am looking for a restaurant in the north part of town serving indian food
"
inform,"i dont care
"
inform,"swiss
"
inform,"asian
"
inform,"asian
"
inform,"i dont care
"
inform,"i dont care
"
inform,"asian
"
inform,"looking for an expensive restaurant in the south part of town
"
inform,"i dont care
"
inform,"im looking for a restaurant in any area that serves polynesian food
"
inform,"doesnt matter
"
inform,"i dont care
"
inform,"im looking for an expensive restaurant in the east part of town
"
inform,"any kind of food
"
inform,"im looking for a moroccan restaurant in the center of town
"
inform,"im looking for a thai restaurant
"
inform,"im looking for thai food
"
inform,"im looking for a restaurant that serves thai food
"
inform,"im looking for thai food
"
inform,"i dont care
"
inform,"moderately priced restaurant serving moroccan food
"
inform,"indian food
"
inform,"i dont care
"
inform,"im looking for a restaurant in the north part of town
"
inform,"i want a moderately priced
"
inform,"restaurant and it should serve steak house food
"
inform,"im looking for a restaurant serving asian oriental food
"
inform,"moderate
"
inform,"moderate
"
inform,"north
"
inform,"any
"
inform,"can i find an expensive restaurant that serves traditional food
"
inform,"can i have an expensive restaurant
"
inform,"serving modern european food
"
inform,"moderate
"
inform,"north
"
inform,"west part of town
"
inform,"west
"
inform,"noise west
"
inform,"west
"
inform,"west
"
inform,"any
"
inform,"moderate
"
inform,"im looking for a restaurant serving international food
"
inform,"any part of town
"
inform,"im looking for a moderately priced restaurant that serves spanish food
"
inform,"i would like european food
"
inform,"i dont care
"
inform,"i dont care
"
inform,"any
"
inform,"im looking for a restaurant in the north part of town that serves african food
"
inform,"im looking for a moderately priced restaurant in the south part of town
"
inform,"i dont care
"
inform,"id like a moderately priced restaurant that serves cuban food please
"
inform,"polynesian food
"
inform,"south
"
inform,"south
"
inform,"thai
"
inform,"lets see im looking for a restaurant in the north part of town that serves vietnamese food
"
inform,"vietnamese
"
inform,"breath how bout north part of town
"
inform,"i want an expensive restaurant that serves polish food
"
inform,"italian food
"
inform,"i need a cheap restaurant in the east part of town
"
inform,"i dont care
"
inform,"i dont care
"
inform,"i would like crossover food
"
inform,"modern european food
"
inform,"modern european food
"
inform,"expensive
"
inform,"expensive
"
inform,"corsica
"
inform,"thai food
"
inform,"thai
"
inform,"thai
"
inform,"cheap restaurant
"
inform,"chinese
"
inform,"im looking for an italian restaurant in the east part of town
"
inform,"moderately priced
"
inform,"any food
"
inform,"moderate
"
inform,"moderately priced restaurant
"
inform,"west part of town
"
inform,"any
"
inform,"i want to find a restaurant serving world food
"
inform,"looking for moderately priced russian food
"
inform,"russian food
"
inform,"i dont care
"
inform,"any
"
inform,"any
"
inform,"barbecue
"
inform,"barbecue
"
inform,"cheap
"
inform,"mediterranean food
"
inform,"i dont care
"
inform,"any address
"
inform,"moderately priced restaurant in the west part of town
"
inform,"moderately priced restaurant in the west part of town
"
inform,"dont care
"
inform,"im looking for a moderately priced restaurant in the north part of town
"
inform,"the north part
"
inform,"i dont care
"
inform,"looking for something on the south side
"
inform,"danish food
"
inform,"danish
"
inform,"doesnt matter
"
inform,"spanish food
"
inform,"any
"
inform,"spanish
"
inform,"i dont care
"
inform,"moderately priced serving gastro pub
"
inform,"cheap restaurant in the west part of town
"
inform,"any
"
inform,"cheap
"
inform,"looking for a cheap restaurant that serves steak house food
"
inform,"any
"
inform,"could i have a cheap restaurant in the east part of town
"
inform,"looking for a restaurant in the south part of town that serves australian food
"
inform,"it does not matter
"
inform,"change that to a chinese restaurant
"
inform,"polish food
"
inform,"north american
"
inform,"north american food
"
inform,"food type
"
inform,"any type of food
"
inform,"i want expensive food in the east part of town
"
inform,"expensive
"
inform,"im looking for a restaurant that serves french food
"
inform,"any
"
inform,"french
"
inform,"im looking for a restaurant in the east part of town serving catalan food
"
inform,"serving austrian food
"
inform,"theres no such venue how about gastropub type of food
"
inform,"a restaurant with afghan food
"
inform,"uh a restaurant in the south part of town
"
inform,"expensive restaurant east part of town
"
inform,"any
"
inform,"i need a restaurant in the center of town that includes international food
"
inform,"i need a moderately priced restaurant in the west part of town
"
inform,"i dont care
"
inform,"belgium food
"
inform,"dont care
"
inform,"malyasian
"
inform,"thai
"
inform,"moderately priced restaurant
"
inform,"south
"
inform,"dont care
"
inform,"restaurant in the center
"
inform,"afghan
"
inform,"thai food
"
inform,"im looking for a restaurant in the south part of town serving korean food
"
inform,"west
"
inform,"id like an expensive restaurant
"
inform,"looking for an expensive restaurant that serves afghan food
"
inform,"moderate restaurant south part of town
"
inform,"doesnt matter
"
inform,"moderately priced restaurant
"
inform,"moderate
"
inform,"any
"
inform,"looking for spanish food in the center of town
"
inform,"center
"
inform,"i dont care
"
inform,"gastropub food
"
inform,"doesnt matter
"
inform,"restaurant in central
"
inform,"thai type of food
"
inform,"thai food
"
inform,"thai food
"
inform,"danish food
"
inform,"chinese
"
inform,"food
"
inform,"dont care
"
inform,"moderately
"
inform,"the south part
"
inform,"i dont know
"
inform,"north
"
inform,"any
"
inform,"moderate
"
inform,"afghan food
"
inform,"center
"
inform,"afghan
"
inform,"dont care
"
inform,"i am looking for a restaurant serving afghan food
"
inform,"any part of town
"
inform,"restaurant in the west part of town that serves airitran food
"
inform,"airitran
"
inform,"italian
"
inform,"i dont care
"
inform,"im looking for traditional food
"
inform,"i am looking for a cheap restaurant and it should be in the west part of town
"
inform,"uh i dont care
"
inform,"i want a restaurant in the north part of town that serves vietnamese food
"
inform,"im looking for a moderately priced restaurant in the north part of town
"
inform,"any
"
inform,"any
"
inform,"dont care
"
inform,"im looking for a moderately priced restaurant in the south part of town
"
inform,"i dont care
"
inform,"i dont care
"
inform,"moderately priced
"
inform,"can you find a moderately priced restaurant
"
inform,"moderately
"
inform,"id like a moderately price
"
inform,"can i find a moderately priced
"
inform,"restaurant
"
inform,"find something in the north part
"
inform,"african food
"
inform,"moderate price
"
inform,"spanish food
"
inform,"spanish food
"
inform,"moderate price
"
inform,"spanish food
"
inform,"i dont care moderate price
"
inform,"moderate
"
inform,"moderate
"
inform,"im looking for a cheap restaurant in the west part of town
"
inform,"american
"
inform,"cheap
"
inform,"looking for a cheap restaurant in the west part of town
"
inform,"anything
"
inform,"north
"
inform,"any
"
inform,"i need a cheap restaurant that serves indonesian food
"
inform,"south
"
inform,"south
"
inform,"indian
"
inform,"indian
"
inform,"south
"
inform,"indian food
"
inform,"im looking for a cheap restaurant
"
inform,"i dont care
"
inform,"moroccon
"
inform,"indian
"
inform,"cheap restaurants
"
inform,"british food
"
inform,"expensive
"
inform,"international
"
inform,"food
"
inform,"italian food
"
inform,"italian food
"
inform,"expensive food in the south of town
"
inform,"south
"
inform,"south
"
inform,"i dont care
"
inform,"thai food
"
inform,"any
"
inform,"thai food
"
inform,"expensive
"
inform,"thai food
"
inform,"expensive restaurant thai food
"
inform,"creative food
"
inform,"north
"
inform,"creative
"
inform,"creative food
"
inform,"center
"
inform,"okay i dont care about price range
"
inform,"expensive european food
"
inform,"expensive
"
inform,"i dont care
"
inform,"ok what about indian
"
inform,"cheap
"
inform,"on the south part of town
"
inform,"okay then any
"
inform,"indian food
"
inform,"im looking for a cheap restaurant
"
inform,"i dont care
"
inform,"polynesian food
"
inform,"vietnamese
"
inform,"vietnam
"
inform,"food
"
inform,"vietnamese
"
inform,"vietnam
"
inform,"vietnamese
"
inform,"barbecue food
"
inform,"in cheap restaurant
"
inform,"id like a moderately priced restaurant in the west part of town
"
inform,"i dont care
"
inform,"japanese
"
inform,"japanese
"
inform,"japanese
"
inform,"japanese
"
inform,"japanese
"
inform,"um i dont care i just want traditional food
"
inform,"i want to find an expensive restaurant that serves swedish food
"
inform,"swedish
"
inform,"noise restaurant west part of town danish food
"
inform,"indian food
"
inform,"i want a moderately priced restaurant in the north part of town
"
inform,"doesnt matter
"
inform,"yea i would like korean food
"
inform,"any area
"
inform,"i dont care
"
inform,"expensive
"
inform,"im looking for a restaurant in the center part of town that serves unintelligible food
"
inform,"not korean
"
inform,"im looking for something expensive
"
inform,"doesnt matter
"
inform,"something serving swiss food
"
inform,"something serving swiss food
"
inform,"im looking for a restaurant serving british food then
"
inform,"moderately priced
"
inform,"dont care
"
inform,"moderate
"
inform,"im looking for a restaurant in the north part of town serving jamaican food
"
inform,"serving jamaican food
"
inform,"uh chinese food
"
inform,"i want an expensive restaurant that serves sea food
"
inform,"i need a restaurant in the west part of town
"
inform,"thai
"
inform,"im looking for a restaurant serving romanian food
"
inform,"id like a restaurant in the south part of town
"
inform,"any price range is fine
"
inform,"moderately pri
"
inform,"dont care
"
inform,"spanish
"
inform,"spanish
"
inform,"spanish food
"
inform,"spanish
"
inform,"spanish
"
inform,"im looking for a moderately priced restaurant and it should be in the north of town
"
inform,"i dont know
"
inform,"i need a moderately priced restaurant in the north of town
"
inform,"i dont care
"
inform,"im looking for something serves japanese food
"
inform,"north
"
inform,"moderately priced
"
inform,"moderately priced food in the north part of town
"
inform,"noise looking for an expensive restaurant
"
inform,"any
"
inform,"i want to find a moderately priced restaurant that serves canapes food
"
inform,"tv_noise im looking for a restaurant in the moderately pri
"
inform,"noise are there any venues that serve indian type food
"
inform,"south part
"
inform,"moderate
"
inform,"restaurant south part of town english food
"
inform,"english food
"
inform,"italian food
"
inform,"italian food
"
inform,"any
"
inform,"any kind of food
"
inform,"indian
"
inform,"okay i want indian
"
inform,"moderately priced restaurant
"
inform,"welsh food
"
inform,"any part
"
inform,"i dont care about the price range
"
inform,"mediterranean food
"
inform,"barbecue
"
inform,"italian
"
inform,"italian food
"
inform,"any price range
"
inform,"im looking for a cheap restaurant that serves vietnamese food
"
inform,"west part of town
"
inform,"expensive restaurant scottish food
"
inform,"british expensive
"
inform,"doesnt matter
"
inform,"cheap restaurant
"
inform,"any
"
inform,"hungarian
"
inform,"i dont care
"
inform,"system im looking for expensive restaurant
"
inform,"system european food
"
inform,"in the east part
"
inform,"restaurant north part of town fast food
"
inform,"west
"
inform,"west
"
inform,"dont care
"
inform,"moderate
"
inform,"south expensive
"
inform,"south
"
inform,"any
"
inform,"malaysian food
"
inform,"mediterranean
"
inform,"north
"
inform,"center
"
inform,"french
"
inform,"moderately priced restaurant
"
inform,"south
"
inform,"south part of town
"
inform,"moderate price range please
"
inform,"chinese restaurant please
"
inform,"south
"
inform,"south
"
inform,"south
"
inform,"im looking for a restaurant in any area that serves welsh food
"
inform,"cheap restaurant north part of town
"
inform,"any
"
inform,"cheap
"
inform,"cheap restaurant in the south part of town
"
inform,"any
"
inform,"i want vegetarian food
"
inform,"vegitarian
"
inform,"portuguese
"
inform,"i need to find a restaurant in the north part of town that serves jamaican food
"
inform,"indian
"
inform,"im looking for an expensive restaurant in the east part of town
"
inform,"a cheap restaurant in the south part of town
"
inform,"i dont care
"
inform,"im looking for a restaurant in the center that serves caribbean food
"
inform,"i would like to find a moderately priced restaurant in the north part of town
"
inform,"and moderately priced
"
inform,"any part of town
"
inform,"seafood
"
inform,"seafood
"
inform,"any price range
"
inform,"sea food
"
inform,"chinese
"
inform,"french food
"
inform,"i dont care
"
inform,"i dont care
"
inform,"french food
"
inform,"im looking for a restaurant in any area of town that serves belgium food
"
inform,"korean food
"
inform,"a restaurant in the east part of town that serves caribbean food
"
inform,"caribbean food
"
inform,"im looking for a restaurant in the west park of town that serves australian food
"
inform,"australian
"
inform,"looking for a moderately priced restaurant that serves unusual food
"
inform,"im looking for a restaurant in the south part of town that serves pan asian food
"
inform,"a restaurant in the south part of town serving pan asian food
"
inform,"a restaurant in the south part of town serving italian food
"
inform,"i dont care
"
inform,"i want to find a cheap restaurant
"
inform,"cheap
"
inform,"chinese
"
inform,"chinese
"
inform,"asian
"
inform,"asian
"
inform,"asian oriental
"
inform,"cheap restaurant in the north part of town
"
inform,"anything
"
inform,"doesnt matter
"
inform,"um moderate
"
inform,"west
"
inform,"im looking for a restaurant in the west part of town
"
inform,"doesnt matter
"
inform,"korean
"
inform,"portuguese food
"
inform,"belgium food
"
inform,"thai
"
inform,"thai food
"
inform,"thai
"
inform,"thai food
"
inform,"i want brazilian food
"
inform,"im looking for a restaurant in the north part of town
"
inform,"i want a restaurant in the north part of town
"
inform,"im looking for a restaurant that serves japanese food in the north part of town
"
inform,"any food
"
inform,"any kind of food
"
inform,"im looking for an expensive restaurant in the east part of town
"
inform,"cheap restaurant west part of town
"
inform,"cheap restaurant north part of town
"
inform,"north
"
inform,"cheap
"
inform,"south
"
inform,"cheap restaurant
"
inform,"brazilian food
"
inform,"moderate
"
inform,"im looking for something in the west side
"
inform,"cheap restaurant in the west part of town
"
inform,"expensive restaurant tuscan food
"
inform,"thai food
"
inform,"thai food
"
inform,"okay change restaurant
"
inform,"thai
"
inform,"west
"
inform,"i got to find a cheap restaurant that serves mexican food
"
inform,"italian food
"
inform,"moderate
"
inform,"north
"
inform,"i dont care
"
inform,"looking for something with gastropub on the east side of town
"
inform,"gastropub
"
inform,"cantonese food
"
inform,"british food
"
inform,"west
"
inform,"i want to find a cheap restaurant that serves
"
inform,"tuscan food
"
inform,"i dont care
"
inform,"vietnamese food in any area
"
inform,"cheap
"
inform,"british food
"
inform,"in a moderate price range
"
inform,"doesnt it does not matter
"
inform,"restaurant
"
inform,"any
"
inform,"italian food
"
inform,"italian food
"
inform,"cheap
"
inform,"expensive restaurant in the south part of town
"
inform,"any
"
inform,"south part
"
inform,"expensive
"
inform,"expensive
"
inform,"expensive
"
inform,"expensive
"
inform,"moderate
"
inform,"moderate
"
inform,"moderately priced west part of town
"
inform,"i would like to find a restaurant in the north part of town that serves kosher food
"
inform,"italian food
"
inform,"restaurant in the center
"
inform,"gastropub
"
inform,"gastropub
"
inform,"gastropub food
"
inform,"polynesian food east of town
"
inform,"looking for moderately priced restaurant in the north part of town
"
inform,"im looking for a moderately priced restaurant that serves austria asian food
"
inform,"what about modern european
"
inform,"im looking for a restaurant in the north part of town that serves korean food
"
inform,"can i have a british restaurant in the east please
"
inform,"moderate
"
inform,"ah what have you got for thai food
"
inform,"i need thai food
"
inform,"you know thai thai food
"
inform,"thai food
"
inform,"thai food
"
inform,"thai food
"
inform,"not chinese food thai food
"
inform,"tha thai
"
inform,"thai
"
inform,"thai
"
inform,"thai
"
inform,"im looking for a restaurant in the west part of town that serves canapes food
"
inform,"cheap
"
inform,"spanish food
"
inform,"any
"
inform,"any price range
"
inform,"moderate price range
"
inform,"spanish
"
inform,"traditional
"
inform,"spanish food
"
inform,"spanish
"
inform,"food
"
inform,"im looking for a restaurant in the center of town
"
inform,"romanian
"
inform,"asian oriental
"
inform,"jamaican food
"
inform,"mediterranean
"
inform,"cheap
"
inform,"mediterranean
"
inform,"food type
"
inform,"i dont care
"
inform,"french food
"
inform,"a cheap restaurant in the south part of town
"
inform,"any
"
inform,"austrian food
"
inform,"chinese
"
inform,"jamaican food
"
inform,"i dont care
"
inform,"jamaican food
"
inform,"jamaican food
"
inform,"portuguese food
"
inform,"expensive restaurant in the south part of town
"
inform,"expensive
"
inform,"any
"
inform,"im looking for a restaurant in the north part of town that serves european food
"
inform,"any
"
inform,"south
"
inform,"restauarant south part of town vanessa food
"
inform,"anything cheap
"
inform,"im looking for a moderately priced restaurant in the north part of town
"
inform,"swedish food
"
inform,"center
"
inform,"swedish
"
inform,"india
"
inform,"indian
"
inform,"im looking for a restaurant in the center that serves romanian food
"
inform,"romanian
"
inform,"moderately
"
inform,"any
"
inform,"moderately
"
inform,"moderately
"
inform,"south
"
inform,"moderately
"
inform,"im looking for a moderately priced restaurant in the south part of town
"
inform,"i want to find a moderately priced restaurant and it should be in the north part of town
"
inform,"ya im looking for a restaurant serving persian food
"
inform,"persian
"
inform,"any
"
inform,"i want a restaurant in the center
"
inform,"i want english food in the center of town
"
inform,"is there mediterranean food
"
inform,"center
"
inform,"vegetarian
"
inform,"asian oriental
"
inform,"i dont care
"
inform,"british
"
inform,"i dont care
"
inform,"im looking for turkish food
"
inform,"im looking for turkish food
"
inform,"cheap restaurant in the east part of town
"
inform,"i need a moderately priced restaurant
"
inform,"restaurant in the south part of town that serves mexican food
"
inform,"im looking for a restaurant in the center of town that serves romanian food
"
inform,"romanian
"
inform,"i would like to find a restaurant in the north part of town
"
inform,"scandinavian food
"
inform,"italian
"
inform,"italian food
"
inform,"ok i would like to find a restaurant that serves italian food
"
inform,"im looking for an expensive restaurant and it should be east part of town
"
inform,"any
"
inform,"food
"
inform,"restaurant in the north part of town that serves turkish food
"
inform,"asian oriental type of food
"
inform,"im looking for a thai food restaurant and i dont care the price
"
inform,"im looking for thai food
"
inform,"thai food
"
inform,"cheap restaurant
"
inform,"any
"
inform,"um im looking for something in the west thats moderately priced
"
inform,"i dont care
"
inform,"west
"
inform,"im looking for a restaurant in the north part of town that serves french food
"
inform,"french food
"
inform,"cheap restaurant
"
inform,"indian food
"
inform,"um north american food
"
inform,"sea food
"
inform,"sea food
"
inform,"sea food
"
inform,"im looking for an expensive restaurant that serves belgium food
"
inform,"could i have brazilian food
"
inform,"korean food type
"
inform,"korean food
"
inform,"korean
"
inform,"korea
"
inform,"i want to find a cheap restaurant
"
inform,"in the north part of town
"
inform,"north
"
inform,"cheap
"
inform,"im looking for an expensive restaurant
"
inform,"in the north part of town
"
inform,"i dont care
"
inform,"expensive
"
inform,"south
"
inform,"dont care
"
inform,"expensive restaurant it should serve persian food
"
inform,"im looking for an expensive restaurant that serves french food
"
inform,"cheap restaurant
"
inform,"food
"
inform,"food
"
inform,"im looking for an expensive restaurant
"
inform,"im looking for an expensive restaurant that serves turkish food
"
inform,"north
"
inform,"i want to find a moderately priced restaurant that serves vietnamese food
"
inform,"any noise
"
inform,"any
"
inform,"i want to find a restaurant in the center
"
inform,"i want fusion food
"
inform,"i dont care
"
inform,"restaurant
"
inform,"german
"
inform,"expensive
"
inform,"irish
"
inform,"irish food
"
inform,"irish food
"
inform,"barbecue food
"
inform,"um doesnt matter if its in the center of the town
"
inform,"doesnt matter
"
inform,"cheap
"
inform,"north
"
inform,"north
"
inform,"north
"
inform,"cheap restaurant
"
inform,"any where
"
inform,"mediterranean
"
inform,"expensive restaurant in the south
"
inform,"any
"
inform,"south
"
inform,"expensive
"
inform,"south part of town
"
inform,"south
"
inform,"south part of town
"
inform,"dont care
"
inform,"north
"
inform,"south
"
inform,"west
"
inform,"west
"
inform,"i dont care
"
inform,"south
"
inform,"south
"
inform,"south part of town
"
inform,"expensive
"
inform,"uh cheap restaurant in the north part of town
"
inform,"cheap
"
inform,"dont care
"
inform,"christmas food
"
inform,"looking for something moderately priced on the north side of town
"
inform,"i want an expensive restaurant in the east part of town
"
inform,"dont care
"
inform,"i am looking for an expensive restaurant that serves australian food
"
inform,"i am looking for an expensive restaurant that serves australian food
"
inform,"im looking for a cheap restaurant in the east part of town that serves gastropub food
"
inform,"im looking for a cheap restaurant in the west part of town
"
inform,"i dont care
"
inform,"im looking for a sea food restaurant
"
inform,"im looking for a sea food restaurant
"
inform,"i want to find a restaurant in the center and it should serve corsica food
"
inform,"i need a restaurant in the west part of town that serves english food
"
inform,"i would like a moderately priced restaurant
"
inform,"spanish food
"
inform,"im looking for a cheap restaurant
"
inform,"moroccan food
"
inform,"i need a restaurant in the west part of town
"
inform,"expensive
"
inform,"japanese
"
inform,"italian
"
inform,"cheap
"
inform,"west
"
inform,"moderate
"
inform,"i need a moderately priced restaurant in the north part of town
"
inform,"moderately priced in the south part of town
"
inform,"any
"
inform,"south
"
inform,"dont care
"
inform,"um do not care
"
inform,"south part of town
"
inform,"im looking for a moderately priced restaurant in the north part of town
"
inform,"um i would like to find an expensive restaurant in the south part of town
"
inform,"um it doesnt matter
"
inform,"i want a cheap restaurant in the north part of town
"
inform,"um im looking for a cheap restaurant
"
inform,"vietnamese
"
inform,"restaurant in the west part of town
"
inform,"system irish food
"
inform,"im looking for a cheap restaurant in the south part of the town
"
inform,"north
"
inform,"cheap
"
inform,"im looking for a cheap restaurant that serves malaysian food
"
inform,"swiss food
"
inform,"any
"
inform,"im looking for a re
"
inform,"im looking for romanian food
"
inform,"cheap
"
inform,"uh chinese
"
inform,"im looking for a restaurant in the north part of town
"
inform,"moderate price range
"
inform,"i want a restaurant
"
inform,"north american
"
inform,"north american food
"
inform,"chinese restaurant in the south part of town
"
inform,"chinese
"
inform,"find restaurant in north part of town serving asian food
"
inform,"doesnt matter
"
inform,"doesnt matter
"
inform,"indian food
"
inform,"gastropub
"
inform,"dont care
"
inform,"dont care
"
inform,"christmas food
"
inform,"asian food
"
inform,"asian oriental
"
inform,"im looking for a restaurant in the south part of town it should serve jamaican food
"
inform,"south
"
inform,"i dont care
"
inform,"do you have jamaican restaurant
"
inform,"im looking for an expensive restaurant in the east part of town
"
inform,"steak
"
inform,"restaurant in the west part of town
"
inform,"west
"
inform,"welch food
"
inform,"british food
"
inform,"center
"
inform,"center
"
inform,"italian
"
inform,"italian food
"
inform,"any
"
inform,"dont care
"
inform,"moderately priced
"
inform,"indian food
"
inform,"moderately priced restaurant
"
inform,"any
"
inform,"south
"
inform,"i want to find a restaurant in the east part of town that serves basque food
"
inform,"id like a moderately priced restaurant in the north part of town
"
inform,"im looking for a restaurant that serves austrian food
"
inform,"austrian food
"
inform,"expensive restaurant that serves vegetarian food
"
inform,"vegetarian food
"
inform,"asian oriental type of food
"
inform,"moderately priced priced restaurant
"
inform,"i am looking for an expensive restaurant on the east part of town
"
inform,"italian
"
inform,"steak
"
inform,"any food that serves any restaurant thats expensive
"
inform,"looking for a cheap restaurant in the east part of town
"
inform,"polynesian food
"
inform,"any
"
inform,"polynesian food
"
inform,"i would like to find a moderately priced restaurant in the north part of town please
"
inform,"italian
"
inform,"moderately priced
"
inform,"the south part of
"
inform,"im looking for a moderately priced restaurant
"
inform,"in the south part of town
"
inform,"i am looking for a moderately priced restaurant in the south part of town
"
inform,"any food
"
inform,"expensive french
"
inform,"french food any part of town
"
inform,"expensive
"
inform,"cheap restaurant south part of town
"
inform,"cheap
"
inform,"irish food
"
inform,"french food
"
inform,"moderately priced restaurant in the west
"
inform,"west
"
inform,"moderate price range
"
inform,"west part of town moderately priced
"
inform,"caribbean
"
inform,"caribbean
"
inform,"modern euorpean
"
inform,"im looking for a moderately priced restaurant in the east part of town
"
inform,"im looking for a restaurant that serves romanian food
"
inform,"dont care
"
inform,"romanian
"
inform,"im looking for a restaurant that serves scandinavian food
"
inform,"scandinavian food
"
inform,"restaurant in any area
"
inform,"expensive restaurant in the south part of town
"
inform,"dont care
"
inform,"moderately
"
inform,"moderate
"
inform,"dont care
"
inform,"im looking for a cheap restaurant in the south part of town
"
inform,"cantonese food
"
inform,"thai food
"
inform,"i want thai food
"
inform,"any
"
inform,"thai food
"
inform,"i want thai food
"
inform,"i dont give a damn about chinese food i want thai food
"
inform,"im looking for a restaurant that serves thai food
"
inform,"food from thailand
"
inform,"i dont give a fuck if hk fusion serves chinese food im looking for thai food
"
inform,"tuscan food
"
inform,"tuscan food
"
inform,"south
"
inform,"south
"
inform,"north
"
inform,"north
"
inform,"im looking for an expensive restaurant serving turkish food
"
inform,"mexican food
"
inform,"moderate
"
inform,"moderate
"
inform,"cuban
"
inform,"cuban
"
inform,"im looking for a moderately priced restaurant in the east part of town
"
inform,"i dont care
"
inform,"im looking for a moderately priced restaurant
"
inform,"moderately priced restaurant in east part of town
"
inform,"im looking for a moderately priced restaurant that serves scottish food
"
inform,"im looking for a moderately priced restaurant that serves british food
"
inform,"im looking for an expensive restaurant
"
inform,"doesnt matter
"
inform,"um anything else
"
inform,"im looking for a restaurant in north part of town serving austrian food
"
inform,"im looking for a restaurant in the south part of town that serves french food
"
inform,"indian food in the south part of town
"
inform,"i need restaurant serves spanish food
"
inform,"id like to find a restaurant in any area serving mediterranean food
"
inform,"mediterranean food
"
inform,"im looking for a restaurant in the south part of town that serves greek food
"
inform,"chinese
"
inform,"chinese
"
inform,"in the east part of town
"
inform,"moderate
"
inform,"i want a scottish restaurant
"
inform,"i dont care about the price range
"
inform,"world food any price range
"
inform,"portuguese food
"
inform,"any
"
inform,"french food
"
inform,"expensive
"
inform,"expensive
"
inform,"expensive
"
inform,"i dont care
"
inform,"i dont care
"
inform,"cheap restaurant in the east part of town
"
inform,"spanish food
"
inform,"cheap
"
inform,"spanish food
"
inform,"im looking for a restaurant in the north part of town
"
inform,"french
"
inform,"i need a caribbean restaurant in the south part of town
"
inform,"im looking for a cheap restaurant in the south part of town
"
inform,"im looking for a moderately priced restaurant in the north part of town
"
inform,"any type of food
"
inform,"id like to find japanese food
"
inform,"any
"
inform,"and the food type
"
inform,"i would like a cheap restaurant in the north part of town
"
inform,"restaurant in the east part of town international food
"
inform,"id like to find a restaurant serving french food
"
inform,"i want to find a restaurant that serves french food
"
inform,"i dont care about the price range what is the address
"
inform,"an expensive restaurant in the south part of town
"
inform,"doesnt matter
"
inform,"south part of town italian food
"
inform,"cheap
"
inform,"i want a restaurant that serves welsh food
"
inform,"any area
"
inform,"find australian restaurant in north part of town
"
inform,"find indian restaurant in north of town
"
inform,"id like a portuguese restaurant
"
inform,"im looking for turkish food in the center
"
inform,"any part
"
inform,"bistro food
"
inform,"moderate
"
inform,"id like to find a moderately priced restaurant
"
inform,"sea food
"
inform,"any
"
inform,"i want a cheap restaurant that serves european food
"
inform,"a cheap restaurant serving mexican food
"
inform,"id like thai food
"
inform,"i dont care can i try again
"
inform,"thai food
"
inform,"id like thai food
"
inform,"id like a restaurant that serves thai food
"
inform,"id like thai food
"
inform,"id like thai food
"
inform,"id like thai food
"
inform,"south
"
inform,"steak house
"
inform,"indian
"
inform,"moderately priced restaurant
"
inform,"any part
"
inform,"lebanese
"
inform,"moderately priced west part of town
"
inform,"im looking for a restaurant in the center of town that serves thai food
"
inform,"doesnt matter
"
inform,"thai food
"
inform,"looking for moderately priced restaurant that serves creative food
"
inform,"and british food
"
inform,"i want a restaurant that serves creative food
"
inform,"north american type of food
"
inform,"i want a cheap restaurant in the north part of town
"
inform,"it should serve belgian food
"
inform,"im looking for an expensive restaurant that serves
"
inform,"cantonese food
"
inform,"expensive
"
inform,"south part of town
"
inform,"id like a restaurant in the north part of town serving indian food
"
inform,"id like a restaurant in the north part of town serving indian food
"
inform,"id like an indian restaurant
"
inform,"expensive restaurant south part of town
"
inform,"moderately
"
inform,"west
"
inform,"mexican food
"
inform,"id like a cheap restaurant in the south part of town
"
inform,"im looking for moderately priced restaurant in the east part of town
"
inform,"steak house
"
inform,"british food
"
inform,"moderate
"
inform,"any part
"
inform,"british food
"
inform,"im looking for a restaurant in the north part of town that serves thai food
"
inform,"thai
"
inform,"how about in the west area
"
inform,"is there one in the west area
"
inform,"dont care
"
inform,"korean
"
inform,"in the center
"
inform,"mexican food
"
inform,"mexican food
"
inform,"cheap restaurant
"
inform,"any
"
inform,"south
"
inform,"restaurant in the east part of town that serves indonesian food
"
inform,"african food in any price range
"
inform,"um east part
"
inform,"japanese
"
inform,"japanese
"
inform,"in the center
"
inform,"in the center
"
inform,"i want to find a restaurant in the west part of town that serves vietnamese food
"
inform,"oh i dont care
"
inform,"moderate price
"
inform,"brazilian food
"
inform,"gastropub
"
inform,"id like a cheap restaurant in the south part of town
"
inform,"looking for an expensive restaurant
"
inform,"south part of town
"
inform,"im looking for a cheap restaurant in the south part of town
"
inform,"cheap restaurant
"
inform,"dont care
"
inform,"greek
"
inform,"italian
"
inform,"italian
"
inform,"cheap restaurant
"
inform,"italian
"
inform,"i want to find a moderately priced restaurant in the south part of time
"
inform,"dont care
"
inform,"expensive
"
inform,"i want a moderate priced restaurant that serves indian food
"
inform,"moderate priced restaurant that serves indian food
"
inform,"im looking for a moderate priced restaurant that serves indian food
"
inform,"im looking for a moderate priced restaurant that serves indian food
"
inform,"im looking for a korean restaurant
"
inform,"korean restaurant
"
inform,"moderate
"
inform,"restaurant north
"
inform,"welsh food
"
inform,"asian oriental
"
inform,"british food in north part of town
"
inform,"indian food
"
inform,"indian
"
inform,"indian food
"
inform,"just fuck every time i do it and this moron says that its indian sucks
"
inform,"indian food
"
inform,"im looking for polish food
"
inform,"thai food
"
inform,"i want a cheap restaurant in the west part of town
"
inform,"im looking for a cheap restaurant in the west part of town
"
inform,"im looking for a restaurant in the south part of town it should serve kosher food
"
inform,"im looking for a moderately priced restaurant
"
inform,"the south part of town
"
inform,"cheap
"
inform,"uh dont care but can it be vegetarian food
"
inform,"cheap indian food
"
inform,"i would like a restaurant
"
inform,"belgian food
"
inform,"korean
"
inform,"are they expensive
"
inform,"i dont care
"
inform,"looking for a cheap restaurant that serves spanish food
"
inform,"i want to find a restaurant in the centre that serves thai food
"
inform,"thai
"
inform,"greek food
"
inform,"french food
"
inform,"center
"
inform,"eritrean food in the east part of town
"
inform,"i dont care
"
inform,"expensive
"
inform,"im looking for a expensive restaurant serving mediterranean food
"
inform,"polynesian food
"
inform,"korean food
"
inform,"looking for a moderately priced restaurant in the east part of town
"
inform,"im looking for a moderately priced restaurant in the north part of town
"
inform,"indian
"
inform,"expensive restaurant east part of town
"
inform,"expensive
"
inform,"any
"
inform,"portuguese food
"
inform,"cheap restaurant portuguese
"
inform,"expensive mediterranean food
"
inform,"expensive
"
inform,"i dont care
"
inform,"mediterranean food
"
inform,"mediterranean food
"
inform,"any
"
inform,"moderate
"
inform,"any
"
inform,"im looking for a cheap restaurant
"
inform,"doesnt matter
"
inform,"korean food in the north part of town
"
inform,"i want a restaurant in the north part of town
"
inform,"i dont care
"
inform,"italian food
"
inform,"mediterranean food
"
inform,"about portuguese
"
inform,"portuguese food in the south part of town
"
inform,"expensive
"
inform,"any
"
inform,"afghan food
"
inform,"asian food
"
inform,"i dont care
"
inform,"i dont care
"
inform,"dont care
"
inform,"food
"
inform,"asian oriental
"
inform,"asian
"
inform,"oriental
"
inform,"oriental
"
inform,"oriental
"
inform,"oriental
"
inform,"asian
"
inform,"asian oriental
"
inform,"um im looking for a moderately priced restaurant in the south part of town
"
inform,"south part of town
"
inform,"italian food
"
inform,"moroccan
"
inform,"moroccan food
"
inform,"greek food
"
inform,"id like to find a moderately priced restaurant
"
inform,"moderate
"
inform,"i need it in the north part of town
"
inform,"im looking for a cheap restaurant that serves portuguese food
"
inform,"dont care
"
inform,"moderately priced
"
inform,"spanish food
"
inform,"dont care
"
inform,"spanish food
"
inform,"like to find a moderately priced restaurant in the west part of town
"
inform,"um portuguese
"
inform,"im looking for an expensive restaurant in the east part of town
"
inform,"doesnt matter
"
inform,"im looking for a restaurant in a area that serves
"
inform,"im looking for a restaurant in the west part of town
"
inform,"italian food
"
inform,"a restaurant in the west that serves italian food
"
inform,"are their any other restaurants that serve turkish food
"
inform,"moderately priced
"
inform,"in the center part of
"
inform,"im looking for a cheap restaurant in the west part of town
"
inform,"cheap
"
inform,"im looking for a restaurant in the north part of town
"
inform,"i dont care
"
inform,"australian
"
inform,"east part of town i need an expensive restaurant
"
inform,"spanish
"
inform,"looking for caribbean food
"
inform,"i dont care but i want it to be in the east part of town
"
inform,"looking for welsh food
"
inform,"im looking for a moderately priced restaurant in the east part of town
"
inform,"in the south part of town
"
inform,"moderate price range
"
inform,"asian oriental
"
inform,"i need a restaurant that serves thai food
"
inform,"i dont care
"
inform,"moderately priced restaurant north part of town
"
inform,"south part of town
"
inform,"portuguese food
"
inform,"portuguese
"
inform,"im looking for a moderately priced restaurant in the east part of town
"
inform,"id like a restaurant that serves australian asian food
"
inform,"i need to find one in the south part of town
"
inform,"danish
"
inform,"portuguese
"
inform,"creative food
"
inform,"north american
"
inform,"british
"
inform,"moderate
"
inform,"any
"
inform,"korean food price range
"
inform,"any
"
inform,"i dont care
"
inform,"im looking for a restaurant in the center of town
"
inform,"im looking for traditional food
"
inform,"im looking for a moderately priced restaurant in the south part of town
"
inform,"any
"
inform,"christmas food
"
inform,"indian food
"
inform,"center
"
inform,"west
"
inform,"indian food
"
inform,"i want to find a cheap restaurant in the south part of town
"
inform,"cheap
"
inform,"in the inner south
"
inform,"i want something in the south
"
inform,"im looking for a restaurant in the north part of town uh tuscan food
"
inform,"i dont care
"
inform,"tuscan
"
inform,"im looking for a cheap restaurant that serves malaysian food
"
inform,"malaysian
"
inform,"moderately priced
"
inform,"expensive
"
inform,"moderately priced
"
inform,"cheap
"
inform,"south part of town
"
inform,"south
"
inform,"noise south part of town
"
inform,"cheap
"
inform,"south
"
inform,"south
"
inform,"food
"
inform,"food
"
inform,"irish food
"
inform,"any
"
inform,"any
"
inform,"caribbean food
"
inform,"thai food
"
inform,"west part of town
"
inform,"thai food
"
inform,"thai
"
inform,"im looking for an expensive restaurant that serves european food
"
inform,"expensive
"
inform,"im looking for air tran food in the south part of town
"
inform,"portuguese food
"
inform,"french food
"
inform,"cheap restaurant
"
inform,"west part of town
"
inform,"expensive
"
inform,"any
"
inform,"corsica
"
inform,"thai
"
inform,"thai
"
inform,"thai
"
inform,"thai food
"
inform,"thai food
"
inform,"thai food
"
inform,"thai
"
inform,"thai food
"
inform,"thai food
"
inform,"thai food
"
inform,"thai food
"
inform,"thai food
"
inform,"thai food
"
inform,"thai
"
inform,"thai
"
inform,"i would like some danish food
"
inform,"i would like an expensive asian food restaurant
"
inform,"north
"
inform,"expensive
"
inform,"im looking for an expensive restaurant that serves venetian food
"
inform,"turkish food
"
inform,"i want a cheap restaurant in the north part of town
"
inform,"italian
"
inform,"moderately
"
inform,"restaurant
"
inform,"moderately priced restaurant
"
inform,"moderately
"
inform,"lebanese restaurant in the west part of town
"
inform,"lebanese
"
inform,"thai food
"
inform,"thai food
"
inform,"tailand
"
inform,"thai food in the west of town
"
inform,"im looking for african food
"
affirm,"uh yes i want to find a restaurant in the north part of town that serves
"
affirm,"yes hi im looking for a restaurant in the north
"
affirm,"yes expensive
"
affirm,"correct
"
affirm,"yes i want the phone number
"
affirm,"yeah
"
affirm,"perfect
"
affirm,"ah yes that serves french food
"
affirm,"yes danish food
"
affirm,"yes do you have one with chinese
"
affirm,"yes in the north part of town
"
affirm,"yes creative food
"
affirm,"yes west part of town
"
affirm,"ah yes im looking for persian food though
"
affirm,"yea
"
affirm,"yea
"
affirm,"correct
"
affirm,"yea
"
affirm,"yeah
"
affirm,"right in the south part of town
"
affirm,"yes in the cheap price range
"
affirm,"yeah can i um
"
affirm,"yeah
"
affirm,"yeah
"
affirm,"ye
"
affirm,"yea
"
affirm,"yes id like to find a cheap restaurant in the north part of town
"
affirm,"yes can i have an expensive restaurant
"
affirm,"yes that serves corsica food
"
affirm,"yes im looking for an expensive restaurant and it should serve
"
affirm,"ye
"
affirm,"correct
"
affirm,"yes good afternoon im looking for a restaurant in the north
"
affirm,"yes an expensive restaurant serving african food
"
affirm,"yea
"
affirm,"uh yes can i find an expensive restaurant that serves italian food
"
affirm,"uh huh
"
affirm,"yes im looking for english food
"
affirm,"yes id like an expensive restaurant in the east part of town
"
affirm,"ye
"
affirm,"yes a restaurant in the east of town unintelligible serving canap
"
affirm,"ye
"
affirm,"yes spanish food
"
affirm,"yes expensive
"
affirm,"yes can i have a moderate priced restaurant
"
affirm,"yes im looking for a restaurant in the north part of town
"
affirm,"yeah
"
affirm,"yea
"
affirm,"yeah
"
affirm,"uh yes international food please
"
affirm,"correct
"
affirm,"correct
"
affirm,"yea
"
affirm,"yes indian food
"
affirm,"yes part of town
"
affirm,"correct
"
affirm,"uh yes im looking for a restaurant in any area that serves thai food
"
affirm,"uh yes im looking for a restaurant that serves chinese food
"
affirm,"yeah
"
affirm,"yea
"
affirm,"yes moderately priced
"
affirm,"uh yes i am looking for an expensive restaurant in the south part of
"
affirm,"yes im looking for a
"
affirm,"yes indian food
"
affirm,"yea
"
affirm,"yes cheap restaurant
"
affirm,"yes im looking for a restaurant in the north part of town
"
affirm,"ye
"
affirm,"yea
"
affirm,"yeah
"
affirm,"yeah
"
affirm,"correct
"
affirm,"correct
"
affirm,"correct
"
affirm,"yea
"
affirm,"yea in the east part of town
"
affirm,"uh yes can i have expensive restaurant that serves thai food
"
affirm,"uh yes im looking for a restaurant that serves afghan food
"
affirm,"uh yes can i get the address
"
affirm,"yea
"
affirm,"yea
"
affirm,"uh yes can i find a cheap restaurant in the north part of town
"
affirm,"yeah
"
affirm,"yes can i have an expensive restaurant in the east
"
affirm,"in the center yes
"
affirm,"uh yes can i find a cheap restaurant in the north part of town
"
affirm,"ye
"
affirm,"yeah im looking for a moderately priced restaurant
"
affirm,"yes can i have restaurants serving
"
affirm,"uh yes turkish food
"
affirm,"yes a moderately priced restaurant
"
affirm,"uh yes im looking for an expensive restaurant and it should be in the east part of town
"
affirm,"uh yes an expensive restaurant
"
affirm,"yes id like hungarian food in the south part of town
"
affirm,"uh yes
"
affirm,"yeah i need um um m
"
affirm,"yea im wondering if theres a steak house restaurant in the north part of
"
affirm,"yea
"
affirm,"uh yes im looking for a restaurant in the center that serves lebanese food
"
affirm,"noise yes
"
affirm,"yes iam looking for a cheap restaurant in the south part of town
"
affirm,"yes and it needs to be moderately priced
"
affirm,"yeah
"
affirm,"yeah
"
affirm,"yeah
"
affirm,"ye
"
affirm,"yes serving cuban food
"
affirm,"ye
"
affirm,"yea
"
affirm,"right that serves italian food
"
affirm,"correct
"
affirm,"yeah im looking for a restaurant serving kosher food
"
affirm,"yea
"
affirm,"yes moderate priced
"
affirm,"uh yes mexican please
"
affirm,"ye
"
affirm,"yes please can i have the address and the price range of the restaurant please
"
affirm,"yes that serves british food
"
affirm,"correct
"
affirm,"correct
"
affirm,"yea in the west part of town
"
affirm,"yes can i get an expensive restaurant in the south part of town
"
affirm,"correct
"
affirm,"yea
"
affirm,"correct
"
affirm,"correct
"
affirm,"ye
"
affirm,"ye
"
affirm,"yea
"
affirm,"yea
"
affirm,"yes yea
"
affirm,"correct
"
affirm,"yeah
"
affirm,"uh yes that serves mediterranean food
"
affirm,"yeah do you have thai food
"
affirm,"yes it should be in the east part of town
"
affirm,"yes indian food
"
affirm,"correct
"
affirm,"yea you can give me the address
"
affirm,"uh yes id like a restaurant in the west part of town and it should serve christmas food
"
affirm,"yeah
"
affirm,"yea
"
affirm,"yeah
"
affirm,"yes id like a restaurant in the east part of town that serves indian food
"
affirm,"im looking yes a restaurant in the east of town
"
affirm,"yes in the east part of town
"
affirm,"ye
"
affirm,"correct
"
affirm,"yeah
"
affirm,"yea
"
affirm,"yes yes
"
affirm,"breath yes id like a moderately priced restaurant that serves thai food
"
affirm,"breath yes id like a moderately priced restaurant that serves thai food
"
affirm,"yes serving chinese food
"
affirm,"yeah im looking for a cheap restaurant
"
affirm,"right in the south side of town though
"
affirm,"yea
"
affirm,"yes cheap spanish restaurant
"
affirm,"yeah
"
affirm,"yes in the north part of town
"
affirm,"yeah
"
affirm,"uh yes i would like a restaurant in the south
"
affirm,"correct
"
affirm,"ye
"
affirm,"yes fusion
"
affirm,"yes can i have a vegetarian restaurant in the east part of town
"
affirm,"yea
"
affirm,"yeah
"
affirm,"yea
"
affirm,"yea
"
affirm,"yes im looking for barbecue food
"
affirm,"mmhm
"
affirm,"yeah im looking for a restaurant in the south part of town that serves international food
"
affirm,"yes can i have malaysian food
"
affirm,"ye
"
affirm,"yeah
"
affirm,"yes i would like to know the address
"
affirm,"thats correct
"
affirm,"yea the area
"
affirm,"yeah i need to find
"
affirm,"ye
"
affirm,"uh yes can i find a moderately priced restaurant and it serve it should serve brazilian food
"
affirm,"yes yes
"
affirm,"uh yes restaurant that serves danish food
"
affirm,"uh yes im looking for a cheap restaurant that serves medetanian food
"
affirm,"yeah
"
affirm,"yea
"
affirm,"yea
"
affirm,"correct
"
affirm,"yes in the moderately priced
"
affirm,"ye
"
affirm,"yes right
"
affirm,"yes that serves korean food
"
affirm,"uh yes i need the north part of town
"
affirm,"yes knocking
"
affirm,"yes can i have
"
affirm,"right on good bye peace
"
affirm,"yes and i dont care about the price range
"
affirm,"ye
"
affirm,"yes can i have can i get swedish food in any area
"
affirm,"yea
"
affirm,"yes that sells korean food
"
affirm,"yea
"
affirm,"yes id like an expensive restaurant in the east part of town
"
affirm,"uh yes im looking for a cheap restaurant in the west part of town
"
affirm,"uh yes a cheap restaurant
"
affirm,"thats correct gastropub food
"
affirm,"yes and in french please
"
affirm,"correct
"
affirm,"yea
"
affirm,"um yes
"
affirm,"yea
"
affirm,"yeah
"
affirm,"yes i am in the east part of town right now and i am looking for any place that serves indonesian food
"
affirm,"uh yes can i find a restaurant in the east part of town that serves chinese
"
affirm,"uh huh
"
affirm,"yes cheap restaurant
"
affirm,"yea whats the address
"
affirm,"yes could you recommend me a place that serves british food in a moderate price range
"
affirm,"yes address
"
affirm,"yes i would like portuguese food
"
affirm,"uh yes
"
affirm,"yea
"
affirm,"yes the address
"
affirm,"yea
"
affirm,"ye
"
affirm,"uh yeah can i find a restaurant in the south part of town serving turkish food
"
affirm,"uh yes iam looking for a british type of food restaurant
"
affirm,"uh yes
"
affirm,"uh yes im looking for a belgian restaurant in new york city
"
affirm,"yes that serves chinese food
"
request,"could i get their phone number
"
request,"address
"
request,"phone number
"
request,"address
"
request,"phone number
"
request,"can i get the address and phone number
"
request,"could i have their phone number and the type of food
"
request,"type of food
"
request,"whats the phone number
"
request,"phone number
"
request,"phone number
"
request,"well can i get the address and the post code
"
request,"can i have the address and phone number
"
request,"phone number
"
request,"what type of food
"
request,"what is the address
"
request,"type of food
"
request,"address
"
request,"phone number
"
request,"type of food served
"
request,"uh whats the phone number and address please
"
request,"phone number
"
request,"phone number
"
request,"address
"
request,"could i have the phone number please
"
request,"whats the phone number
"
request,"what is the price range
"
request,"what is the address and phone number
"
request,"whats the phone number
"
request,"do you have the address
"
request,"phone number
"
request,"its a type of food
"
request,"what is the address and phone number
"
request,"address
"
request,"what is the address and phone number
"
request,"address
"
request,"what is the address and phone number
"
request,"address
"
request,"phone number
"
request,"address
"
request,"address
"
request,"phone number
"
request,"address
"
request,"phone number
"
request,"can i get the address
"
request,"whats the address
"
request,"whats the phone number
"
request,"may i have the phone number and address
"
request,"whats the address
"
request,"and the phone number
"
request,"and the post code
"
request,"what type of food is this
"
request,"what is the address and phone number
"
request,"what is the phone number
"
request,"may i have the phone number and address
"
request,"can i get the phone number
"
request,"can i get their address
"
request,"and what kind of food do they have
"
request,"can i get the address tv_noise
"
request,"phone number tv_noise
"
request,"phone number tv_noise
"
request,"what is the address
"
request,"what is the phone number
"
request,"phone number
"
request,"address
"
request,"phone number
"
request,"address and phone number
"
request,"phone number
"
request,"area
"
request,"phone number
"
request,"and what type of whats the phone number
"
request,"and what type of food does it serve
"
request,"what is the address
"
request,"what type of food
"
request,"what is the phone number
"
request,"what is the type of food
"
request,"whats the address
"
request,"may i have a phone number and postcode
"
request,"may i have the postcode
"
request,"whats the address phone number and area
"
request,"and what area
"
request,"what is the phone number and address
"
request,"what is the address
"
request,"what is the address
"
request,"what is the phone number
"
request,"where is it located
"
request,"whats its price range
"
request,"could i have its phone number
"
request,"can i have the phone number
"
request,"address
"
request,"post code
"
request,"whats the address
"
request,"and the phone number
"
request,"address
"
request,"phone number
"
request,"the phone number
"
request,"the phone number for bloomsbury
"
request,"and the price range
"
request,"phone number
"
request,"what is the phone number
"
request,"can i have their address please
"
request,"and the phone number
"
request,"whats the price range
"
request,"can i have the phone number
"
request,"what is the address
"
request,"what is the phone number
"
request,"phone number
"
request,"what is the phone number
"
request,"and the area
"
request,"okay and uh can i get the address
"
request,"okay and whats the post code
"
request,"okay and uh the phone number
"
request,"the address
"
request,"and the post code
"
request,"whats the address
"
request,"whats the phone number
"
request,"what about the phone number
"
request,"and the phone number
"
request,"whats the address
"
request,"the phone number
"
request,"and the post code
"
request,"what is the phone number
"
request,"address
"
request,"price range
"
request,"what area of town is it
"
request,"address phone number post code
"
request,"phone number
"
request,"post code
"
request,"could i have the area please
"
request,"what type of food
"
request,"whats the address
"
request,"phone number
"
request,"phone number
"
request,"address phone number and price range
"
request,"address
"
request,"phone number
"
request,"price range
"
request,"phone number
"
request,"phone number
"
request,"post code
"
request,"kay can i have the address phone number and the area
"
request,"what is the address
"
request,"what type of food
"
request,"what is the address
"
request,"whats the phone number
"
request,"what area is it in
"
request,"what is the address
"
request,"what is the phone number
"
request,"what is the price range
"
request,"what is the address
"
request,"and the area
"
request,"what is the address
"
request,"what is the phone number
"
request,"what is the price range
"
request,"what type of food
"
request,"what is the address and phone number
"
request,"whats the address to that please
"
request,"what is the address
"
request,"okay whats the phone number
"
request,"whats the address
"
request,"can i get the address
"
request,"can i get the phone number
"
request,"and the post code
"
request,"phone number
"
request,"phone number
"
request,"what type of food
"
request,"phone number
"
request,"phone number
"
request,"what is the phone number
"
request,"can i get the address and phone number please
"
request,"and the postal code
"
request,"can you give me the phone number
"
request,"what is the pri what is the telephone number
"
request,"could i have the phone number
"
request,"uh price range
"
request,"okay phone number
"
request,"can i get the address
"
request,"can i get the phone number
"
request,"can i get the address
"
request,"and the phone number
"
request,"address
"
request,"address
"
request,"phone number
"
request,"phone number
"
request,"what is the phone number
"
request,"what is the area
"
request,"what is the address and phone number
"
request,"whats the address
"
request,"and the post code
"
request,"what is the phone number
"
request,"phone number
"
request,"address
"
request,"can i have the phone number
"
request,"address
"
request,"address
"
request,"may i have the address and post code
"
request,"address
"
request,"postal code
"
request,"post code
"
request,"address
"
request,"address
"
request,"address
"
request,"post code
"
request,"address
"
request,"address
"
request,"post code
"
request,"whats the price range again
"
request,"whats the address
"
request,"and the phone number
"
request,"what type of food does it serve
"
request,"kind i have the address
"
request,"phone number
"
request,"okay may i get the address
"
request,"what is the address
"
request,"whats the phone number
"
request,"address
"
request,"whats the address and phone number
"
request,"whats the price range
"
request,"how about the address
"
request,"whats their phone number
"
request,"could i get their phone number
"
request,"whats the address
"
request,"whats the phone number
"
request,"what type of food
"
request,"what is the price range
"
request,"do you have the address
"
request,"and the phone number
"
request,"can i have the address and phone number
"
request,"whats the address
"
request,"whats the address
"
request,"and whats the phone number
"
request,"what type of food do they serve
"
request,"what is the address
"
request,"address phone number
"
request,"address and phone number
"
request,"type of food
"
request,"what is the phone number
"
request,"what is the address
"
request,"what is the phone number
"
request,"what is the address
"
request,"and whats the address
"
request,"phone number
"
request,"can you give me the phone number
"
request,"and whats the price range
"
request,"and the phone number
"
request,"and the post code
"
request,"address
"
request,"phone number
"
request,"could i have the phone number
"
request,"what is the phone number
"
request,"may i have the address phone number and post code
"
request,"may i have the post code please
"
request,"what is the address
"
request,"what is the address
"
request,"address
"
request,"phone number
"
request,"post code
"
request,"may i have the phone number and address
"
request,"what are the address and post code
"
request,"post code
"
request,"whats the phone number
"
request,"the postcode
"
request,"what is the address
"
request,"what is the phone number
"
request,"phone number
"
request,"address
"
request,"whats their phone number
"
request,"and their address
"
request,"phone number
"
request,"the phone number
"
request,"the post code
"
request,"whats the phone number
"
request,"phone number
"
request,"address
"
request,"whats the address
"
request,"whats the phone number
"
request,"and the phone number
"
request,"and the address
"
request,"address
"
request,"phone number
"
request,"what type of venue
"
request,"where is it
"
request,"what is the address
"
request,"what is the phone number
"
request,"whats the address and phone number
"
request,"what area
"
request,"what area
"
request,"what is the address
"
request,"what is the price range
"
request,"what type of food
"
request,"may i have the address and phone number
"
request,"may i have the phone number
"
request,"address
"
request,"post code
"
request,"can i get the phone number
"
request,"and the address
"
request,"can i get the address
"
request,"can i get the phone number
"
request,"whats the address
"
request,"whats the phone number
"
request,"whats the address
"
request,"and the post code
"
request,"whats the phone number
"
request,"can i have the phone number
"
request,"can i have the post code
"
request,"whats the phone number and price range
"
request,"price range
"
request,"phone number
"
request,"what are the address
"
request,"can i get a post code
"
request,"kay can i get their phone number please
"
request,"whats the address
"
request,"whats the type of food
"
request,"phone number
"
request,"phone number
"
request,"ah whats the price ran
"
request,"okay and ah whats the price range
"
request,"whats his addre
"
request,"price range
"
request,"phone number
"
request,"phone number
"
request,"type of food
"
request,"what is the phone number
"
request,"may i have the phone number and post code
"
request,"can i have the post code
"
request,"phone number
"
request,"post code
"
request,"i need the phone number and post code
"
request,"phone number
"
request,"phone number
"
request,"what is the address
"
request,"what is the address
"
request,"type of food
"
request,"type of food
"
request,"whats the address
"
request,"whats the phone number
"
request,"i need a special restaurant serving christmas food
"
request,"can i get the phone number
"
request,"address
"
request,"phone number
"
request,"whats the address
"
request,"and whats the phone number
"
request,"and whats the post code
"
request,"what is the address
"
request,"what is the area
"
request,"whats the address
"
request,"whats the phone number
"
request,"whats the price range
"
request,"whats the address
"
request,"and whats the post code
"
request,"how about the phone number
"
request,"address
"
request,"phone number
"
request,"post code
"
request,"whats the address
"
request,"whats the phone number
"
request,"whats the phone number
"
request,"what is the address and post code
"
request,"whats the address and phone number
"
request,"what type of food
"
request,"whats the phone number
"
request,"what area
"
request,"address
"
request,"phone number
"
request,"price range
"
request,"can i have the phone number and the price range
"
request,"the address
"
request,"phone number
"
request,"what area of town
"
request,"can i have the address and phone number please
"
request,"phone number
"
request,"phone number
"
request,"type of food
"
request,"phone number
"
request,"phone number
"
request,"address
"
request,"the address
"
request,"phone number
"
request,"the post code
"
request,"can i get the phone number and area
"
request,"what is the area
"
request,"and the phone number
"
request,"and what is the post code
"
request,"whats the address
"
request,"whats the area
"
request,"address
"
request,"what is the address
"
request,"whats the address
"
request,"what area is it in
"
request,"may i have the address and post code
"
request,"what is their post code
"
request,"what price range
"
request,"may i have the address and phone number
"
request,"address
"
request,"phone number
"
request,"what is the address and phone number
"
request,"what is la margheritas address
"
request,"what is the address
"
request,"the phone number
"
request,"post code
"
request,"post code
"
request,"post code
"
request,"what kind of food does it serve
"
request,"whats the address
"
request,"what is the address
"
request,"address
"
request,"what is the address
"
request,"price range
"
request,"where are they located
"
request,"can i have the phone number and the address please
"
request,"can i have the phone number please
"
request,"okay i need the address
"
request,"and the phone number
"
request,"and whats the phone number
"
request,"phone number
"
request,"phone number
"
request,"post code
"
request,"kay can i get the phone number
"
request,"kay and ah where is it located
"
request,"okay and ah wheres it located
"
request,"phone number
"
request,"phone number
"
request,"whats the address
"
request,"whats the phone number
"
request,"address
"
request,"whats the address and phone number
"
request,"what is the address
"
request,"what is the phone number
"
request,"alright whats the address
"
request,"whats their address
"
request,"the address
"
request,"phone number
"
request,"post code
"
request,"what is the address
"
request,"phone number
"
request,"post code
"
request,"okay whats the phone number
"
request,"the address
"
request,"what is the address
"
request,"phone number
"
request,"phone number
"
request,"what type of food is it
"
request,"what is the phone number
"
request,"what is the address and phone number
"
request,"address
"
request,"phone number
"
request,"whats the phone number
"
request,"phone number
"
request,"phone number
"
request,"whats the address
"
request,"phone number
"
request,"whats the phone number
"
request,"price range
"
request,"phone number
"
request,"phone number
"
request,"and the address
"
request,"what is the address
"
request,"and the post code
"
request,"expensive price restaurant
"
request,"can i have the address and post code
"
request,"can i get the phone number
"
request,"whats the address
"
request,"whats the phone number
"
request,"what type of food does it serve
"
request,"phone number
"
request,"whats the address
"
request,"whats the phone number
"
request,"whats the post code
"
request,"what kind of food do they serve
"
request,"what do they serve
"
request,"what kind of food do they serve
"
request,"okay what is their address
"
request,"what is their phone number
"
request,"and what kind of food do they serve
"
request,"what is the phone number
"
request,"can i have the address of the phone number of the venue
"
request,"can i have the phone number
"
request,"whats the address and the phone number
"
request,"okay and ah can i get their phone number please
"
request,"and their address
"
request,"address
"
request,"address and phone number please
"
request,"phone number please
"
request,"whats the address phone number and area
"
request,"what part of town
"
request,"what is the phone number
"
request,"what kind of food does it serve
"
request,"what kind of food does it serve
"
request,"address
"
request,"phone number
"
request,"what is the address and phone number
"
request,"address phone number price range
"
request,"phone number
"
request,"price range
"
request,"may i have the address and phone number
"
request,"and the phone number
"
request,"address
"
request,"phone number
"
request,"post code
"
request,"what part of town
"
request,"what is the address
"
request,"the phone number
"
request,"can i get the address and phone number
"
request,"whats the phone number
"
request,"whats the post code
"
request,"okay could you give me the phone number
"
request,"phone number
"
request,"phone number
"
request,"address
"
request,"address
"
request,"phone number
"
request,"type of food
"
request,"what is the address
"
request,"what is the phone number
"
request,"address
"
request,"phone number
"
request,"what type of food do they serve
"
request,"what type of food do they serve
"
request,"may i have its address
"
request,"could i have its number
"
request,"may i have its number
"
request,"price range
"
request,"phone number
"
request,"price range
"
request,"what is the phone number
"
request,"can i get the address and phone number
"
request,"address
"
request,"phone number
"
request,"the post code
"
request,"and whats the phone number
"
request,"what kind of food
"
request,"what type of food
"
request,"address
"
request,"what area of town
"
request,"whats the phone number there
"
request,"can i have the address of the venue
"
request,"what type of food
"
request,"phone number
"
request,"can i have the address and phone number please
"
request,"whats the address
"
request,"what is the address and telephone number
"
request,"and the telephone number
"
request,"address
"
request,"the address
"
request,"price range
"
request,"what food is available
"
request,"whats the address
"
request,"phone number
"
request,"address
"
request,"phone number
"
request,"okay good whats the address for that one
"
request,"thats fine give me the address
"
request,"whats the address
"
request,"whats the address
"
request,"whats the phone number
"
request,"whats the post code
"
request,"address
"
request,"phone number
"
request,"type of food
"
request,"type of food
"
request,"whats the address
"
request,"um address
"
request,"okay what was the name
"
request,"and the phone number
"
request,"phone number
"
request,"phone number again
"
request,"and price range
"
request,"what is the price range
"
request,"what is the price range
"
request,"whats the phone number
"
request,"the phone number
"
request,"whats the address
"
request,"phone number
"
request,"phone number
"
request,"post code
"
request,"address
"
request,"whats the phone number
"
request,"telephone number
"
request,"address
"
request,"phone number
"
request,"type of food
"
request,"address
"
request,"phone number
"
request,"what kind of food is it
"
request,"what type of food
"
request,"phone number
"
request,"phone number
"
request,"phone number
"
request,"phone number
"
request,"address
"
request,"phone number
"
request,"phone number
"
request,"price range
"
request,"whats the address
"
request,"whats the phone number
"
request,"whats the address and phone number
"
request,"whats the phone number
"
request,"whats the price range
"
request,"can i have the phone number and post code
"
request,"post code
"
request,"address
"
request,"phone number
"
request,"what is the address and phone number
"
request,"the address
"
request,"the phone number
"
request,"phone number
"
request,"phone number
"
request,"post code
"
request,"whats the phone number
"
request,"can i get the address and phone number
"
request,"whats the phone number
"
request,"whats the address
"
request,"address
"
request,"post code
"
request,"okay whats the phone number
"
request,"whats the price range
"
request,"price range
"
request,"phone number
"
request,"phone number
"
request,"phone number
"
request,"whats their address
"
request,"and the phone number
"
request,"and their address
"
request,"address
"
request,"address
"
request,"phone number
"
request,"what is the phone number
"
request,"and whats the address
"
request,"whats their phone number
"
request,"what is the address
"
request,"what is the phone number
"
request,"what is the address
"
request,"whats the address
"
request,"phone number
"
request,"the phone number
"
request,"what is the address
"
request,"what is the phone number
"
request,"cool whats the address
"
request,"whats the price range
"
request,"address
"
request,"type of food
"
request,"address
"
request,"price range
"
request,"the address
"
request,"phone number
"
request,"and whats the phone number
"
request,"what is the address and phone number
"
request,"what type of food do they serve
"
request,"may i have the address and post code
"
request,"what kind of food do they have there
"
request,"can i get the address and phone number
"
request,"and the address
"
request,"what is the address
"
request,"whats the phone number
"
request,"what is what area is it in
"
request,"what is the address and phone number
"
request,"what is the phone number
"
request,"what is the address
"
request,"whats the address
"
request,"whats the price range
"
request,"what is the phone number of that venue
"
request,"can i have the address phone number and post code
"
request,"whats the post code
"
request,"the address
"
request,"whats the address
"
request,"whats the phone number
"
request,"address and
"
request,"post code
"
request,"phone number
"
request,"may i have the address phone number and post code
"
request,"address
"
request,"phone number
"
request,"phone number
"
request,"can i get the phone number
"
request,"the address
"
request,"the address
"
request,"and the phone number
"
request,"may i have the phone number and address please
"
request,"what is their address and phone number
"
request,"phone number
"
request,"phone number
"
request,"type of food
"
request,"i can have the address the phone number and the post code of the
"
request,"phone number
"
request,"post code
"
request,"how about the phone number
"
request,"can i have the address phone number and post code
"
request,"what is the phone number
"
request,"and the post code
"
request,"what the address
"
request,"what type of food is it
"
request,"what is the address and phone number
"
request,"what type of food do they serve
"
request,"what is the address and phone number
"
request,"address phone number and post code
"
request,"address
"
request,"address
"
request,"phone number
"
request,"address
"
request,"post code
"
request,"phone number
"
request,"address
"
request,"whats the phone number
"
request,"what is the phone number
"
request,"what is the address
"
request,"what is the phone number
"
request,"what type of food do they serve
"
request,"phone number and post code
"
request,"alright whats the address
"
request,"what type of food is there
"
request,"and the address
"
request,"and whats the phone number
"
request,"phone number
"
request,"phone number
"
request,"what is the phone number
"
request,"uh whats the phone number and post code
"
request,"address
"
request,"post code
"
request,"alright whats the address
"
request,"okay and whats the post code
"
request,"phone number
"
request,"what is the phone number
"
request,"whats the address
"
request,"whats the price range
"
request,"can you give me the address and price range
"
request,"price range
"
request,"address
"
request,"phone number
"
request,"what is the phone number and address
"
request,"whats the address and phone number
"
request,"thank you what is the address and phone number
"
request,"could i have its address
"
request,"what is the address and phone number
"
request,"may i have the phone number
"
request,"what is the address phone number price range
"
request,"what is the price range
"
request,"could you give the address phone number and post code
"
request,"can i have an address
"
request,"what type of food is that
"
request,"can i have the phone number
"
request,"whats the address
"
request,"address
"
request,"phone number
"
request,"can i get their address
"
request,"what is their phone number
"
request,"what is their phone number
"
request,"what is their post code
"
request,"whats the address
"
request,"whats the phone number
"
request,"address and phone number
"
request,"address phone number
"
request,"type of food
"
request,"address
"
request,"address
"
request,"price
"
request,"price
"
request,"prices
"
request,"price
"
request,"does it what kind of food does it serve
"
request,"okay can i have the address
"
request,"and the phone number
"
request,"what is the address
"
request,"what is the phone number
"
request,"type of food
"
request,"type of food does pizza hut serve
"
request,"whats the address
"
request,"phone number
"
request,"post code
"
request,"what is the address
"
request,"what is the phone number
"
request,"what type of food
"
request,"phone number and post code
"
request,"phone number
"
request,"phone number
"
request,"whats the address
"
request,"phone number
"
request,"what is the address
"
request,"whats the address
"
request,"whats the address
"
request,"whats the phone number
"
request,"and what type of food is it
"
request,"address
"
request,"phone number
"
request,"post code
"
request,"can i have the address phone number and price range
"
request,"what is the address
"
request,"what is the phone number and type of food
"
request,"what is the type of food
"
request,"can i have the phone number and price range
"
request,"address
"
request,"address
"
request,"okay give me address
"
request,"phone number
"
request,"noise breath whats their phone number
"
request,"whats the address
"
request,"post code
"
request,"whats the post code
"
request,"what is the address and phone number
"
request,"whats their address
"
request,"id like to know the address phone number and post code
"
request,"and the address
"
request,"may i have the address of the venue
"
request,"whats the address
"
request,"whats the price range
"
request,"address
"
request,"address
"
request,"phone number
"
request,"okay what is the address
"
request,"whats the phone number
"
request,"phone number
"
request,"whats the address
"
request,"can i get the address
"
request,"can i get the phone number
"
request,"can i get the area
"
request,"whats the address
"
request,"phone number
"
request,"phone number
"
request,"address
"
request,"phone number
"
request,"s the address
"
request,"the phone number
"
request,"what is the address
"
request,"what is the phone number
"
request,"and what is the post code
"
request,"whats the address
"
request,"what area is that
"
request,"whats your phone number and post code
"
request,"whats the address
"
request,"phone number
"
request,"phone number
"
request,"whats the address
"
request,"and the phone number
"
request,"can i have the address and phone number please
"
request,"okay i need the phone number and address
"
request,"whats the address
"
request,"what is the phone number and post code
"
request,"okay might i have the address
"
request,"could i have the phone number
"
request,"whats the address
"
request,"phone number
"
request,"price range
"
request,"price range
"
request,"may i get the address and phone number
"
request,"may i get the phone number
"
request,"whats the address
"
request,"and what is the price range
"
request,"okay can i have the address
"
request,"and can i have the post code
"
request,"what is the phone number an post code
"
request,"noise can you repeat the post code please
"
request,"address
"
request,"post code
"
request,"can i get the address and phone number
"
request,"what kind of food
"
request,"whats the address and phone number
"
request,"and the address
"
request,"address phone number and type of food
"
request,"address and type of food
"
request,"type of food
"
request,"whats the phone number and address
"
request,"whats the address
"
request,"price range
"
request,"address
"
request,"phone number
"
request,"whats the phone number
"
request,"what type of food do they serve
"
request,"phone number and area
"
request,"whats the phone number
"
request,"what area is it in
"
request,"what is their phone number
"
request,"phone number
"
request,"address
"
request,"whats the address
"
request,"type of food
"
request,"can i have the phone number
"
request,"may i have the address of the venue
"
request,"what is the phone number
"
request,"what is the address
"
request,"what is the phone number
"
request,"whats the address
"
request,"the phone number
"
request,"and what type of food
"
request,"see phone number and address
"
request,"phone number
"
request,"price range
"
request,"can i get the address phone number and price range
"
request,"can i get the phone number
"
request,"and the price range
"
request,"what kind of food is it
"
request,"whats the address
"
request,"whats the phone number
"
request,"whats the post code
"
request,"what is the phone number
"
request,"what is the price range
"
request,"what food does it serve
"
request,"may i have the address and phone number
"
request,"may i have the phone number
"
request,"whats the address
"
request,"whats the signature dish
"
request,"what is the signature dish
"
request,"what is the addre
"
request,"what is the phone number
"
request,"whats the address
"
request,"address
"
request,"can i have the address and phone number
"
request,"address
"
request,"address
"
request,"what is the phone number and address
"
request,"what is the address
"
request,"what is the address
"
request,"address
"
request,"phone number
"
request,"what area is it in
"
request,"what is the phone number
"
request,"whats the phone number
"
request,"what the address
"
request,"whats the phone number
"
request,"address
"
request,"phone number
"
request,"and finally the post code
"
request,"address
"
request,"can i have the address phone number and the type of food
"
request,"address
"
request,"phone number
"
request,"address
"
request,"phone number
"
request,"address
"
request,"price range
"
request,"whats the address
"
request,"whats the phone number
"
request,"whats the address
"
request,"no price
"
request,"whats the address
"
request,"and the post code
"
request,"whats its address
"
request,"what type of food is it
"
request,"whats its address
"
request,"what type of food
"
request,"type of food
"
request,"type of food
"
request,"phone number and post code
"
request,"phone number
"
request,"address
"
request,"phone number
"
request,"uh whats the address and phone number
"
request,"address
"
request,"whats the address
"
request,"what type of food do they serve
"
request,"what type of food do they serve
"
request,"food do they serve
"
request,"type of food
"
request,"phone number and address
"
request,"what is the address
"
request,"phone number
"
request,"alright what is the address
"
request,"whats the price range
"
request,"and the phone number
"
request,"whats the phone number
"
request,"type of food
"
request,"type of food
"
request,"the address
"
request,"whats the address
"
request,"and the post code
"
request,"whats their address
"
request,"price range
"
request,"perfect may i have the address
"
request,"address
"
request,"telephone number
"
request,"phone number
"
request,"what is the phone number
"
request,"whats the address
"
request,"what is the address
"
request,"what is the phone number
"
request,"phone number
"
request,"address
"
request,"phone number
"
request,"phone number
"
request,"address
"
request,"address
"
request,"phone number
"
request,"phone number and address
"
request,"what is the address
"
request,"what is the phone number
"
request,"whats their address
"
request,"i want to know the address and the
"
request,"whats the phone number
"
request,"whats the phone number and address
"
request,"whats the address
"
request,"can i get a phone number
"
request,"what kind of food do they serve
"
request,"what kind of food do they have
"
request,"what kind of food do they serve
"
request,"phone number
"
request,"phone number
"
request,"address
"
request,"address
"
request,"what type of food
"
request,"what is their address and telephone number
"
request,"phone number
"
request,"what is the address
"
request,"whats the phone number
"
request,"whats the address
"
request,"phone number
"
request,"and the type of food
"
request,"what type of food does it serve
"
request,"what is its address phone number and area
"
request,"what type of food
"
request,"can i have the phone
"
request,"whats its address
"
request,"can i have the phone number
"
request,"can i get the address
"
request,"okay and can i get their address
"
request,"and the phone number
"
request,"phone number
"
request,"phone number
"
request,"phone number
"
request,"what is the address and phone number
"
request,"what is the phone number
"
request,"phone number
"
request,"phone number
"
request,"could i have the address and price range please
"
request,"and whats the price range
"
request,"okay can i have the phone number
"
request,"whats the address
"
request,"the address and phone number
"
request,"what is the address
"
request,"phone number
"
request,"what type of food
"
request,"whats the address
"
request,"and the phone number
"
request,"address
"
request,"address
"
request,"address
"
request,"phone number
"
request,"what type of food do they serve
"
request,"what is its phone number
"
request,"address
"
request,"can i have the phone number please
"
request,"telephone number
"
request,"telephone number
"
request,"phone number
"
request,"whats the address
"
request,"whats the phone number
"
request,"what is the address and phone number
"
request,"address
"
request,"and the phone number
"
request,"whats the address
"
request,"whats the phone number
"
request,"price range
"
request,"whats the phone number
"
request,"the address
"
request,"whats the address noise
"
request,"whats the phone number
"
request,"whats the post code noise
"
request,"what is their phone number
"
request,"whats the address
"
request,"what is the address
"
request,"whats the address
"
request,"whats the phone number
"
request,"what is you gardens phone number
"
request,"phone number
"
request,"what is its phone number
"
request,"what is its post code
"
request,"may i have the address and phone number
"
request,"address
"
request,"post code
"
request,"what is the address
"
request,"what is the phone number
"
request,"what is the type of food
"
request,"what is the address and phone number
"
request,"okay what is the addre
"
request,"what is the phone number
"
request,"could i have their phone number and address please
"
request,"the address
"
request,"and the phone number
"
request,"could i have the address
"
request,"ah a phone number
"
request,"phone number
"
request,"could i have the address phone number and area
"
request,"could i have the area please
"
request,"uh can i have the phone number
"
request,"phone number
"
request,"phone number
"
request,"whats the address
"
request,"whats the phone number
"
request,"whats the address
"
request,"what is the phone number
"
request,"what area
"
request,"can i can i have the address the phone number
"
request,"and can i have the address and phone number please
"
request,"what is the address phone number and post code
"
request,"what is the address and phone number
"
request,"post code
"
request,"can i get the address phone number and post code
"
request,"what is the phone number
"
request,"the address
"
request,"the phone number
"
request,"type of food
"
request,"what is the address
"
request,"what is the address
"
request,"and the post code
"
request,"can i have the address and phone number of the venue
"
request,"what kind of food is it
"
request,"what kind of food
"
request,"what type of food is it
"
request,"the address
"
request,"whats the address
"
request,"whats the phone number
"
request,"the post code
"
request,"may i have the phone number
"
request,"address
"
request,"price range
"
request,"what is the address and phone number
"
request,"what is the address
"
request,"what is the phone number
"
request,"whats the address
"
request,"whats the address
"
request,"and whats the phone number
"
request,"phone number
"
request,"phone number
"
request,"what is the address
"
request,"what is the type of food
"
request,"whats the address
"
request,"the address
"
request,"whats the phone number
"
request,"can i get the phone number
"
request,"okay can i have the address phone number and the post code of the restaurant
"
request,"what is the address
"
request,"phone number
"
request,"and the phone number
"
request,"what is the address
"
request,"what is the phone number
"
request,"phone number
"
request,"phone number
"
request,"do you have the phone number and post code
"
request,"and the post code
"
request,"phone number
"
request,"phone number
"
request,"what is the address
"
request,"what is the phone number
"
request,"what type of food do they serve
"
request,"address
"
request,"phone number
"
request,"what is the address
"
request,"whats the address phone number
"
request,"address noise
"
request,"post code
"
request,"phone number
"
request,"what is the phone number
"
request,"whats the area
"
request,"and the address
"
request,"and the phone number
"
request,"whats the name
"
request,"and the post code
"
request,"phone number
"
request,"address
"
request,"address phone number postcode
"
request,"phone number
"
request,"whats the phone number
"
request,"what is the address
"
request,"what is the phone number
"
request,"may i have the phone number
"
request,"what type of food does it serve
"
request,"phone number
"
request,"what is the address
"
request,"address and phone number
"
request,"whats the address and phone number
"
request,"whats the phone number
"
request,"whats their address
"
request,"whats the phone number
"
request,"whats the phone number
"
request,"phone number
"
request,"phone number
"
request,"type of food
"
request,"type of food
"
request,"address
"
request,"what is the address
"
request,"phone number
"
request,"post code
"
request,"does it serve
"
request,"what is the phone number
"
request,"what is the phone number
"
request,"what is the phone number
"
request,"what is the address
"
request,"give me address and phone number
"
request,"phone number
"
request,"what is the address
"
request,"and the phone number
"
request,"can i get the phone number
"
request,"could i have the address phone number and postcode
"
request,"and the postcode
"
request,"address
"
request,"address
"
request,"phone number
"
request,"what is the phone number
"
request,"any price
"
request,"price range
"
request,"price range
"
request,"phone number
"
request,"whats their address
"
request,"what is the address
"
request,"what type of food
"
request,"address
"
request,"phone number
"
request,"post code
"
request,"address
"
request,"address
"
request,"post code
"
request,"address
"
request,"phone number
"
request,"address
"
request,"what type of food
"
request,"whats the address
"
request,"what type of food
"
request,"address
"
request,"whats the address
"
request,"whats the phone number
"
request,"okay can i have the phone number and address
"
request,"whats the phone number
"
request,"whats the phone number
"
request,"address and phone number
"
request,"whats the phone number
"
request,"phone number
"
request,"whats the phone number
"
request,"whats the address
"
request,"what type of food is it
"
request,"address
"
request,"phone number
"
request,"area
"
request,"area
"
request,"area
"
request,"area
"
request,"area
"
request,"area
"
request,"area
"
request,"area
"
request,"area
"
request,"area
"
request,"area
"
request,"area
"
request,"area
"
request,"area
"
request,"area
"
request,"whats the address
"
request,"and the post code
"
request,"whats the phone number
"
request,"whats the price range
"
request,"give me the address
"
request,"give me the phone number
"
request,"address
"
request,"and the area
"
request,"phone number
"
request,"what is the address
"
request,"whats the phone number
"
request,"what is the address
"
request,"what is the phone number
"
request,"what type of food do they serve
"
request,"what is the address
"
request,"and the phone number
"
request,"can i have the phone number
"
request,"can i get the address
"
request,"what type of food is it
"
request,"whats the address
"
request,"what is the address
"
request,"what type of food is it
"
request,"whats the phone number
"
request,"whats the post code
"
request,"whats the post code
"
request,"whats the address
"
request,"whats the phone number
"
request,"what is the phone number and post code
"
request,"phone number
"
request,"phone number
"
request,"post code
"
request,"phone number
"
request,"what is the phone number
"
request,"may i have the phone number and address please
"
request,"whats the phone number
"
request,"whats the phone number
"
request,"whats the phone number
"
request,"what kind of food does it serve
"
request,"phone number
"
request,"what is their phone number
"
request,"post code
"
request,"what is their post code
"
request,"can i have the address and the post code
"
request,"can i have the phone number
"
request,"what is the address
"
request,"address
"
request,"address
"
request,"post code
"
request,"okay ah wha whats the address
"
request,"and the phone number
"
request,"and the price range
"
request,"phone number
"
request,"phone number
"
request,"address
"
request,"what is the address
"
request,"address and post code
"
request,"can i get the phone number
"
request,"whats the phone number
"
request,"can i get the phone number
"
request,"whats the address
"
request,"and the phone number
"
request,"what type of food
"
request,"can i get the phone number
"
request,"and type of food
"
request,"can i get the phone number
"
request,"can i get the phone number
"
request,"can i get the phone number
"
request,"and the type of food
"
request,"whats the address
"
request,"whats the phone number
"
request,"whats the address
"
request,"whats the address
"
request,"phone number
"
request,"phone number
"
request,"whats their phone number
"
request,"address
"
request,"whats the address
"
request,"and the phone number
"
request,"can i get the address
"
request,"and the phone number
"
request,"phone number
"
request,"address
"
request,"phone number
"
request,"type of food
"
request,"uh price range
"
request,"and can i get their address
"
request,"and the address
"
request,"whats their address
"
request,"address and phone number
"
request,"what type of food do they serve
"
request,"what type of food do they serve
"
request,"what type of food
"
request,"type of food
"
request,"what type of food
"
request,"type of food do they serve
"
request,"ah thank you phone number
"
request,"whats their phone number
"
request,"and what type of food do they serve
"
request,"i need a phone number
"
request,"address phone number
"
request,"phone number
"
request,"address
"
request,"what area is it in
"
request,"phone number
"
request,"address
"
request,"phone number
"
request,"phone number
"
request,"address
"
request,"what is the phone number
"
request,"address
"
request,"the phone number
"
request,"what is the address
"
request,"what is the address
"
request,"what is the phone number
"
request,"can i have the phone number and price range
"
request,"price range
"
request,"can i have the address and phone
"
request,"could i have the address
"
request,"and the phone number
"
request,"phone number
"
request,"phone number
"
request,"post code
"
request,"what is the address and phone number
"
request,"can i have the address and price range
"
request,"price range
"
request,"what is the address
"
request,"what is the address
"
request,"can i have his phone number
"
request,"whats the phone number
"
request,"what is the type of food
"
request,"whats the address
"
request,"whats the phone number
"
request,"whats the post code
"
request,"can i have the phone number
"
request,"can i have the phone number
"
request,"can i get the phone number
"
request,"can i get the area
"
request,"whats the address
"
request,"and the phone number
"
request,"and the post code
"
request,"phone number
"
request,"phone number
"
request,"type of food
"
request,"type of food
"
request,"can i have the address and phone number of the venue
"
request,"could i have the address
"
request,"could i have its number
"
request,"could i have its phone number
"
request,"whats its post code
"
request,"whats the phone number
"
request,"the post code
"
request,"whats the address and phone number
"
request,"whats the address
"
request,"the phone number
"
request,"what is the address and phone number
"
request,"address and phone number
"
request,"phone number
"
request,"what is the phone number
"
request,"phone number
"
request,"phone number
"
request,"address
"
request,"id like the address and area
"
request,"and the area
"
request,"can i get the address and phone number
"
request,"what is the address and phone number
"
request,"and uh their post code
"
request,"can i have the phone number and post code
"
request,"and their post code
"
request,"what is the address
"
request,"and their address and phone number
"
request,"and the phone number
"
request,"whats the address
"
request,"what type of food does it serve
"
request,"what is the address
"
request,"address
"
request,"whats the address
"
request,"and the post code
"
request,"whats the address
"
request,"okay whats the phone number
"
request,"can i get the address and phone number
"
request,"whats the address
"
request,"and the phone number
"
request,"whats the phone number
"
request,"what is their address and phone number
"
request,"the address
"
request,"phone number
"
request,"phone number
"
request,"type of food
"
request,"address
"
request,"address
"
request,"address
"
request,"address and phone number
"
request,"phone number
"
request,"can i get the address
"
request,"what is the phone number
"
request,"what is the address
"
request,"phone number
"
request,"phone number
"
request,"type of food
"
request,"type of food
"
request,"type of food
"
request,"type of food
"
request,"what is the address
"
request,"what is the address and phone number
"
request,"what type of food do they serve
"
request,"whats the phone number
"
request,"and address
"
request,"address
"
request,"phone number please
"
request,"id like the phone number of the restaurant you just told me
"
request,"what price range
"
request,"what is the phone number and address
"
request,"may i get the address and phone number
"
request,"what is the phone number
"
request,"what area is it in
"
request,"what is the golden woks address
"
request,"whats the price range
"
request,"alright whats the address
"
request,"whats their post code
"
request,"area
"
request,"what area
"
request,"the address
"
request,"phone number
"
request,"address
"
request,"post code
"
request,"may i have the phone number
"
request,"and type of food
"
request,"may i have the phone number
"
request,"address
"
request,"phone number
"
request,"whats the phone number
"
request,"whats the phone number
"
request,"whats the address
"
request,"whats the address
"
request,"and can you tell me the phone number
"
request,"okay can i have the address
"
request,"okay and whats the post code
"
request,"and their phone number please
"
request,"whats the phone number
"
request,"whats the price range
"
request,"address
"
request,"phone number
"
request,"may i have the phone number
"
request,"address
"
request,"address
"
request,"what type of food
"
request,"what type of food does the missing sock serve
"
request,"what is the address
"
request,"what type of food
"
request,"what type of food does the missing sock ser
"
request,"address
"
request,"what is the address
"
request,"what is the phone number
"
request,"and the area
"
request,"what is the address
"
request,"and the telephone number
"
request,"whats the price range
"
request,"whats the address
"
request,"whats the phone number
"
request,"whats the phone number
"
request,"address
"
request,"address
"
request,"phone number
"
request,"price range
"
request,"whats the address
"
request,"phone number
"
request,"what area is it in
"
request,"whats its phone number
"
request,"and the price range
"
request,"phone number
"
request,"address
"
request,"what is the address noise
"
request,"what is the phone number
"
request,"whats the address
"
request,"whats the phone number
"
request,"the address
"
request,"phone number
"
request,"whats the phone number
"
request,"phone number
"
request,"whats the phone number
"
request,"what is the address
"
request,"may i have the phone number
"
request,"may i have the phone number
"
request,"what is the address
"
request,"what is the phone number
"
request,"can i have the address and phone number
"
request,"phone number
"
request,"the address
"
request,"price range
"
request,"address
"
request,"phone number
"
request,"post code
"
request,"address
"
request,"phone number
"
request,"what about your signa
"
request,"address
"
request,"phone number
"
request,"phone number
"
request,"phone number
"
request,"the phone number
"
request,"phone number
"
request,"i need the address phone number and post code
"
request,"whats the post code
"
request,"can i have the address phone number and
"
request,"phone number
"
request,"what area of town
"
request,"address
"
request,"can i get address phone number
"
request,"phone number
"
request,"phone number
"
request,"what is their phone number
"
request,"address
"
request,"phone number
"
request,"and the price range
"
request,"address
"
request,"phone number
"
request,"can i have the address and the phone number of the venue
"
request,"what area is it in
"
request,"what is the address and phone number
"
request,"can i have the phone number
"
request,"the address and phone number
"
request,"and their address
"
request,"whats their address
"
request,"and the phone number
"
request,"whats the address
"
request,"and the phone number
"
request,"and the post code
"
request,"could i have the phone number and address please
"
request,"can i get the address
"
request,"phone number
"
request,"what is the address
"
request,"and what is the post code again
"
request,"and the phone number
"
request,"phone number
"
request,"phone number
"
request,"post code
"
request,"can i have their phone number please
"
request,"what is the phone number
"
request,"address and area
"
request,"area
"
request,"area
"
request,"whats the address
"
request,"whats their phone number
"
request,"whats the address and phone number
"
request,"phone number
"
request,"phone number
"
request,"address
"
request,"address
"
request,"phone number
"
request,"can i have the address the phone number
"
request,"the price range
"
request,"okay can i have the address and the phone number
"
request,"whats the phone number
"
request,"whats their address
"
request,"what is the phone number
"
request,"and type of food
"
request,"i want to know the phone number
"
request,"what type of food do they serve
"
request,"whats phone number
"
request,"whats the address
"
request,"whats the phone number
"
request,"whats their phone number
"
request,"and their address
"
request,"whats the address
"
request,"whats the phone number
"
request,"can i get the address and phone number
"
request,"whats the address
"
request,"okay whats the address
"
request,"how about the phone number
"
request,"may i have the address and phone number
"
request,"may i have the phone number
"
request,"may i have the address and price range
"
request,"offer you the phone number and address
"
request,"address
"
request,"phone number
"
request,"whats the address
"
request,"whats the phone number
"
request,"whats the area
"
request,"and whats the address
"
request,"phone number
"
request,"address
"
request,"may i have the address and area
"
request,"what about the area
"
request,"area
"
request,"what is the address
"
request,"okay can i get the address
"
request,"and the phone number
"
request,"may i have the address and phone number
"
request,"may i have the phone number
"
request,"whats their address
"
request,"and the post code
"
request,"phone number
"
request,"whats the phone number
"
request,"whats the address
"
request,"whats the address
"
request,"whats the address phone number and post code
"
request,"whats the post code
"
request,"address
"
request,"the address
"
request,"the phone number
"
request,"what is the address
"
request,"what is the phone number
"
request,"okay can i have the phone number
"
request,"can i have the post code please
"
request,"whats the phone number
"
request,"okay whats the address
"
request,"address
"
request,"address
"
request,"what is the phone number
"
request,"can i get the address
"
request,"can i get the address and phone number
"
request,"whats the address
"
request,"whats the phone number
"
request,"address
"
request,"address
"
request,"phone number
"
request,"um give me the addresses
"
request,"address please
"
request,"address
"
request,"phone number
"
request,"phone number
"
request,"phone number
"
request,"okay whats the phone number
"
request,"okay whats the post code
"
request,"whats the address of royal spice
"
request,"and the post code
"
request,"phone number
"
request,"the phone number
"
request,"whats the address
"
request,"uh i want to know the address and phone number
"
request,"and the phone number
"
request,"whats the post code
"
request,"whats the address
"
request,"whats the phone number
"
request,"what type of food is it
"
request,"what is the address phone number and price range
"
request,"what is the price range
"
request,"can i get the address and phone number and post code
"
request,"what is the address and phone number
"
request,"address
"
request,"phone number
"
request,"post code
"
request,"can i get the address and phone number
"
request,"address
"
request,"and the post code
"
request,"whats the address
"
request,"whats the address and post code
"
request,"phone number
"
request,"phone number
"
request,"what is the address and price range
"
request,"what is the price range
"
request,"the address
"
request,"phone number
"
request,"phone number
"
request,"post code
"
request,"phone number
"
request,"phone number
"
request,"phone number
"
request,"phone number
"
request,"phone number
"
request,"phone number
"
request,"address
"
request,"can i have the address and phone number please
"
request,"address
"
request,"address
"
request,"phone number
"
request,"price range
"
request,"whats their address
"
request,"what kind of food do they serve
"
request,"phone number and address
"
request,"can i have the phone number and address of the venue
"
request,"and the phone number
"
request,"and the address
"
request,"what is the address and phone number
"
request,"phone number
"
request,"what is their phone number
"
request,"what is their phone number
"
request,"the phone number
"
request,"may i have the address and post code
"
request,"may i have the post code
"
request,"address
"
request,"phone number
"
request,"what is the address and phone number
"
request,"what is the phone number and address
"
request,"address
"
request,"phone number
"
request,"phone number
"
request,"phone number
"
request,"post code
"
request,"whats the phone number
"
request,"and the post code
"
request,"address
"
request,"address
"
request,"phone number
"
request,"post code
"
request,"what is the phone number
"
request,"can i have the phone number
"
request,"address
"
request,"what is there address
"
request,"what is there phone number
"
request,"phone number
"
request,"what is the phone number
"
request,"whats the phone number
"
request,"whats the address and phone number
"
request,"what is the price range
"
request,"what is the food type
"
request,"what is the phone number
"
request,"whats the phone number
"
request,"can i get the phone number
"
request,"what is the phone number
"
request,"no thats post code
"
request,"what is the phone number
"
request,"what is the phone number
"
request,"phone number
"
request,"phone number
"
request,"phone number
"
request,"phone number
"
request,"can i have the phone number
"
request,"and the post code please
"
request,"where is it
"
request,"where is it
"
request,"the price range
"
request,"what is the address and phone number
"
request,"may i have the phone number
"
request,"great whats the phone number
"
request,"and whats their post code
"
request,"and whats their price range
"
request,"and whats their post code
"
request,"could i have the address
"
request,"what is the phone number
"
request,"what is the area
"
request,"could i have the address and phone number please
"
request,"what is the address and phone number
"
request,"address and phone number
"
request,"what is its address
"
request,"could you give me a address
"
request,"phone number
"
request,"phone number
"
request,"what area is it in
"
request,"whats the address
"
request,"whats the phone number
"
request,"what is the address and phone number
"
request,"can i get the address and phone number
"
request,"and the phone number
"
request,"address
"
request,"may i have the phone number
"
request,"address
"
request,"may i have the phone number
"
request,"phone number
"
request,"phone number
"
request,"type of food
"
request,"type of food
"
request,"address
"
request,"address
"
request,"phone number
"
request,"what is its address
"
request,"can i have the phone number
"
request,"and the address
"
request,"whats the phone number and address
"
request,"can i have the phone number
"
request,"and can i have the post code
"
request,"whats the address
"
request,"and the post code
"
request,"phone number
"
request,"whats the phone number
"
request,"whats the address
"
request,"address
"
request,"post code
"
request,"may i have the address phone
"
request,"may i have the phone number and post code
"
request,"whats the address
"
request,"what is the phone number
"
request,"address
"
request,"area
"
request,"area
"
request,"may i have the address and phone number
"
request,"price range
"
request,"address
"
request,"address
"
request,"price range
"
request,"phone number
"
request,"phone number
"
request,"address
"
request,"what is the address
"
request,"phone number
"
request,"what is the phone number
"
request,"whats the phone number
"
request,"and whats the price range
"
request,"may i have the address and postcode
"
request,"address
"
request,"post code
"
request,"what is the address and phone number
"
request,"what is the address
"
request,"whats the phone number
"
request,"phone number
"
request,"what is the phone number
"
request,"address
"
request,"can i get the phone number
"
request,"address
"
request,"what area
"
request,"whats the phone number
"
request,"okay and can i get their address
"
request,"address
"
request,"address
"
request,"phone number
"
request,"address
"
request,"address
"
request,"phone number
"
request,"price range
"
request,"address
"
request,"post code
"
request,"what area
"
request,"what area of town
"
request,"the address
"
request,"phone number
"
request,"what is the phone number
"
request,"what is the address
"
request,"whats their phone number
"
request,"what type of food does it serve
"
request,"and the phone number
"
request,"okay what were the prices for the other restaurant
"
request,"and the phone number
"
request,"and what kind of food does it serve
"
request,"what is the address and phone number
"
request,"can i have the address and phone number
"
request,"phone number
"
request,"phone number
"
request,"okay whats the address
"
request,"phone number
"
request,"phone number
"
request,"phone number
"
request,"phone number
"
request,"price range
"
request,"address
"
request,"address
"
request,"phone number
"
request,"phone number
"
request,"phone number
"
request,"phone number
"
request,"the address
"
request,"what is the address and phone number
"
request,"can i have the address and the postcode
"
request,"whats the phone number
"
request,"do you have the post code
"
request,"any price
"
request,"what is the address
"
request,"what is the phone number
"
request,"whats the price range
"
request,"what is the price range
"
request,"whats the address
"
request,"the address and phone number
"
request,"phone number
"
request,"oh good whats the address
"
request,"how about the phone number
"
request,"could i have the uh address and post code please
"
request,"can i have the phone number
"
request,"can i have the phone number
"
request,"can i have the phone nu
"
request,"what is the address
"
request,"and what is the phone number
"
request,"and what type of food do they serve
"
request,"address
"
request,"phone number
"
request,"telephone number
"
request,"the address
"
request,"telephone number
"
request,"type of food
"
request,"what is the address
"
request,"what is the area
"
request,"what is the address and post code
"
request,"what is the address
"
request,"what is the phone number
"
request,"what type of food
"
request,"whats the address
"
request,"can i have the phone number
"
request,"what is the address
"
request,"address
"
request,"whats the phone number
"
request,"what is the address
"
request,"what is the phone number
"
request,"uh can i get the address
"
request,"and the phone number
"
request,"address
"
request,"phone number
"
request,"address
"
request,"phone number
"
request,"thats fine whats the address
"
request,"whats the phone number
"
request,"whats the post code
"
request,"address phone number and area
"
request,"area of the venue
"
request,"may i have the address and phone number
"
request,"phone number
"
request,"what is the phone number and addre
"
request,"what is the addre
"
request,"what is the address
"
request,"what is the area
"
request,"where is it
"
request,"what part of town
"
request,"what part of town
"
request,"what part of town
"
request,"whats the address
"
request,"address
"
request,"address
"
request,"phone number
"
request,"breath okay uh thats great how bout the address
"
request,"and whats the price range
"
request,"address
"
request,"phone number
"
request,"what type of food
"
request,"may i have the phone number
"
request,"what area is it in
"
request,"whats the address
"
request,"what about the phone number
"
request,"and the post code
"
request,"uh address
"
request,"address
"
request,"address
"
request,"post code
"
request,"post code
"
request,"address
"
request,"could i get their phone number please
"
request,"whats the address
"
request,"and the phone number
"
request,"whats the address
"
request,"the phone number
"
request,"address
"
request,"address
"
request,"phone number
"
request,"whats the address
"
request,"whats the phone number
"
request,"whats the post code
"
request,"phone number
"
request,"phone number
"
request,"id like to know the phone number
"
request,"okay whats the phone number
"
request,"and whats the post code
"
request,"phone number
"
request,"phone number
"
request,"post code
"
request,"what is the address
"
request,"address
"
request,"what is the address and phone number
"
request,"whats the address
"
request,"whats the address
"
request,"um whats the phone number
"
request,"address please
"
request,"what is the address and phone number
"
request,"what is the price range
"
request,"what is the address
"
request,"what is the address
"
request,"phone number
"
request,"address
"
request,"phone number
"
request,"type of food
"
request,"type of food
"
request,"what is the address of that venue
"
request,"address
"
request,"phone number
"
request,"whats the address
"
request,"whats the phone number
"
request,"could i have the phone number
"
request,"whats the price range
"
request,"may i have the address phone number and post code
"
request,"is it what what price range
"
request,"what area is it in
"
request,"whats the address
"
request,"okay can i have the rest of the address for da vinci
"
request,"and the phone number okay
"
request,"what is the address and phone number
"
request,"what is the address
"
request,"and can i have the address phone number and price range of the restaurant please
"
request,"okay whats the price range
"
request,"phone number
"
request,"address post code
"
request,"whats the phone number
"
request,"and the address
"
request,"whats the address
"
request,"what about the phone number
"
request,"whats their address
"
request,"whats the phone number
"
request,"whats the post code
"
request,"what is the phone number
"
request,"address
"
request,"address
"
request,"phone number
"
request,"phone number
"
request,"phone number
"
request,"the address and phone number
"
request,"whats the address
"
request,"and the phone number
"
request,"and the price range
"
request,"address
"
request,"address
"
request,"phone number
"
request,"phone number
"
request,"address
"
request,"what is the address
"
request,"can i get the address
"
request,"the phone number
"
request,"a post code
"
request,"whats the address
"
request,"what is the phone number
"
request,"whats the address
"
request,"what is the phone number and post code
"
request,"and the post code of the venue
"
request,"address
"
request,"what is the phone number
"
request,"address
"
request,"whats the address
"
request,"whats the phone number
"
request,"what area
"
request,"what is the address phone number and post code
"
request,"what is the post co
"
request,"post the phone number
"
request,"and the post code
"
request,"can i get the phone number
"
request,"and whats the phone number
"
request,"okay the address
"
request,"phone number
"
request,"and the post code
"
request,"uh no price range whats the
"
request,"phone number
"
request,"can i get the phone number
"
request,"type of food
"
request,"can i get the address
"
request,"and the phone number
"
request,"and what type of food
"
request,"what is the phone number and address
"
request,"what is the address
"
request,"what is the address and phone number
"
request,"address
"
request,"address
"
request,"phone number
"
request,"price range
"
request,"address
"
request,"okay what is the address
"
request,"what is the phone number
"
request,"and the phone number
"
request,"address
"
request,"phone number
"
request,"post code
"
request,"whats the address
"
request,"the phone number
"
request,"the price range
"
request,"and the address noise
"
request,"phone number
"
request,"address
"
request,"whats the address
"
request,"can i get the phone number
"
request,"what is the address
"
request,"and the telephone number
"
request,"and what is the price range
"
request,"what is the address phone number and price range
"
request,"what is the price range
"
request,"okay whats the address
"
request,"the phone number
"
request,"and the area
"
request,"whats the address
"
request,"what is the address
"
request,"what type of food do they serve
"
request,"could i have the address and phone number please
"
request,"could i have the phone number and post code
"
request,"can i have the address and phone number
"
request,"address
"
request,"phone number
"
request,"address
"
request,"what is the address
"
request,"what is the address
"
request,"phone number
"
request,"what is the phone number
"
request,"what is the phone number
"
request,"what is the address
"
request,"price range
"
request,"what is the price range
"
request,"phone number
"
request,"what kind of food
"
request,"what is the address
"
request,"what is the phone number
"
request,"phone number
"
request,"phone number
"
request,"what is the price range
"
request,"can i have the phone number and the area
"
request,"can i have the area of the restaurant
"
request,"what is the address
"
request,"what is the phone number
"
request,"what is the area
"
request,"what is the phone number
"
request,"what is the address and phone number
"
request,"what kind of food do they serve
"
request,"what is the address
"
request,"phone number
"
request,"whats the phone number
"
request,"address
"
request,"may i have the phone number and post code
"
request,"phone number
"
request,"phone number
"
request,"type of food
"
request,"whats their address
"
request,"whats the address
"
request,"whats the address
"
request,"whats the price range
"
request,"what is the address
"
request,"and what is unintelligible telephone number
"
request,"what is the address and phone number
"
request,"and the telephone number
"
request,"and the address
"
request,"phone number
"
request,"phone number
"
request,"could i have the address phone number and price range please
"
request,"phone number
"
request,"whats the address
"
request,"and the post code
"
request,"and the phone number
"
request,"what is the address
"
request,"whats the address
"
request,"whats the phone number
"
request,"can i get the address and phone number
"
request,"and the phone number
"
request,"what is the address phone number and the price range
"
request,"what is the phone number
"
request,"and what is the price range
"
request,"ts the phone number
"
request,"and whats the postcode
"
request,"phone number
"
request,"phone number
"
request,"okay whats its address
"
request,"and whats its phone number
"
request,"and what type of food do they serve at pizza hutt
"
request,"may i have the address and phone number please
"
request,"and whats the address
"
request,"and the phone number
"
request,"could i have the address
"
request,"could i have the phone number
"
request,"okay what is the address
"
request,"whats the address phone number and post code
"
request,"whats the post code
"
request,"whats the address
"
request,"and whats the phone number
"
request,"what is the address
"
request,"phone number
"
request,"post code
"
request,"can i have the phone number please
"
request,"can i have the phone number please
"
request,"okay whats the address
"
request,"whats the post code
"
request,"okay whats the phone number
"
request,"whats the phone number
"
request,"and what type of food
"
request,"can i get the address and phone number
"
request,"and the phone number
"
request,"what is the address
"
request,"and the phone number
"
request,"what is the phone number and address
"
request,"phone number
"
request,"price range
"
request,"phone number
"
request,"may i have the address and phone number please
"
request,"whats the address
"
request,"whats the address
"
request,"phone number
"
request,"and the price range
"
request,"whats the address
"
request,"and the phone number
"
request,"okay and uh whats the address
"
request,"phone number
"
request,"their phone number
"
request,"what kind of food does it serve
"
request,"what is the address and post code
"
request,"what is the phone number
"
request,"price range
"
request,"address
"
request,"phone number
"
request,"phone number
"
request,"phone number
"
request,"phone number
"
request,"phone number
"
request,"phone number
"
request,"phone number
"
request,"phone number
"
request,"whats the phone number
"
request,"whats the price range
"
request,"whats the address
"
request,"and the phone number
"
request,"whats the post code
"
request,"what is the address and phone number
"
request,"whats the phone number and address
"
request,"whats the address
"
request,"what is the address
"
request,"whats the address
"
request,"phone number
"
request,"okay can you give me the address there
"
request,"whats their address
"
request,"and their post code
"
request,"phone number
"
request,"in the area
"
request,"type of food
"
request,"phone number
"
request,"can i have the phone number
"
request,"address
"
request,"price range
"
request,"can i have the phone number please
"
request,"whats the address
"
request,"and the price range
"
request,"address
"
request,"phone number
"
request,"can i have the phone number
"
request,"what is the phone number
"
request,"phone number
"
request,"whats the address
"
request,"address
"
request,"can i have the address and post code
"
request,"can i have the address and phone number please
"
request,"can i have the phone number
"
request,"can i get the address
"
request,"whats the address
"
request,"whats the address
"
request,"whats the phone number
"
request,"whats the phone number
"
request,"address
"
request,"phone number
"
request,"what is the phone number
"
request,"what type of food does the missing sock serve
"
request,"address
"
request,"phone number
"
request,"type of food
"
request,"type of food
"
request,"what is the address
"
request,"what type of food
"
request,"what is the phone number
"
request,"phone number
"
request,"what is the phone number and address
"
request,"what is the address
"
request,"type of food
"
request,"type of food
"
request,"address
"
request,"type of food
"
request,"what price range is this venue
"
request,"price range
"
request,"what is the phone number
"
request,"what about the area
"
request,"address
"
request,"what is the address phone number
"
request,"what is the address
"
request,"what is the address
"
request,"what is the phone number
"
request,"what is the phone number
"
request,"what type of food does it serve
"
request,"phone number
"
request,"phone number
"
request,"price range
"
request,"address
"
request,"address
"
request,"phone number
"
request,"whats the address
"
request,"whats the address
"
request,"whats the post code
"
request,"what is the address
"
request,"phone number
"
request,"whats the phone number and address
"
request,"whats your address
"
request,"uh can i get the phone number
"
request,"what is the phone number and address
"
request,"what is the address
"
request,"uh could you give me the address and telephone number
"
request,"and the telephone number
"
request,"address
"
request,"phone number
"
request,"phone number
"
request,"phone number
"
request,"phone number
"
request,"can i get the phone number
"
request,"address
"
request,"phone number
"
request,"phone number
"
request,"can i get the address and area of the venue
"
request,"and the area
"
request,"and the phone number
"
request,"phone number
"
request,"type of food
"
request,"type of food
"
request,"what is the address
"
request,"what is the phone number
"
request,"what is the postcode
"
request,"can i get the address phone number and post code please
"
request,"can i get the post code please
"
request,"phone number and address
"
request,"can i have their phone number
"
request,"address
"
request,"phone number
"
request,"address
"
request,"post code
"
request,"could i have the phone number and address please
"
request,"address
"
request,"phone number
"
request,"phone number
"
request,"post code
"
request,"whats the address
"
request,"what type of food
"
request,"address
"
request,"phone number
"
request,"phone number
"
request,"the address
"
request,"whats the price range
"
request,"whats the address and post code
"
request,"post code
"
request,"whats the address
"
request,"and the phone number
"
request,"what is the address and phone number
"
request,"may i have its address
"
request,"may i have its phone number
"
request,"what type of food does it serve
"
request,"where is it
"
request,"what part of town is it
"
request,"what is the phone number
"
request,"what is the address
"
request,"what is the address
"
request,"phone number
"
request,"area
"
request,"phone number
"
request,"and the phone number
"
request,"address
"
request,"phone number
"
request,"post code
"
request,"address and post code
"
request,"phone number
"
request,"price range
"
request,"address
"
request,"phone number
"
request,"phone number
"
request,"phone number
"
request,"what is the address
"
request,"what is the phone number
"
request,"the phone number
"
request,"what part of town is it in
"
request,"what part of town is chiquito mexican restaurant in
"
request,"what is the address and post code
"
request,"address
"
request,"phone number
"
request,"phone number
"
request,"whats the address
"
request,"phone number
"
request,"address
"
request,"phone number
"
request,"cool whats the address
"
request,"address
"
request,"phone number
"
request,"may i have the phone number
"
request,"phone number
"
request,"phone number
"
request,"phone number
"
request,"type of food do they serve
"
request,"could i have the address and phone number please
"
request,"whats the price range
"
request,"whats the address
"
request,"and the post code
"
request,"what type of food is it
"
request,"could i have its number
"
request,"whats their address
"
request,"whats the address
"
request,"phone number
"
request,"and what type of food
"
request,"address
"
request,"whats the phone number
"
request,"price range
"
request,"address phone number and price range
"
request,"address
"
request,"price range
"
request,"address
"
request,"price range
"
request,"what part
"
request,"address
"
request,"area
"
request,"address and phone number
"
request,"phone number
"
request,"whats their post code
"
request,"okay how about the address
"
request,"whats their address
"
request,"and the phone number
"
request,"what is the address and phone number
"
request,"whats the address
"
request,"address
"
request,"post code
"
request,"whats the address
"
request,"and the price range
"
request,"what is the phone number
"
request,"where is it lcoated
"
request,"what is the phone number
"
request,"what is the price range
"
request,"whats the address
"
request,"phone number
"
request,"price range
"
request,"okay whats the phone number
"
request,"address
"
request,"phone number
"
request,"phone number
"
request,"phone number
"
request,"whats the phone number
"
request,"can i have the address and phone number
"
request,"whats the phone number
"
request,"address
"
request,"what is the address
"
request,"can i have the address and phone number
"
request,"whats the address
"
request,"what is the phone number
"
request,"what is the address
"
request,"what is the address
"
request,"and the post code
"
request,"address
"
request,"phone number
"
request,"post code
"
request,"can i change the price range
"
request,"address
"
request,"phone number
"
request,"post code
"
request,"whats the address
"
request,"and the phone number
"
request,"whats the price range
"
request,"address
"
request,"can i have the phone number
"
request,"may i get the phone number
"
request,"what is the address
"
request,"what is the phone number
"
request,"address
"
request,"what is the address
"
request,"phone number
"
request,"and price range
"
request,"address phone number
"
request,"the address
"
request,"price range
"
request,"address
"
request,"phone number
"
request,"what is the address and phone number
"
request,"can i have the phone number
"
request,"can i get the phone number
"
request,"the address phone number and post code
"
request,"whats the address phone number and post code
"
request,"okay can i get the address
"
request,"whats their address
"
request,"okay how bout their phone number
"
request,"good i have the address of that
"
request,"could you get me the phone number
"
request,"phone number
"
request,"area
"
request,"what area
"
request,"type of food do they serve
"
request,"the address and phone number
"
request,"what is the phone number and post code of the venue
"
request,"oh whats the address
"
request,"whats the phone number
"
request,"what kind of food is it
"
request,"may i have the phone number
"
request,"i want the address phone number and area
"
request,"what is their phone number
"
request,"what is their phone number
"
request,"what is their post code
"
request,"may i get the phone number and post code
"
request,"may i get the post code
"
request,"what kind of food does it
"
request,"what is the price range
"
request,"what is the address
"
request,"what is the phone number
"
request,"what is the address
"
request,"what is the phone number
"
request,"what is the address
"
request,"what is the phone number
"
request,"what area is it in
"
request,"phone number
"
request,"phone number
"
request,"okay phone number
"
request,"okay please give me the phone number
"
request,"whats the phone number
"
request,"whats the address
"
request,"whats the address
"
request,"can i have the phone number please
"
request,"and whats the post code
"
request,"what is the address
"
request,"phone number
"
request,"the address
"
request,"can i get the address
"
request,"what is the phone number
"
request,"what is there address
"
request,"and what type of food do they serve
"
request,"can i get the address
"
request,"phone number
"
request,"address
"
request,"phone number
"
request,"whats the phone number
"
request,"whats the address
"
request,"okay and can i have their phone number
"
request,"may i have the address and phone number
"
request,"may i have the phone number
"
request,"what is the address
"
request,"what is the phone number
"
request,"what is the price range
"
request,"phone number
"
request,"phone number
"
request,"whats their address
"
request,"whats the address and phone number
"
request,"price range
"
request,"phone number
"
request,"phone number
"
request,"address
"
request,"address
"
request,"phone number
"
request,"whats the address for moderately priced restaurants in the south part of town
"
request,"can i get the address
"
request,"the address
"
request,"the phone number
"
request,"post code
"
request,"address
"
request,"phone number
"
request,"address
"
request,"phone number
"
request,"may i have the price range
"
request,"okay good whats the address and phone number
"
request,"phone number
"
request,"whats the address
"
request,"and the phone number
"
request,"and the phone number
"
request,"whats the address
"
request,"and the phone number
"
request,"what is the phone number and price range
"
request,"breath may i have the phone number please
"
request,"whats the phone number
"
request,"and the post code
"
request,"and the phone number
"
request,"whats the price range
"
request,"whats the address
"
request,"what type of food is it
"
request,"what is the phone number
"
request,"uh whats the price range
"
request,"okay whats the phone number
"
request,"and what kind of food do they serve
"
request,"may i have the phone number
"
request,"address and phone number
"
request,"phone number
"
request,"can i have the phone number
"
request,"could i have the address and phone number of the venue
"
request,"give me the phone number
"
request,"uh can i get the post code and phone number
"
request,"what about the phone number
"
request,"phone number
"
request,"what is the phone number
"
request,"address phone number and post code
"
request,"address and post code
"
request,"post code
"
request,"phone number
"
request,"may i have the phone number
"
request,"what is the address and phone number
"
request,"oh good whats the address
"
request,"whats the post code
"
request,"how about the phone number
"
request,"whats their phone number
"
request,"whats the address
"
request,"what is the price range
"
request,"what is the address and phone number
"
request,"what is the address and phone number
"
request,"address
"
request,"phone number
"
request,"area
"
request,"area
"
request,"phone number
"
request,"address
"
request,"what type of food does it
"
request,"the phone number
"
request,"what type of food
"
request,"phone number
"
request,"could i have the address and post code
"
request,"what is the address and phone number
"
request,"can i get the phone number
"
request,"what is the address
"
request,"what is the phone number
"
request,"may i have the address and type of food
"
request,"the type of food
"
request,"address
"
request,"phone number
"
request,"can i get the address
"
request,"what is the address
"
request,"area
"
request,"what is the area
"
request,"address
"
request,"post code
"
request,"whats the address
"
request,"and the phone number
"
request,"and whats the post code
"
request,"where is the area
"
request,"address
"
request,"phone number
"
request,"do you have the address
"
request,"and whats the phone number there
"
request,"okay can i have the phone number
"
request,"address
"
request,"what is the address
"
request,"and what type of food do they serve
"
request,"address
"
request,"area
"
request,"area
"
request,"where
"
request,"area
"
request,"address
"
request,"phone number
"
request,"what is the phone number
"
request,"whats their address
"
request,"and their post code
"
request,"and whats the phone number
"
request,"what type of food do they serve
"
request,"whats the phone number
"
request,"whats the type of food
"
request,"what is the address
"
request,"what is the price range
"
request,"what is the address
"
request,"can you give me the address please
"
request,"what is the address
"
request,"what is the address of the
"
request,"and the phone number
"
request,"and the area
"
request,"what is the phone number and post code
"
request,"what is the phone number
"
request,"what food is available in this area
"
request,"what is the price range of this venue
"
request,"may i have the phone number and postcode of this ven
"
request,"may i have the postcode
"
request,"what is the address
"
request,"what is the phone number
"
request,"what is the area
"
request,"whats the phone number
"
request,"can i have the phone number and post code of the venue
"
request,"can i have an address and phone number
"
request,"what is the price range
"
request,"what is the phone number
"
request,"address
"
request,"whats the phone number
"
request,"what is their phone number
"
request,"what is the phone number and post code
"
request,"address
"
request,"price range
"
request,"phone number
"
request,"phone number
"
request,"address and phone number
"
request,"address and phone number
"
request,"what type of food does it serve
"
request,"whats the address
"
request,"whats the phone number
"
request,"whats the phone number
"
request,"what area is it in
"
request,"whats the address
"
request,"can i have the address phone number and
"
request,"phone number
"
request,"phone number
"
request,"okay whats the phone number
"
request,"what is the address and phone number
"
request,"what is the address and type of food they serve
"
request,"type of food does it serve
"
request,"what is the address
"
request,"what is the phone number
"
request,"can i have the phone number and post code plea
"
request,"address
"
request,"address
"
request,"phone number
"
request,"address
"
request,"the address
"
request,"what type of food does it serve
"
request,"what is the address
"
request,"what is the phone number
"
request,"what is the address
"
request,"what is the area
"
request,"address
"
request,"phone number
"
request,"post code
"
request,"what is the phone number
"
request,"what type of food do they serve
"
request,"thank you what is the phone number
"
request,"phone number
"
request,"phone number
"
request,"phone number
"
request,"whats the phone number
"
request,"and the post code
"
request,"the price range
"
request,"what is the phone number
"
request,"address and phone number
"
request,"phone number
"
request,"address
"
request,"phone number
"
request,"address
"
request,"phone number
"
request,"what is the address and phone number
"
request,"can i have the phone number address and price range
"
request,"whats the price range
"
request,"alright whats the address
"
request,"whats the phone number
"
request,"address
"
request,"post code
"
request,"address
"
request,"phone number
"
request,"can i get the address and phone number
"
request,"address and phone number
"
request,"phone number
"
request,"can i have the phone number
"
request,"whats its post code
"
request,"price range
"
request,"phone number
"
request,"phone number
"
request,"may i have the phone number
"
request,"address and phone number
"
request,"phone number
"
request,"address
"
request,"type of food
"
request,"type of food
"
request,"address
"
request,"type of food they serve
"
request,"could i get the phone number please
"
request,"address
"
request,"whats the phone number
"
request,"what type of food is
"
request,"what is the phone number
"
request,"can i get the number
"
request,"address
"
request,"phone number
"
request,"type of food
"
request,"what type of food
"
request,"what is the address
"
request,"what is the address
"
request,"what is the phone number
"
request,"the address
"
request,"phone number
"
request,"the type of food
"
request,"what is the phone number
"
request,"what is the address
"
request,"what is the phone number
"
request,"what is the phone number
"
request,"what is the type of food
"
request,"whats the price range
"
request,"whats the phone number
"
request,"what area is it in
"
request,"address
"
request,"phone number
"
request,"price range
"
request,"okay whats the phone number
"
request,"how about the address
"
request,"what is the address and post code
"
request,"address
"
request,"can i get the address
"
request,"phone number
"
request,"phone number
"
request,"phone number
"
request,"post code
"
request,"can i have the phone number
"
request,"may i get the address and restaurant and
"
request,"a phone number please
"
request,"and what is the address please
"
request,"whats the address
"
request,"whats the address
"
request,"their phone number
"
request,"what kind of food does it serve
"
request,"whats the address
"
request,"whats the phone number
"
request,"and whats the price range
"
request,"may i have the phone number and address
"
request,"whats the address and area
"
request,"whats the area
"
request,"what part of town is it in
"
request,"whats the address
"
request,"part of town is it in
"
request,"uh whats the phone number
"
request,"and the address
"
request,"and the phone number
"
request,"whats the phone number and address
"
request,"address
"
request,"phone number
"
request,"post code
"
request,"uh can i have the phone number please
"
request,"what type of food do they serve
"
request,"id like the address and phone number please
"
request,"can you give me the phone number
"
request,"phone number
"
request,"what type of venue
"
request,"phone number and post code
"
request,"post code
"
request,"what is the address
"
request,"what is the phone number
"
request,"what is the area
"
request,"and whats the phone number
"
request,"what is the address phone number and post code
"
request,"what is the address
"
request,"what is the address
"
request,"the price range
"
request,"okay whats the phone number
"
request,"what is the phone number
"
request,"and what is their phone number
"
request,"can i have the phone number
"
request,"post code
"
request,"can you give me the phone number
"
request,"what is address and phone number
"
request,"what price range
"
request,"can i get the address
"
request,"what is the phone number
"
request,"what is the price range
"
request,"can i get the area
"
request,"can i get the area
"
request,"what is the address and phone number
"
request,"address
"
request,"phone number
"
request,"phone number
"
request,"post code
"
request,"what is the address
"
request,"and what is the phone number
"
request,"address
"
request,"phone number
"
request,"what is the phone number
"
request,"what is the address
"
request,"can i have the address and the price range
"
request,"can i have the price range of the venue
"
request,"what is the address
"
request,"address
"
request,"area
"
request,"area
"
request,"area
"
request,"can i get the address
"
request,"address
"
request,"type of food
"
request,"okay can i have the phone number and address
"
request,"what is the address
"
request,"address and phone number
"
request,"phone number
"
request,"address
"
request,"phone number
"
request,"and the phone number
"
request,"address
"
request,"phone number
"
request,"phone number
"
request,"address
"
request,"phone number
"
request,"phone number
"
request,"address
"
request,"whats the phone number
"
request,"whats the address
"
request,"whats the post code
"
request,"whats the address again
"
request,"what is the address
"
request,"what area is it in
"
request,"could i have the address
"
request,"phone number
"
request,"post code
"
request,"what is the address
"
request,"and the post code
"
request,"whats its address
"
request,"phone number
"
request,"type of food
"
request,"phone number
"
request,"address
"
request,"price range
"
request,"phone number
"
request,"post code
"
request,"phone number
"
request,"the address phone number and post code
"
request,"whats the address
"
request,"whats their phone number
"
request,"what is their phone number
"
request,"what is the address
"
request,"and what is the phone number
"
request,"whats the address
"
request,"whats the phone number
"
request,"whats the address
"
request,"and the postal code
"
request,"area train
"
request,"area
"
request,"phone number
"
request,"area
"
request,"area
"
request,"area of the venue
"
request,"could have the phone number
"
request,"what is the addre
"
request,"may i have the phone number
"
request,"what is the type of food
"
request,"what is the price range
"
request,"what is the phone number
"
request,"whats the address
"
request,"what type of food do they serve
"
request,"address
"
request,"phone number
"
request,"can i have the phone number and post code please
"
request,"okay and what area is that
"
request,"okay and whats their phone number please
"
request,"address
"
request,"phone number
"
request,"post code
"
request,"post code
"
request,"what is the address
"
request,"what is the phone number
"
request,"what is the price range
"
request,"what is the address
"
request,"address
"
request,"phone number
"
request,"what kind of food is that
"
request,"alright whats its phone number
"
request,"what is the address phone number and price range
"
request,"whats the price range
"
request,"expensive price range
"
request,"address
"
request,"phone number
"
request,"whats their phone number
"
request,"and what is the price range
"
request,"whats the phone number and address
"
request,"address
"
request,"what part of town
"
request,"address
"
request,"phone number
"
request,"could i have the phone number and address please
"
request,"phone number
"
request,"post code
"
request,"address
"
request,"whats the phone number
"
request,"and the post code
"
request,"whats the phone number
"
request,"can i have the phone number
"
request,"and what about the phone number
"
request,"excellent and what is the price range of that venue
"
request,"address
"
request,"phone number
"
request,"address
"
request,"phone number and post code
"
request,"address price range
"
request,"price range
"
request,"the address
"
request,"phone number
"
request,"may i get the address and phone please
"
request,"what is the price range
"
request,"address
"
request,"may i get the phone number
"
request,"what is the type of food
"
request,"address
"
request,"phone number
"
request,"what is the address
"
request,"what is the phone number
"
request,"what type of food
"
request,"what is the address and phone number
"
request,"phone number
"
request,"post code
"
request,"phone number and address
"
request,"address
"
request,"whats the address
"
request,"address
"
request,"phone number
"
request,"can i get the phone number
"
request,"what is the address
"
request,"post code
"
request,"phone number
"
request,"post code
"
request,"address
"
request,"address
"
request,"phone number
"
request,"price range
"
request,"phone number and post code
"
request,"okay can i get their address
"
request,"and whats the price range
"
request,"whats the address
"
request,"what type of food is it
"
request,"can i have the phone number and the price range
"
request,"whats the address and phone number
"
request,"may i have the phone number
"
request,"whats the address
"
request,"the price range
"
request,"can i get the address
"
request,"can i have the phone number
"
request,"phone number
"
request,"whats the phone number
"
request,"address
"
request,"whats the phone number
"
request,"whats their address
"
request,"whats the phone number
"
request,"what is the address
"
request,"what type of food is it
"
request,"price range
"
request,"address
"
request,"phone number
"
request,"and the phone number
"
request,"and what is the post code
"
request,"address
"
request,"address
"
request,"what is the address and post code
"
request,"can i have the phone number
"
request,"and the address
"
request,"address
"
request,"phone number
"
request,"whats the phone number
"
request,"whats the telephone number
"
request,"and the price code
"
request,"what is the address and post code
"
request,"what is the phone number
"
request,"okay can i have the phone number
"
request,"and the address
"
request,"could i have the phone number and type of food
"
request,"breath what type of food is it
"
request,"can i have the phone number
"
request,"what is the phone number and address
"
request,"whats their address
"
request,"expensive price range
"
request,"what food is available
"
request,"what type of food
"
request,"may i have the phone number
"
request,"and for good luck what is the post code
"
request,"whats the phone number
"
request,"the address
"
request,"phone number
"
request,"can you give me the address
"
request,"whats the phone number
"
request,"could i get their address and phone number
"
request,"address and post code
"
request,"expensive price range
"
request,"what is the phone number
"
request,"what is the address
"
request,"phone number and post code
"
request,"the address phone number and postcode
"
request,"the address
"
request,"phone number
"
request,"can you give me the phone number
"
request,"whats their phone number
"
request,"the phone number
"
request,"whats the price range
"
request,"okay the address
"
request,"and whats their address
"
request,"phone number
"
request,"whats the address
"
request,"whats the phone number
"
request,"whats the post code
"
request,"may i have the address and phone number please
"
request,"address
"
request,"post code
"
request,"whats the post code
"
request,"whats the address
"
request,"phone number
"
request,"can i have the phone number
"
request,"address
"
request,"phone number
"
request,"the address
"
request,"and the phone number
"
request,"what is the phone number
"
request,"phone number
"
request,"phone number
"
request,"phone number
"
request,"phone number
"
request,"phone number
"
request,"noise address and the post code of the venue
"
request,"can i have the address of the venue
"
request,"what is the phone number
"
request,"and the post code
"
request,"address
"
request,"phone number
"
request,"what is the address
"
request,"whats its price range
"
request,"address
"
request,"phone number
"
request,"address
"
request,"phone number
"
request,"what is the address
"
request,"what is the price range
"
request,"what is the phone number
"
request,"what is the address
"
request,"type of food do they serve
"
request,"can i get the address phone number and post code please
"
request,"what is the phone number
"
request,"whats the phone number
"
request,"what type of food do they serve
"
request,"can i have the phone number
"
request,"whats its address
"
request,"what is its address
"
request,"can i have its post code
"
request,"phone number
"
request,"phone number
"
request,"phone number
"
request,"whats the address phone number and post code
"
request,"post code
"
request,"address
"
request,"phone number
"
request,"price range
"
request,"can i get the phone number
"
request,"what is the phone number
"
request,"what is the address
"
request,"whats their address
"
request,"whats the address
"
request,"whats the price range
"
request,"phone number
"
request,"phone number
"
request,"what is the address and phone number
"
request,"what is the phone number
"
request,"can i have the address of the venue
"
request,"whats the address
"
request,"what is the address and phone number
"
request,"whats the address
"
request,"and the price range
"
request,"phone number
"
request,"address and phone number
"
request,"address
"
request,"can i get the address
"
request,"whats the address
"
request,"how about the phone number
"
request,"the phone number
"
request,"what is the address and phone number
"
request,"what is the phone number and address
"
request,"whats the address
"
request,"whats the phone number
"
request,"what is the phone number and address
"
request,"i want to know the phone number
"
request,"what is the address
"
request,"address
"
request,"area
"
request,"what area
"
request,"okay whats the phone number
"
request,"what type of food
"
request,"can you give me the phone number
"
request,"what type of food
"
request,"phone number
"
request,"address
"
request,"what is the phone number
"
request,"and the post code
"
request,"phone number
"
request,"and the area
"
request,"what area
"
request,"what is the phone number
"
request,"address
"
request,"can i get the address
"
request,"phone number
"
request,"whats their address
"
request,"what kind of food do they serve
"
request,"whats the address
"
request,"and would you be able to tell me the phone number
"
request,"may i have the phone number
"
request,"what is the phone number and address
"
request,"what is the address and phone number
"
request,"what is the address and phone number
"
request,"um could i have the address
"
request,"phone number
"
request,"what is the phone number
"
request,"okay whats the address
"
request,"whats the phone number
"
request,"what is the address
"
request,"what is the phone number
"
request,"uh what type of food
"
request,"and the address
"
request,"what type of food
"
request,"the address please
"
request,"uh okay how about the address
"
request,"and the phone number
"
request,"whats the phone number
"
request,"address
"
request,"phone number
"
request,"what is the address
"
request,"what type of food does it have
"
request,"whats the address phone number and area of the venue
"
request,"address
"
request,"whats the address
"
request,"whats the post code
"
request,"can i have the address and phone number
"
request,"phone number
"
request,"what is the address and post code
"
request,"what is the phone number
"
request,"can i have the phone number please
"
request,"may i have the address and phone number please
"
request,"what type of food do they serve
"
request,"what is their special dish
"
request,"phone number
"
request,"the phone number
"
request,"post code
"
request,"and the address
"
request,"expensive price range
"
request,"what the phone number
"
request,"address
"
request,"phone number
"
request,"what is the address
"
request,"and the phone number
"
request,"address and the post code
"
request,"what is the phone number
"
request,"what type of food does it have
"
request,"type of food
"
request,"okay um whats the price range
"
request,"okay can i get the address
"
request,"and whats the phone number
"
request,"okay can i get the address
"
request,"okay can i get the address
"
request,"what area
"
request,"address
"
request,"what is the postcode
"
request,"whats the address
"
request,"whats the address
"
request,"phone number
"
request,"what type of food do they serve
"
request,"the price range
"
request,"address and phone number
"
request,"address and phone number
"
request,"address
"
request,"phone number
"
request,"phone number
"
request,"what type of food is it
"
request,"whats their phone number
"
request,"what is the address
"
request,"the address
"
request,"whats the address
"
request,"whats the post code
"
request,"give me the address phone number and price range
"
request,"what is the address
"
request,"what is the price range
"
request,"address
"
request,"address please
"
request,"phone number
"
request,"can i get the address
"
request,"can i get the address
"
request,"the price range
"
request,"can i have the address and phone number
"
request,"can i have the address and the price range
"
request,"and what is the price range
"
request,"address
"
request,"address
"
request,"phone number
"
request,"what kind of food is it
"
request,"whats the address
"
request,"whats the phone number
"
request,"address
"
request,"address
"
request,"telephone number
"
request,"whats its address
"
request,"phone number
"
request,"post code
"
request,"do you have the address
"
request,"what is the phone number
"
request,"what type of food does it serve
"
request,"whats the phone number
"
request,"whats the address
"
request,"and whats the phone number
"
request,"whats the phone number
"
request,"what kind of food do they serve
"
request,"phone number
"
request,"phone number
"
request,"whats the address
"
request,"whats the address
"
request,"whats the phone number
"
request,"and the phone number
"
request,"can i have the address and phone number please
"
request,"an address
"
request,"the price range
"
request,"what is the phone number
"
request,"can i have the address of the venue
"
request,"what are the price ranges available
"
request,"whats the address
"
request,"the phone number
"
request,"can i have the address phone number and post code
"
request,"and can i have the post code please
"
request,"what is the address
"
request,"what is the address
"
request,"whats the address
"
request,"and the price range
"
request,"where is the address and phone number
"
request,"what is the area
"
request,"phone number
"
request,"what is their phone number
"
request,"phone number
"
request,"what is their phone number
"
request,"address
"
request,"address
"
request,"can i get the phone number and price range
"
request,"price range
"
request,"can i have the phone number
"
request,"can i have the address phone number and postal code
"
request,"whats the phone number
"
request,"whats the phone number
"
request,"what is the address
"
request,"what is the signature dish
"
request,"what is the signature dish
"
request,"what is the signature dish
"
request,"what is the signature dish
"
request,"what is the signature dish
"
request,"address
"
request,"address
"
request,"what area are the asian oriental restaurants
"
request,"what is the phone number
"
request,"address
"
request,"address
"
request,"phone number
"
request,"phone number and post code
"
request,"address and food
"
request,"type of food
"
request,"address
"
request,"phone number
"
request,"post code
"
request,"post code
"
request,"in the wouth part of town
"
request,"tell me the address
"
request,"what is the addre
"
request,"phone number
"
request,"what is the phone number
"
request,"what is the phone number
"
request,"what is the type of food
"
request,"what is the address and phone number
"
request,"what is the address and phone number
"
request,"can i get the address and phone number
"
request,"can i have the address and the phone number
"
request,"the phone number
"
request,"may i have the address and phone number for that venue
"
request,"what is the address
"
request,"whats their phone number
"
request,"whats their phone number
"
request,"and whats their price range
"
request,"what is the phone number
"
request,"what is the price range
"
request,"address phone number and post code
"
request,"address phone number and post code
"
request,"post code
"
request,"phone number
"
request,"phone number
"
request,"address
"
request,"address
"
request,"address
"
request,"phone number
"
request,"address
"
request,"address
"
request,"address
"
request,"phone number
"
request,"can i have the phone number and the type of food
"
request,"what is the address and phone number
"
request,"price
"
request,"i would like the address and phone number
"
request,"what is the address
"
request,"what is the address phone number and post code
"
request,"address
"
request,"may i have the address and phone number please
"
request,"phone number
"
request,"phone number
"
request,"address
"
request,"address
"
request,"phone number
"
request,"can i get the address
"
request,"the address
"
request,"post code
"
request,"please let me have the address
"
request,"and the area
"
request,"what area is that
"
request,"the address
"
request,"the phone number
"
request,"and whats the phone number
"
request,"whats the address
"
request,"what is the phone number
"
request,"what kind of food do they serve
"
request,"whats the address
"
request,"whats the area
"
request,"whats the address
"
request,"whats the address noise
"
request,"whats the phone number
"
request,"what is the address
"
request,"uh address
"
request,"whats the address
"
request,"address
"
request,"whats the address
"
request,"and the phone number
"
request,"whats the post code
"
request,"phone number please
"
request,"address
"
request,"what is the address
"
request,"what is the phone number
"
request,"may i have the phone number
"
request,"whats the address
"
request,"okay whats the phone number
"
request,"great could you tell me the address and phone number to that place
"
request,"whats the phone number again
"
request,"phone number to that
"
request,"whats the address and phone number
"
request,"address and phone number
"
request,"what is the phone number
"
request,"can i have the address and phone number
"
request,"and the phone number
"
request,"whats their address
"
request,"what is the phone number and area
"
request,"what is the phone number
"
request,"okay and h can i get the address
"
request,"uh i want the address of the or the address of the mediterranean food part
"
request,"okay can i get the address
"
request,"and the phone number
"
request,"address
"
request,"address
"
request,"address
"
request,"address
"
request,"phone number
"
request,"whats the phone number
"
request,"whats the address
"
request,"phone number
"
request,"post code
"
request,"okay can i have the phone number
"
request,"whats their phone number
"
request,"and their post code
"
request,"whats the address
"
request,"and the phone number
"
request,"phone number
"
request,"i need a phone number
"
request,"what is the address
"
request,"could i have the address phone number
"
request,"ah where is it
"
request,"can i have the address and phone number
"
request,"phone number
"
request,"may i have its address
"
request,"whats its number
"
request,"whats its number
"
request,"address
"
request,"phone number
"
request,"phone number
"
request,"address
"
request,"phone number
"
request,"what is the address
"
request,"what is the phone number
"
request,"what is the phone number
"
request,"address
"
request,"post code
"
request,"what is the phone number
"
request,"can i get the address
"
request,"can i get the phone number
"
request,"whats the address
"
request,"and the phone number
"
request,"what is the phone number
"
request,"what is the phone number
"
request,"whats the address
"
request,"what is the address
"
request,"uh address
"
request,"the address
"
request,"whats the address
"
request,"what is the phone number
"
request,"what type of food does it serve
"
request,"address
"
request,"whats the address
"
request,"what is the phone number
"
request,"address
"
request,"address
"
request,"address
"
request,"what is their phone number
"
request,"what is the phone number and address
"
request,"what is the address
"
request,"can i have the phone number
"
request,"and whats the price range
"
request,"what is their phone number
"
request,"what is the phone number and address
"
request,"um whats the phone number
"
request,"address
"
request,"what is the address
"
request,"whats the area
"
request,"what area is it in
"
request,"may i have the phone number
"
request,"may i have the post code
"
request,"can i have the phone number and the type of food
"
request,"and what type of food do they serve
"
request,"kind of food do they serve
"
request,"uh whats the phone number
"
request,"what type of food
"
request,"and the address
"
request,"and price range
"
request,"the address
"
request,"what kind of food
"
request,"could i have the address
"
request,"address and phone number
"
request,"address
"
request,"phone number
"
request,"phone number
"
request,"address
"
request,"address
"
request,"what is the address
"
request,"what type of food is it
"
request,"what is the phone number
"
request,"what is the price range
"
request,"what type of food
"
request,"what is the address
"
request,"what is the phone number
"
request,"what is the phone number
"
request,"phone number
"
request,"phone number
"
request,"address
"
request,"address
"
request,"phone number
"
request,"whats the address
"
request,"whats the address
"
request,"phone number
"
request,"what type of food
"
request,"what type of food do they serve
"
request,"whats their post code
"
request,"okay how about the phone number
"
request,"okay and their address
"
request,"whats the phone number
"
request,"post code
"
request,"what is the phone number
"
request,"whats the address
"
request,"and the phone number
"
request,"whats the phone number
"
request,"address
"
request,"address
"
request,"address
"
request,"what is the address
"
request,"what is the address
"
request,"phone number
"
request,"what is the phone number
"
request,"and the price range
"
request,"whats the address
"
request,"whats the post code
"
request,"phone number
"
request,"what is the phone number
"
request,"whats the address
"
request,"post code
"
request,"may i have the address and phone number and post code
"
request,"may i have the post code
"
request,"can i have the phone number
"
request,"and what area is that in
"
request,"address
"
request,"phone number
"
request,"whats the phone number
"
request,"address
"
request,"what is the address
"
request,"address
"
request,"price range
"
request,"the phone number
"
request,"what type of food
"
request,"and the address
"
request,"and the phone number
"
request,"phone number and area
"
request,"area
"
request,"what area
"
request,"what type of food
"
request,"may i have the address and phone number
"
request,"whats the address and phone number
"
request,"what is prezzos address
"
request,"what is their post code
"
request,"can i can i have the address and price
"
request,"whats the address
"
request,"whats the price range
"
request,"phone number
"
request,"phone number
"
request,"phone number
"
request,"type of food
"
request,"what is the address
"
request,"what is the address
"
request,"what is the phone number
"
request,"what is the address
"
request,"what is the type of food
"
request,"what type of food do they serve
"
request,"phone number
"
request,"telephone number
"
request,"telephone number
"
request,"phone number
"
request,"post code
"
request,"what is their phone number
"
request,"phone number
"
request,"address and post code
"
request,"post code
"
request,"phone number
"
request,"phone number
"
request,"phone number
"
request,"their address
"
request,"phone number
"
request,"what prices
"
request,"what type of food
"
request,"whats the address and phone number
"
request,"what kind of food does it serve
"
request,"whats the address and phone number
"
request,"what is the phone number
"
request,"what is the address and phone number
"
request,"what is the address
"
request,"what is the phone number
"
request,"address
"
request,"address
"
request,"what is its address
"
request,"and the phone number
"
request,"and the price range
"
request,"can i get the address and phone number
"
request,"can i have the phone number
"
request,"may i have he phone number please
"
request,"what is the address
"
request,"what is the phone number
"
request,"phone number
"
request,"phone number
"
request,"phone number
"
request,"the address
"
request,"what part of town is it in
"
request,"what part of town
"
request,"what part of town
"
request,"whats the address
"
request,"whats the phone number
"
request,"type of food do they serve
"
request,"what kind of food
"
request,"what is the address
"
request,"and the phone number
"
request,"phone number
"
request,"phone number
"
request,"whats the phone number
"
request,"and what type of food
"
request,"what type of food
"
request,"give me the address
"
request,"and what kind of food
"
request,"address and phone number
"
request,"what is the phone number
"
request,"what is the price range
"
request,"address
"
request,"post code
"
request,"address
"
request,"phone number
"
request,"address
"
request,"telephone number
"
request,"what is the address
"
request,"phone number
"
request,"the post code
"
request,"and whats the phone number
"
request,"uh could you repeat the phone number
"
request,"whats the address
"
request,"address
"
request,"address
"
request,"phone number
"
request,"post code
"
request,"phone number
"
request,"phone number
"
request,"okay whats their address
"
request,"whats their address
"
request,"how about the phone number
"
request,"phone number please
"
request,"whats the phone number
"
request,"may i have their address please
"
request,"whats the address
"
request,"can i have their phone number please
"
request,"whats the address
"
request,"whats their address
"
request,"and a phone number
"
request,"can i get their address and phone number
"
request,"and their address
"
request,"what is the address
"
request,"can i get the phone number
"
request,"and what is the address
"
request,"the address
"
request,"whats the address and post code
"
request,"post code
"
request,"whats the address
"
request,"and the post code
"
request,"address
"
request,"address
"
request,"phone number
"
request,"what type of food do they serve
"
request,"phone number
"
request,"phone number
"
request,"phone number
"
request,"phone number
"
request,"any price rage
"
request,"phone number and address
"
request,"whats the address
"
request,"what is the address
"
request,"what is the address
"
request,"address
"
request,"what is the phone number
"
request,"what is the phone number
"
request,"what is the address
"
request,"may i have the address pleas
"
request,"and the price range
"
request,"can i get the phone number
"
request,"the address
"
request,"the phone number
"
request,"and the area
"
request,"what is the phone numbere
"
request,"what type of food does it serve
"
request,"address and phone number
"
request,"okay what is the address
"
request,"what is the phone number
"
request,"phone number
"
request,"what is the address and phone number
"
request,"phone number
"
request,"phone number
"
request,"may i get the address and phone number
"
request,"what about the post code
"
request,"phone number and post code
"
request,"phone number
"
request,"phone number
"
request,"phone number
"
request,"may i have the phone number
"
request,"what is the address
"
request,"what is the price range
"
request,"price range
"
request,"part of town is it in
"
request,"what part of town
"
request,"what is the address and phone number
"
request,"address
"
request,"phone number
"
request,"area
"
request,"the area of the venue
"
request,"address
"
request,"address
"
request,"address
"
request,"address
"
request,"whats the address
"
request,"what is the address
"
request,"whats the address
"
request,"whats the phone number
"
request,"whats the address
"
request,"whats the address
"
request,"and the phone number
"
request,"what is the phone number
"
request,"the address
"
request,"what is the phone number
"
request,"phone number
"
request,"what is the address
"
request,"phone number
"
request,"phone number
"
request,"type of food
"
request,"may i have their address and phone number
"
request,"address
"
request,"phone number
"
request,"phone number
"
request,"phone number
"
request,"address
"
request,"phone number
"
request,"whats the address
"
request,"whats the address
"
request,"whats the address
"
request,"whats the phone number
"
request,"could i have the phone number and post code please
"
request,"what is the address
"
request,"what is the phone number
"
request,"what is the phone number
"
request,"what is the address
"
request,"what is their phone number
"
request,"what is the phone number
"
request,"the post code
"
request,"phone number
"
request,"price range
"
request,"phone number
"
request,"whats the phone number
"
request,"can i have the phone number and address
"
request,"address
"
request,"phone number
"
request,"post code
"
request,"whats the phone number
"
request,"address
"
request,"address
"
request,"post code of the venue
"
request,"whats the address
"
request,"can i have the address and phone number please
"
request,"what is the address
"
request,"talking whats the address
"
request,"whats the phone number for noise
"
request,"whats the phone number for hotel dubai
"
request,"whats the phone number
"
request,"whats the phone number
"
request,"address
"
request,"post code
"
request,"post code
"
request,"post code
"
request,"whats the address
"
request,"can i get the phone number
"
request,"can i get the address
"
request,"what is the phone number
"
request,"whats the address
"
request,"type of food
"
request,"whats the address
"
request,"what is the price range
"
request,"can i get the phone number
"
request,"phone number
"
request,"what type of food
"
request,"where is it
"
request,"whats the address and phone number
"
request,"what area of town is it
"
request,"address phone number
"
request,"may i have the address and price range
"
request,"and what is the price range
"
request,"and the phone number
"
request,"whats the phone number
"
request,"whats the post code
"
request,"okay whats the phone number
"
request,"can i have the address phone number and post code
"
request,"whats the address
"
request,"and the price range
"
request,"and whats the price range
"
request,"expensive price range
"
request,"price range
"
request,"phone number
"
request,"phone number
"
request,"phone number
"
request,"what is the address and phone number
"
request,"what is the address
"
request,"and the phone number
"
request,"where is it
"
request,"can i get the phone number
"
request,"whats the address
"
request,"and whats the price range
"
request,"can i have the phone number
"
request,"and what type of food do they serve
"
request,"address
"
request,"phone number
"
request,"do you have the phone number
"
request,"whats the phone number
"
request,"what type of food
"
request,"whats the phone number
"
request,"whats the phone number
"
request,"can i get the address
"
request,"whats the address
"
request,"phone number
"
request,"the address
"
request,"can i have the address and phone number
"
request,"can i have the phone number
"
request,"address
"
request,"phone number
"
request,"whats the phone number
"
request,"okay what is the address and phone number
"
request,"address
"
request,"can i have the phone number
"
request,"address
"
request,"phone number
"
request,"post code
"
request,"address
"
request,"phone number
"
request,"can i get the phone number
"
request,"what is the price range
"
request,"whats their phone number
"
request,"what type of food
"
request,"what is the phone number
"
request,"what is the phone number
"
request,"whats the address
"
request,"phone number
"
request,"telephone number
"
request,"phone number
"
request,"expensive price range
"
request,"phone number
"
request,"where is it
"
request,"where is the area
"
request,"whats the area
"
request,"what kind of food do they serve
"
request,"what food do they serve
"
request,"phone number
"
request,"phone number
"
request,"address
"
request,"may i have the address and phone number
"
request,"give me the address please
"
request,"what is the address
"
request,"what is the phone number
"
request,"what is the price range
"
request,"what is the area
"
request,"what is the address
"
request,"ok whats the phone number
"
request,"address
"
request,"address
"
request,"whats the address
"
request,"and whats the telephone number
"
request,"phone number
"
request,"phone number
"
request,"whats its address
"
request,"whats the address
"
request,"whats the phone number
"
request,"whats the post code
"
request,"what is the address
"
request,"phone number
"
request,"what is the type of food
"
request,"what is the address and phone number
"
request,"address
"
request,"can i have the phone number
"
request,"address
"
request,"phone number
"
request,"price range
"
request,"address
"
request,"price range
"
request,"phone number
"
request,"phone number
"
request,"address
"
request,"phone number
"
request,"type of food do they serve
"
request,"type of food
"
request,"what type of food do they serve
"
request,"what is their phone number
"
request,"what is the address
"
request,"phone number
"
request,"phone number
"
request,"post code
"
request,"address
"
request,"phone number
"
request,"type of food
"
request,"whats the phone number for that place
"
request,"address
"
request,"address
"
request,"phone number
"
request,"price range
"
request,"price range
"
request,"address
"
request,"address
"
request,"address
"
request,"whats the address
"
request,"whats the post code
"
request,"address
"
request,"whats its address
"
request,"whats the phone number
"
request,"phone number
"
request,"address
"
request,"can i have the address and post code
"
request,"the address
"
request,"the phone number
"
request,"the address and post code
"
request,"what is the address
"
request,"what is the address and phone number
"
request,"address
"
request,"address
"
request,"address
"
request,"address
"
request,"phone number
"
request,"whats the phone number
"
request,"what is the address and phone number
"
request,"and what is the address
"
request,"address
"
request,"phone number
"
request,"type of food
"
request,"address
"
request,"phone number
"
request,"and the price range
"
request,"may i have the address phone number and postcode
"
request,"whats the address
"
request,"whats the post code
"
request,"phone number
"
request,"phone number
"
request,"phone number
"
request,"what is the phone number
"
request,"phone number
"
request,"phone number
"
request,"phone number
"
request,"phone number
"
request,"phone number
"
request,"can i have the address and post code
"
request,"whats the post code
"
request,"what is the phone number
"
request,"what price range is it
"
request,"what is the address
"
request,"can i get the phone number
"
request,"post code
"
request,"po post code
"
request,"and whats the price range
"
request,"whats the address
"
request,"phone number
"
request,"address
"
request,"address
"
request,"could i have the address phone number and type of food
"
request,"phone number
"
request,"what type of food do they serve
"
request,"what is nandos address
"
request,"can i get the address and phone number
"
request,"what kind of food does it serve
"
request,"and whats their address
"
request,"what is the address
"
request,"whats the address
"
request,"and the phone number
"
request,"and what kind of food
"
request,"can i get the address
"
request,"could i get the address please
"
request,"and the phone number
"
request,"whats the address
"
request,"whats the phone number
"
request,"what is the address
"
request,"what is the phone number
"
request,"uh the post code
"
request,"address
"
request,"phone number
"
request,"area
"
request,"area
"
request,"can i have the phone number
"
request,"what type of food is it
"
request,"and what is the post code
"
request,"can i get the address
"
request,"can i get the phone number
"
request,"whats the post code
"
request,"what is the address and phone number
"
request,"what is the address
"
request,"whats the phone number of burger kitchen
"
request,"and the type of food at gourmet burger kitchen
"
request,"what is the address
"
request,"address
"
request,"address
"
request,"address
"
request,"area
"
request,"could i get the post code
"
request,"phone number
"
request,"phone number
"
request,"what is the phone number
"
request,"address
"
request,"address
"
request,"address
"
request,"address
"
request,"address
"
request,"phone number
"
request,"price range
"
request,"where is it located
"
request,"where is it located
"
request,"what is the phone number
"
request,"address
"
request,"address
"
request,"phone number
"
request,"price range
"
request,"what is the address
"
request,"what is the address and phone and postal code
"
request,"address
"
request,"phone number and area
"
request,"area
"
request,"what is the phone number
"
request,"address
"
request,"phone number
"
request,"post code
"
request,"breath may i have the phone number and address please
"
request,"what is the phone number
"
request,"the address
"
request,"the phone number
"
request,"im looking for a restaurant in the north part of town serving french type of food
"
request,"what is the address and postcode
"
request,"what is the phone number
"
request,"addre
"
request,"addre
"
request,"what is the phone number and post code
"
request,"can i get the address phone number and area
"
request,"address
"
request,"phone number
"
request,"and the address
"
request,"address
"
request,"address
"
request,"address
"
request,"address
"
request,"address
"
request,"address
"
request,"address
"
request,"phone number
"
request,"what kind of food does it serve
"
request,"what is the address and post code
"
request,"what is the phone number
"
request,"phone number
"
request,"post code
"
request,"uh address
"
request,"the address please
"
request,"address
"
request,"address
"
request,"phone number
"
request,"area
"
request,"area
"
request,"what is the address and phone number
"
request,"whats their address and phone number
"
request,"phone number
"
request,"phone number
"
request,"post code
"
request,"could i have the phone number please
"
request,"what is the address
"
request,"what is the phone number
"
request,"price range
"
request,"price range
"
request,"what is price range
"
request,"phone number
"
request,"phone number please
"
request,"and the phone number
"
request,"whats the phone number
"
request,"whats the telephone number
"
request,"can i have the phone number
"
request,"what is the address phone number and post code
"
request,"what is the address
"
request,"can i get the address phone number and post code
"
request,"and the phone number and address
"
request,"what type of food
"
request,"what is the address
"
request,"phone number
"
request,"phone number
"
request,"whats the address
"
request,"phone number
"
request,"what type of food
"
request,"whats its address
"
request,"whats its post code
"
request,"address and phone number
"
request,"address
"
request,"and phone nubmer
"
request,"address
"
request,"address
"
request,"whats the phone number
"
request,"what type of food
"
request,"what is the address
"
request,"what is the phone number
"
request,"what is the address and phone number
"
request,"address
"
request,"address
"
request,"may i have the phone number to the turkiesh
"
request,"okay can i get the address
"
request,"okay and uh how about the phone number
"
request,"can i have the address and phone number please
"
request,"what is the whats the phone number
"
request,"could i have the address phone number and area
"
request,"address
"
request,"address
"
request,"phone number
"
request,"can i get their address and phone number
"
request,"could i get the phone number and post code
"
request,"what is the phone number
"
request,"may i have the phone number
"
request,"phone number
"
request,"type of food they served
"
request,"nandos restaurant type of food
"
request,"what type of food is served
"
request,"address
"
request,"post code
"
request,"whats the phone number
"
request,"and the post code
"
request,"whats the address
"
request,"what is the address
"
request,"what is the phone number
"
request,"phone number
"
request,"phone number
"
request,"phone number
"
request,"address
"
request,"address
"
request,"can i get the address
"
request,"address
"
request,"phone number
"
request,"what is the address and phone number
"
request,"what type of food do they serve
"
request,"what is the address
"
request,"and what is the address
"
request,"whats the address
"
request,"whats the address
"
request,"phone number
"
request,"whats the address
"
request,"whats the phone number
"
request,"whats the post code
"
request,"whats their address
"
request,"and mail postal code
"
request,"whats their post code
"
request,"phone number
"
request,"post code
"
request,"whats the address
"
request,"and the phone number
"
request,"could i have the phone number please
"
request,"whats the phone number
"
request,"and what type of food
"
request,"can you give me the address and phone number
"
request,"okay could i have the phone number and post code
"
request,"address
"
request,"address
"
request,"post code
"
request,"whats the phone number
"
request,"and whats the address
"
request,"whats the address
"
request,"phone number
"
request,"area
"
request,"area
"
request,"what area
"
request,"what type of food
"
request,"type of food does it serve
"
request,"what type of food does it serve
"
request,"whats the address
"
request,"whats the phone number
"
request,"what type of food
"
request,"whats the address
"
request,"what is their address phone number and post code
"
request,"whats the address
"
request,"and the phone number again
"
request,"no the phone number
"
request,"what was the phone number for chiquito
"
request,"what is the address phone number and post code
"
request,"post code
"
request,"whats the address
"
request,"whats the phone number
"
request,"and whats the post code
"
request,"phone number
"
request,"phone number
"
request,"what kind of food
"
request,"what kind of food
"
request,"what kind of food do they serve
"
request,"what kind of food is it
"
request,"different kind of food
"
request,"whats the address
"
request,"whats the phone number
"
request,"whats the post code
"
request,"phone number
"
request,"the phone number please
"
request,"and the type of food
"
request,"what is the address
"
request,"what is the price range
"
request,"what is the price range
"
request,"can i please have the phone number
"
request,"and what type of food does it serve
"
request,"address
"
request,"address
"
request,"address
"
request,"phone number
"
request,"post code
"
request,"post code
"
request,"what type of food
"
request,"whats the address
"
request,"and the address
"
request,"phone number
"
request,"phone number
"
request,"what is the phone number and address
"
request,"address
"
request,"phone number
"
request,"area
"
request,"what area
"
request,"what area
"
request,"where
"
request,"what area
"
request,"area
"
request,"what area
"
request,"address
"
request,"phone number
"
request,"whats the address
"
request,"can i get the phone number
"
request,"what is the phone number
"
request,"phone number and address
"
request,"phone number
"
request,"address
"
request,"address
"
request,"phone number
"
request,"whats the phone number
"
request,"whats the address
"
request,"address
"
request,"phone number
"
request,"address and phone number
"
request,"what is the address
"
request,"whats the address
"
request,"what type of food do they serve
"
request,"okay and the phone number
"
request,"and the post code
"
request,"what is the price range
"
request,"what is the address
"
request,"phone number
"
request,"phone number
"
request,"address
"
request,"can i have the address and post code
"
request,"can i have the address of the venue
"
request,"what type of food
"
request,"address phone number and type of food
"
request,"type of food
"
request,"what type of food
"
request,"what is the address and post code
"
request,"address
"
request,"address
"
request,"what is the address
"
request,"curry prince address and phone number
"
request,"what is the address and phone number
"
request,"whats the phone number
"
request,"what is the address
"
request,"what is the phone number
"
request,"can i get the address
"
request,"address
"
request,"phone number
"
request,"phone number
"
request,"telephone number
"
request,"telephone number
"
request,"phone number
"
request,"phone number
"
request,"address
"
request,"phone number
"
request,"what is the address
"
request,"what is the price range
"
request,"what kind of food do they serve
"
request,"whats the phone number
"
request,"whats the phone number
"
request,"can i have the address and the phone number
"
request,"whats the address
"
request,"whats the phone number
"
request,"whats the post code
"
request,"what is the phone number
"
request,"what is the address
"
request,"address
"
request,"area
"
request,"area
"
request,"what area is it in
"
request,"whats the address
"
request,"what is the address
"
request,"can i have the phone number
"
request,"price range
"
request,"price
"
request,"address
"
request,"price range
"
request,"address
"
request,"what type of food is served
"
request,"address
"
request,"phone number
"
request,"post code
"
request,"what area
"
request,"what area is it in
"
request,"in what area
"
request,"what is the address and phone number
"
request,"whats the phone number
"
request,"and the post code
"
request,"what kind of food is it
"
request,"what kind of food is that
"
request,"address
"
request,"phone number
"
request,"price range
"
request,"can i have the phone number
"
request,"address
"
request,"whats their address
"
request,"address
"
request,"address
"
request,"area
"
request,"what is the address
"
request,"what is the phone number
"
request,"what kind of food does it serve
"
request,"what kind of food
"
request,"what kind of food does it serve
"
request,"what kind of food does it serve
"
request,"what kind of food does it serve
"
request,"address and phone number
"
request,"address
"
request,"the phone number
"
request,"what kind of food is it
"
request,"whats the address
"
request,"what kind of food do they serve
"
request,"can i get the address
"
request,"can i get the phone number
"
request,"what is the address
"
request,"may i get the address phone number and price
"
request,"may i get the phone number
"
request,"may i get the price range
"
request,"whats the phone number
"
request,"whats the address
"
request,"the address
"
request,"whats the phone number
"
request,"what is the address and price range
"
request,"the address
"
request,"the phone number
"
request,"address
"
request,"address
"
request,"address
"
request,"address
"
request,"phone number
"
request,"whats their phone number
"
request,"what type of food
"
request,"what type of food
"
request,"what is the address
"
request,"what is the phone number
"
request,"what is the address
"
request,"what is the phone number
"
request,"address
"
request,"address
"
request,"phone number
"
request,"what type of food
"
request,"whats the phone number
"
request,"whats the address phone number
"
request,"what is the address and phone number
"
request,"what is the address
"
request,"what is the address
"
request,"can i get the phone number
"
request,"okay can i get the address
"
request,"and the post code
"
request,"the phone number
"
request,"can i get an address phone number and post code
"
request,"and the post code
"
request,"whats the address
"
request,"whats the post code
"
request,"may i have the phone number
"
request,"can i get the address and phone number please
"
request,"address
"
request,"address
"
request,"phone number
"
request,"whats their phone number
"
request,"phone number
"
request,"phone number
"
request,"okay whats the address
"
request,"whats the post code
"
request,"whats the address
"
request,"see the address
"
request,"what is little seouls phone number
"
request,"address
"
request,"address
"
request,"phone number
"
request,"what is their address and phone number
"
request,"noise what was their address again please
"
request,"what is their phone number
"
request,"may i have the address and the phone number
"
request,"uh whats the phone number
"
request,"phone number
"
request,"address
"
request,"address
"
request,"area
"
request,"phone number
"
request,"phone number
"
request,"area
"
request,"whats the address
"
request,"can i get the address
"
request,"can i get the phone number
"
request,"what type of food
"
request,"okay whats the address
"
request,"phone number
"
request,"okay what type of food is that
"
request,"whats the address
"
request,"whats the post code
"
request,"can i have the address and phone number
"
request,"address and phone number please
"
request,"and its address
"
request,"uh what is its address
"
request,"what is the phone number
"
request,"and the address
"
request,"what is the phone number
"
request,"what is the address
"
request,"what is the price range
"
request,"what is the address
"
request,"what is the phone number
"
request,"whats their phone number
"
request,"whats their phone number
"
request,"whats the address and post code
"
request,"what type of food do they ser
"
request,"whats the phone number and address
"
request,"the address
"
request,"what type of food do they ser
"
request,"phone number
"
request,"phone number
"
request,"address
"
request,"may i have the address and phone number please
"
request,"phone number
"
request,"phone number
"
request,"post code
"
request,"address and phone number
"
request,"address
"
request,"part of town the address and postal code please
"
request,"what is the address
"
request,"address
"
request,"phone number
"
request,"what is the address
"
request,"what is the address
"
request,"what is the phone number
"
request,"address and phone number
"
request,"address
"
request,"address
"
request,"address
"
request,"phone number
"
request,"what is the address
"
request,"what is the type of food
"
request,"what is the address and phone number
"
request,"whats the phone number
"
request,"whats the phone number
"
request,"what is the phone number
"
request,"address
"
request,"phone number
"
request,"post code
"
request,"what type of food is it
"
request,"what type of food does it serve
"
request,"what is the phone number
"
request,"whats the address
"
request,"phone number
"
request,"phone number
"
request,"address
"
request,"phone number
"
request,"area
"
request,"area
"
request,"phone number
"
request,"type of food
"
request,"type of food do they serve
"
request,"phone number
"
request,"phone number
"
request,"address
"
request,"can i have the address of that
"
request,"can i have the post code
"
request,"address phone number
"
request,"can you give me the phone number
"
request,"and what area is it
"
request,"whats the address
"
request,"phone number
"
request,"whats the address
"
request,"and the post code
"
request,"whats the post code
"
request,"what is the phone number
"
request,"what is the address
"
request,"what is the phone number
"
request,"what is the phone number
"
request,"what is the address
"
request,"may i have the address and phone number
"
request,"address
"
request,"phone number
"
request,"whats the phone number
"
request,"address and phone number please
"
request,"address and phone number
"
request,"phone number
"
request,"okay may i have the address and phone number
"
request,"phone number
"
request,"what is the phone number
"
request,"post code
"
request,"and the phone number
"
request,"address
"
request,"phone number
"
request,"type of food
"
request,"type of food
"
request,"okay phone number
"
request,"phone number
"
request,"post code
"
request,"post code
"
request,"post code
"
request,"post code
"
request,"ah whats the address
"
request,"whats the phone number
"
request,"what type of food
"
request,"address
"
request,"phone number
"
request,"could i have the address
"
request,"can i have post code
"
request,"i need to know the phone number and price of food
"
request,"what type of food
"
request,"whats the address
"
request,"whats the address
"
request,"and the phone number
"
request,"can i get the phone number
"
request,"phone number
"
request,"phone number
"
request,"address
"
request,"what is their phone number
"
request,"phone number
"
request,"phone number
"
request,"and the post code
"
request,"can i get the address and phone number
"
request,"can i get the address and phone number
"
request,"whats the address
"
request,"whats the address
"
request,"type of food
"
request,"phone number
"
request,"what is the phone number
"
request,"unintelligible part of town
"
request,"area
"
request,"what area is it in
"
request,"phone number
"
request,"phone number
"
request,"can i have the phone number
"
request,"can i have its phone number
"
request,"what is the phone number
"
request,"whats the address
"
request,"phone number
"
request,"phone number
"
request,"what type of food is it
"
request,"address
"
request,"whats the address
"
request,"address
"
request,"address
"
request,"address
"
request,"phone number
"
request,"can i get the phone number
"
request,"what is the address and phone number
"
request,"can i have the phone number
"
request,"address
"
request,"price range
"
request,"phone number
"
request,"phone number
"
request,"what is the phone number
"
request,"whats the address and phone number
"
request,"phone number
"
request,"phone number
"
request,"can i have the phone number
"
request,"and the post code
"
request,"whats the phone number
"
request,"whats the post code
"
request,"whats the address
"
request,"what type of food is it
"
request,"what type of food
"
request,"address
"
request,"address
"
request,"phone number
"
request,"what is the phone number and address please
"
request,"okay whats the address phone number and area
"
request,"whats the area
"
request,"address
"
request,"price range
"
request,"phone number
"
request,"address
"
request,"phone number
"
request,"phone number
"
request,"address
"
request,"can i get the phone number and address
"
request,"whats the address
"
request,"whats the phone number
"
request,"what type of food do they serve
"
request,"what kind of food
"
request,"what food do they serve
"
request,"what is the address
"
request,"what is the address
"
request,"what is the phone number
"
request,"what area
"
request,"what kind of food does it serve
"
request,"what is the address and phone number and area
"
request,"what is the phone number and area
"
request,"can i get the phone number
"
request,"phone number
"
request,"phone number
"
request,"alright give me the address
"
request,"whats the address
"
request,"and the phone number
"
request,"whats their address
"
request,"whats their address
"
request,"what type of food
"
request,"what is the address
"
request,"and what is the price range
"
request,"what is the address
"
request,"whats the address
"
request,"whats the phone number
"
request,"what is the address and phone number
"
request,"and whats the phone number
"
request,"whats the address
"
request,"whats the address
"
request,"address
"
request,"phone number
"
request,"what type of food
"
request,"any price
"
request,"price range
"
request,"address
"
request,"phone number
"
request,"phone number
"
request,"post code
"
request,"address
"
request,"phone number
"
request,"whats their phone number
"
request,"okay can i have the address
"
request,"whats the price range
"
request,"um whats the phone number
"
request,"whats the address
"
request,"and whats the phone number
"
request,"what is the phone number
"
request,"and the address
"
request,"can i get the address phone number and post code
"
request,"and the post code
"
request,"whats the address and phone number
"
request,"phone number
"
request,"what is the address
"
request,"what is the address please
"
request,"whats the address
"
request,"and the phone number
"
request,"whats the address phone number and post code
"
request,"whats the address
"
request,"address
"
request,"phone number
"
request,"could i have the address
"
request,"phone number
"
request,"could i have the address
"
request,"and price range
"
request,"whats the address
"
request,"whats the phone number
"
request,"can i get the address phone number
"
request,"whats the phone number
"
request,"what about the post code
"
request,"phone number
"
request,"what type of food do they serve
"
request,"whats the address
"
request,"whats the phone number
"
request,"what is the address and telephone number
"
request,"and the telephone number
"
request,"whats the phone number
"
request,"and the post code
"
request,"what is the address
"
request,"post code
"
request,"what is the phone number
"
request,"post code
"
request,"whats the address
"
request,"and the phone number
"
request,"and the post code
"
request,"okay what kind of food
"
request,"address
"
request,"phone number
"
request,"post code
"
request,"can i have the phone number
"
request,"whats the type of food
"
request,"the food of the venue
"
request,"type of food
"
request,"food of the venue
"
request,"phone number and food
"
request,"phone number
"
request,"whats the address
"
request,"and the phone number
"
request,"address
"
request,"address
"
request,"phone number
"
request,"can i have their phone number
"
request,"can i have their phone number
"
request,"and the post code
"
request,"whats the phone number
"
request,"whats the address and phone number
"
request,"what is the phone number
"
request,"address
"
request,"phone number
"
request,"type of food
"
request,"type of food
"
request,"address
"
request,"address
"
request,"phone number
"
request,"address
"
request,"address
"
request,"whats the address
"
request,"whats the address
"
request,"whats the phone number
"
request,"what is the phone number
"
request,"whats the phone number
"
request,"can i get the address
"
request,"the phone number
"
request,"and the price range
"
request,"what type of food
"
request,"whats the address and phone number
"
request,"address
"
request,"address
"
request,"address
"
request,"phone number
"
request,"price range
"
request,"whats the phone number
"
request,"whats the post code
"
request,"whats their address
"
request,"whats their address
"
request,"whats the address
"
request,"what is the phone number
"
request,"whats their address
"
request,"whats the address
"
request,"the phone
"
request,"address
"
request,"address
"
request,"noise phone number
"
request,"whats the address
"
request,"whats the phone number
"
request,"and what is the post code
"
request,"address
"
request,"phone number
"
request,"address
"
request,"phone number
"
request,"phone number
"
request,"can i have an address and phone number
"
request,"what is the price range
"
request,"what is the address
"
request,"what is the phone number
"
request,"phone number
"
request,"phone number
"
request,"post code
"
request,"post code
"
request,"okay whats the phone number
"
request,"phone number
"
request,"the address
"
request,"phone number
"
request,"phone number
"
request,"address
"
request,"can i get the address and phone number please
"
request,"what is the address and phone number
"
request,"phone number
"
request,"what is the address
"
request,"and whats their address
"
request,"tell me the post code
"
request,"what is the address
"
request,"what is the phone number
"
request,"what is the phone number
"
request,"noise what is the phone number
"
request,"what is the phone number
"
request,"whats the phone number
"
request,"what kind of food is there
"
request,"what kind of food
"
request,"what is the address
"
request,"phone number
"
request,"phone number
"
request,"what is the phone number
"
request,"what type of food
"
request,"whats its number
"
request,"phone number
"
request,"may i have its address
"
request,"what type of food is it
"
request,"what part of town is it in
"
request,"what is the address
"
request,"and whats the phone number
"
request,"whats the address
"
request,"okay and whats the phone number
"
request,"address
"
request,"address
"
request,"phone number
"
request,"phone number
"
request,"phone number
"
request,"phone number
"
request,"phone number
"
request,"phone number
"
request,"address
"
request,"what is the phone number
"
request,"address phone number
"
request,"what is the address
"
request,"whats the address
"
request,"and the phone number
"
request,"could i have its address
"
request,"whats its phone number
"
request,"could i get the phone number and
"
request,"price range
"
request,"could i get the phone number and price range
"
request,"address
"
request,"uh what is the address
"
request,"what is the address and phone number
"
request,"phone number
"
request,"phone number
"
request,"address
"
request,"address
"
request,"can i get the address and phone number
"
request,"address
"
request,"uh does it serve
"
request,"and what about the phone number
"
request,"phone number
"
request,"phone number
"
request,"phone number
"
request,"post code
"
request,"phone number
"
request,"what is the phone number
"
request,"what is the phone number
"
request,"what is the address
"
request,"what is the phone number
"
request,"the phone number
"
request,"what is the phone number
"
request,"whats the address
"
request,"whats the address
"
request,"whats the phone number
"
request,"okay can i have the phone number and the post code please
"
request,"what is the address and postcode
"
request,"what is the address of prezzo
"
request,"the postcode
"
request,"the phone number
"
request,"what is the address
"
request,"can i get the address
"
request,"can i get the phone number
"
request,"whats the price range
"
request,"what is the address
"
request,"what is the phone number
"
request,"what kind of food is it
"
request,"can you give me the address
"
request,"whats the address
"
request,"whats the phone number
"
request,"what type of food do they serve
"
request,"can i have the phone number
"
request,"the address
"
request,"whats the address
"
request,"how about the phone number
"
request,"address
"
request,"address
"
request,"phone number
"
request,"phone number
"
request,"type of food do they serve
"
request,"whats the address
"
request,"whats the phone number
"
request,"whats the price range
"
request,"phone number
"
request,"phone number
"
request,"may i have it its address
"
request,"may i have its address
"
request,"whats its phone number
"
request,"whats the price range
"
request,"price range
"
request,"what is the address and post code
"
request,"what is the address and post code
"
request,"what type of food
"
request,"whats the address
"
request,"okay do you have their phone number
"
request,"can i have the address and post code
"
request,"can i have the post code
"
request,"whats the phone number
"
request,"whats the post code
"
request,"what type of food
"
request,"what is the address and phone number
"
request,"whats the address and phone number
"
request,"do you have the address
"
request,"and the phone number
"
request,"and whats the price range
"
request,"can i get the address and phone number
"
request,"address
"
request,"phone number
"
request,"post code
"
request,"can i have the address and phone number
"
request,"price
"
request,"addre
"
request,"address
"
request,"phone number
"
request,"phone number
"
request,"phone number
"
request,"address
"
request,"phone number
"
request,"address
"
request,"post code
"
request,"post code
"
request,"can i have the phone number and address
"
request,"and the phone number
"
request,"and what is the post code
"
request,"what is the price range
"
request,"okay can i have the address
"
request,"what is the address
"
request,"what is the address
"
request,"whats the phone number
"
request,"and what is the price range
"
request,"what is the address
"
request,"whats the address and phone number
"
request,"and whats the price range
"
request,"could i have the phone number please
"
request,"whats the phone number and address
"
request,"breath whats the phone number of the venue
"
request,"what is the address
"
request,"what is the phone number
"
request,"what is the area
"
request,"the address
"
request,"phone number
"
request,"type of food does it serve
"
request,"type of food does it serve
"
request,"address phone number price range
"
request,"price range
"
request,"what is the address
"
request,"address
"
request,"phone number
"
request,"post code
"
request,"phone number
"
request,"what is the address
"
request,"what is the price range
"
request,"whats their phone number
"
request,"address
"
request,"phone number
"
request,"post code
"
request,"may i have the address and phone number
"
request,"can i get the address
"
request,"could i have its phone number
"
request,"can you give me its post code
"
request,"phone number
"
request,"phone number
"
request,"telephone number
"
request,"address
"
request,"what is the address
"
request,"phone number
"
request,"area
"
request,"and what area
"
request,"what is the address and phone number
"
request,"what is the phone number and address
"
request,"address
"
request,"phone number
"
request,"could i have the address and phone number please
"
request,"what is the address
"
request,"whats the price range
"
request,"phone number and post code
"
request,"can i get the phone number
"
request,"what is the phone number
"
request,"what is the address
"
request,"the phone number
"
request,"what is the address and phone number
"
request,"phone number
"
request,"can i have the address and phone number
"
request,"noise can i have the phone number
"
request,"what is the phone number
"
request,"the address
"
request,"phone number address
"
request,"whats the address
"
request,"phone number
"
request,"price range
"
request,"phone number
"
request,"whats the phone number
"
request,"address
"
request,"address
"
request,"telephone number
"
request,"phone number
"
request,"post code
"
request,"phone number
"
request,"address
"
request,"phone number
"
request,"what type of food
"
request,"address and phone number
"
request,"okay and uh whats their phone number please
"
request,"may i know more about the area
"
request,"whats the phone number
"
request,"phone number
"
request,"address phone number
"
request,"address
"
request,"whats the address
"
request,"phone number
"
request,"cool whats the address
"
request,"how about the phone number
"
request,"whats the address
"
request,"whats the phone number
"
request,"whats the address
"
request,"address
"
request,"phone number
"
request,"phone number
"
request,"phone number
"
request,"what type of food
"
request,"okay can i have the address
"
request,"price range
"
request,"address
"
request,"i want to know the address and phone number
"
request,"what is the phone number
"
request,"can i have the phone number
"
request,"can i have the phone number
"
request,"could i have the phone number please
"
request,"phone number
"
request,"whats the phone number
"
request,"whats the address
"
request,"phone number
"
request,"what type of food do they serve
"
request,"whats the address
"
request,"whats the post code
"
request,"may i have its address
"
request,"where
"
request,"what part of town
"
request,"and where is that located
"
request,"what part of town
"
request,"phone number
"
request,"post code
"
request,"uh can i get the address
"
request,"what type of food
"
request,"address
"
request,"phone number
"
request,"post code
"
request,"whats the address
"
request,"address
"
request,"price range
"
request,"price range
"
request,"price range
"
request,"and the address
"
request,"phone number
"
request,"phone number
"
request,"address
"
request,"address
"
request,"phone number
"
request,"the address
"
request,"phone number
"
request,"what type of food
"
request,"what is the address and phone number
"
request,"address
"
request,"post code
"
request,"phone number
"
request,"okay can i have the address
"
request,"type of food
"
request,"type of food do they serve
"
request,"what is the address
"
request,"what is the address
"
request,"what is the address
"
request,"what is the address
"
request,"can i get the address
"
request,"can you give me the address and phone number
"
request,"could i have the address and phone number please
"
request,"and the phone number
"
request,"what is um the address and phone number
"
request,"may i have the address and area
"
request,"what area
"
request,"where is it
"
request,"and the postal code
"
request,"and whats the phone number
"
request,"what kind of food does it serve
"
request,"can i get the address and zip code
"
request,"what is the phone number
"
request,"may i have the phone number and address
"
request,"and the address
"
request,"can i have its phone number
"
request,"address
"
request,"phone number
"
request,"what type of food do they serve
"
request,"phone number
"
request,"phone number
"
request,"could you repeat the restaurant name
"
request,"what is the phone number
"
request,"what is the area
"
request,"okay whats the phone number
"
request,"and the address
"
request,"what kind of food is that
"
request,"serves what
"
request,"addre
"
request,"phone number
"
request,"post code
"
request,"can i get the phone number
"
request,"phone number
"
request,"phone number
"
request,"whats the phone number for that restaurant
"
request,"whats the post code
"
request,"what is their phone number
"
request,"whats the address and phone number
"
request,"whats the address
"
request,"whats the area
"
request,"noise what is the area
"
request,"whats the phone number
"
request,"may i have the address and phone number
"
request,"may i have the phone number talking
"
request,"may i have the phone number
"
request,"may i have the phone number
"
request,"type of food
"
request,"type of food
"
request,"address
"
request,"phone number and post code
"
request,"okay whats the phone number
"
request,"address and post code
"
request,"post code
"
request,"could i have the address
"
request,"phone number
"
request,"phone number
"
request,"what is the address
"
request,"and the post code
"
request,"what is the address
"
request,"what is the phone number
"
request,"phone number
"
request,"phone number
"
request,"price range
"
request,"address
"
request,"address
"
request,"phone number
"
request,"address and phone number
"
request,"and the phone number
"
request,"whats the address
"
request,"whats the phone number
"
request,"what is the address
"
request,"phone number
"
request,"can i have the phone number
"
request,"and the address
"
request,"phone number
"
request,"price range
"
request,"phone number
"
request,"address phone number
"
request,"phone number and address
"
request,"phone number
"
request,"phone number
"
request,"i need the address phone number and price range
"
request,"what is the price range
"
request,"phone number
"
request,"whats the address
"
request,"whats the type of food
"
request,"what type of food
"
request,"phone number
"
request,"what is the phone number and post code
"
request,"and can i get the address
"
request,"and the phone number
"
request,"phone number
"
request,"phone number
"
request,"restaurant two two phone number
"
request,"and the phone number
"
request,"post code
"
request,"what is the address and price range
"
request,"can i get the phone number
"
request,"whats the address and post code
"
request,"post code
"
request,"uh could i have the phone number
"
request,"how about the address
"
request,"what is the addre
"
request,"phone number
"
request,"address
"
request,"address
"
request,"address
"
request,"phone number
"
request,"address
"
request,"address
"
request,"phone number
"
request,"address
"
request,"phone number
"
request,"phone number
"
request,"address
"
request,"type of food
"
request,"can i have the address phone number
"
request,"what is the address
"
request,"phone number
"
request,"whats the address
"
request,"probably an address
"
request,"phone number
"
request,"telephone number
"
request,"price range
"
request,"what is the address and phone number
"
request,"what is the address
"
request,"and whats the phone number
"
request,"and whats the price range
"
request,"what is the address
"
request,"what is the phone number
"
request,"what is the phone number
"
request,"alright do you have the phone number for that one
"
request,"okay what about the post code
"
request,"type of food
"
request,"type of food
"
request,"what type of food does it serve
"
request,"address
"
request,"address
"
request,"what is the address
"
request,"the phone number
"
request,"whats the post code
"
request,"okay and the phone number
"
request,"address
"
request,"post code
"
request,"what is the address and phone number
"
request,"can i have the address of it
"
request,"whats its phone number
"
request,"phone number
"
request,"address
"
request,"phone number
"
request,"post code
"
request,"can i please have their phone number
"
request,"is it what price range
"
request,"what is the address
"
request,"what is the address
"
request,"good whats the address
"
request,"cool give me that phone number
"
request,"can i have the address and phone number
"
request,"can i get the address
"
request,"and what is their phone number
"
request,"can i get their post code
"
request,"the phone numeber
"
request,"the post code
"
request,"what is the address and post code
"
request,"what is the address
"
request,"what is the address
"
request,"great could you tell me the address and phone number to that place
"
request,"whats the phone number
"
request,"address
"
request,"phone number
"
request,"address
"
request,"type of food
"
request,"address
"
request,"phone number
"
request,"can i get the phone number and address
"
request,"phone number
"
request,"the address
"
request,"great whats the address
"
request,"what type of food is it
"
request,"can i have their address and phone number
"
request,"how about the address
"
request,"address
"
request,"address
"
request,"what is the address
"
request,"what is the address
"
request,"what is the phone number
"
request,"whats the address
"
request,"phone number
"
request,"what is the address
"
request,"what is the phone number
"
request,"whats the address
"
request,"whats the price range
"
request,"can i get the address and phone number
"
request,"alright whats their address
"
request,"their address
"
request,"and the price range
"
request,"could i have the address and phone number please
"
request,"can i get a phone number please
"
request,"whats the phone number
"
request,"whats the address
"
request,"address
"
request,"price range
"
request,"what is the phone number
"
request,"what is the phone number and post code
"
request,"address
"
request,"area
"
request,"what area of town
"
request,"whats the phone number
"
request,"price range
"
request,"address
"
request,"phone number
"
request,"post code
"
request,"phone number
"
request,"and the address
"
request,"phone number
"
request,"what is the price range
"
request,"whats the phone number
"
request,"what is the address
"
request,"what is the phone number and post code
"
request,"whats the address
"
request,"whats the phone number
"
request,"address
"
request,"okay what is the address and phone number
"
request,"address
"
request,"phone number
"
request,"can i have the address and phone number please
"
request,"could i have their phone number as well
"
request,"can i get the address and type of food
"
request,"what type of food does the venue
"
request,"awesome um whats the number
"
request,"address
"
request,"address
"
request,"phone number
"
request,"phone number
"
request,"area
"
request,"area
"
request,"what is the address
"
request,"what is the address
"
request,"what is the phone number
"
request,"phone number
"
request,"phone number
"
request,"phone number
"
request,"phone number
"
request,"price range
"
request,"what kind of food does it serve
"
request,"whats the address
"
request,"whats the price range
"
request,"whats the price range
"
request,"what is the address
"
request,"what is the price range
"
request,"what is the phone number
"
request,"whats the address and phone number
"
request,"could i have the address
"
request,"whats the price range
"
request,"whats the address
"
request,"um kay whats the post code
"
request,"whats the price range
"
request,"type of food
"
request,"ah could you give me the address
"
request,"whats the address
"
request,"and the phone number
"
request,"whats the address
"
request,"what type of food
"
request,"what is the address
"
request,"what is the phone number
"
request,"whats the price range
"
request,"do you have the phone number of the address
"
request,"what is the address
"
request,"what type of food
"
request,"can i get the address
"
request,"okay can i have the address and phone number
"
request,"can i have the address and phone number
"
request,"well whats the phone number
"
request,"address
"
request,"phone number
"
request,"phone number
"
request,"phone number
"
request,"and the phone number
"
request,"and whats the post code
"
request,"price range
"
request,"address
"
request,"address
"
request,"address
"
request,"what is the address
"
request,"what is the phone number
"
request,"what is the area
"
request,"what is the phone number
"
request,"what is the phone number and address
"
request,"address
"
request,"what is the address and phone number
"
request,"what is the phone number
"
request,"can i get the address and phone number
"
request,"what type of food do they serve
"
request,"what is the address
"
request,"address
"
request,"phone number
"
request,"area
"
request,"what is the address
"
request,"and the phone number
"
request,"address
"
request,"whats the post code
"
request,"address
"
request,"address
"
request,"phone number
"
request,"whats the address
"
request,"what is the phone number
"
request,"address
"
request,"phone number
"
request,"address
"
request,"phone number
"
request,"address
"
request,"price range
"
request,"address and phone number
"
request,"phone number
"
request,"address
"
request,"address
"
request,"phone number
"
request,"type of food
"
request,"the phone number and post code
"
request,"address
"
request,"phone number phone number
"
request,"whats the address
"
request,"phone number
"
request,"price range
"
request,"whats the price range
"
request,"good whats the address
"
request,"whats the phone number
"
request,"whats the address phone number and post code
"
request,"what is the area
"
request,"what is the phone number a
"
request,"what is the area of the venue
"
request,"whats the phone number
"
request,"west is the address and phone number
"
request,"whats the address
"
request,"whats the phone number
"
request,"what kind of food does it serve
"
request,"whats the phone number
"
request,"what is the address and phone number
"
request,"what is the price range
"
request,"what is the address
"
request,"what is the phone number
"
request,"what is the area
"
request,"what is the address
"
request,"phone number
"
request,"phone number
"
request,"what type of food do they serve
"
request,"what type of food
"
request,"phone number
"
request,"address
"
request,"type of food do they serve
"
request,"um can i get the address and phone number
"
request,"can you repeat the address please
"
request,"can i have their phone number
"
request,"and the post code
"
request,"address and phone number
"
request,"phone number
"
request,"phone number
"
request,"and the address
"
request,"what area is that
"
request,"could i get their address and phone number
"
request,"what is the phone number
"
request,"address
"
request,"address
"
request,"whats the phone number
"
request,"phone number
"
request,"address
"
request,"okay and whats the price range
"
request,"and whats their address
"
request,"can i get the address and phone number
"
request,"what is the address
"
request,"what is the phone number
"
request,"what is the price range
"
request,"can i get the phone number
"
request,"what is the address and phone number
"
request,"what is the address
"
request,"can i have the phone number
"
request,"address
"
request,"phone number
"
request,"price range
"
request,"address
"
request,"address
"
request,"address
"
request,"address
"
request,"phone number
"
request,"what is the address
"
request,"what type of food does it serve
"
request,"what is the address phone number and type of food
"
request,"what type of food
"
request,"phone number
"
request,"address
"
request,"price range
"
request,"telephone number
"
request,"price range
"
request,"price
"
request,"price range
"
request,"phone number
"
request,"address
"
request,"whats the address phone number and area
"
request,"whats the address
"
request,"whats the address
"
request,"whats the address
"
request,"phone number
"
request,"what is the address
"
request,"and the telephone number
"
request,"whats the address
"
request,"what type of food do they serve
"
request,"can i have the address and postal code
"
request,"what is the phone number
"
request,"and the area
"
request,"address and postcode
"
request,"can i have the address and post code
"
request,"the post code
"
request,"address and phone number
"
request,"phone number
"
request,"what type of venue
"
request,"address
"
request,"phone number
"
request,"um what is the address and phone number
"
request,"what is its phone number
"
request,"what is the phone number please
"
request,"phone number
"
request,"post code
"
request,"where is it
"
request,"can i have the phone number
"
request,"whats the phone number
"
request,"what is the address
"
request,"address and phone number
"
request,"address
"
request,"phone number
"
request,"address
"
request,"phone number
"
request,"type of food
"
request,"whats the address
"
request,"phone number
"
request,"whats the post code
"
request,"and can i get the address phone number and price range
"
request,"what is the phone number
"
request,"price range
"
request,"price range
"
request,"what part of town
"
request,"what is the phone number and address
"
request,"the address
"
request,"address
"
request,"whats the address
"
request,"what type of food
"
request,"what is the phone number and price range
"
request,"what is the price range
"
request,"my i have the phone number
"
request,"price range
"
request,"what is the phone number and post code
"
request,"price range
"
request,"price range
"
request,"phone number
"
request,"address
"
request,"address
"
request,"whats the address
"
request,"phone number
"
request,"im good can i have the address and phone number please
"
request,"and the phone number
"
request,"address and postcode
"
request,"address
"
request,"address
"
request,"address
"
request,"phone number
"
request,"price range address phone number
"
request,"address
"
request,"phone number
"
request,"what unintelligible the price range
"
request,"what is the phone number
"
request,"phone number
"
request,"what is the phone number
"
request,"whats the phone number
"
request,"what is the address and phone number
"
request,"what is the price range
"
request,"what is the phone number
"
request,"whats the phone number
"
request,"what is the phone number
"
request,"address
"
request,"address
"
request,"price range
"
request,"phone number
"
request,"phone number
"
request,"whats the phone number
"
request,"whats the address
"
request,"the phone number
"
request,"address
"
request,"phone number
"
request,"the address
"
request,"phone number
"
request,"phone number
"
request,"phone number
"
request,"address
"
request,"address
"
request,"phone number
"
request,"what is the address
"
request,"what is the phone number
"
request,"phone number
"
request,"whats the phone number
"
request,"whats the post code
"
request,"what type of food
"
request,"what is the address and phone number
"
request,"what is the phone number
"
request,"what is the address and phone number
"
request,"what is the phone number
"
request,"can i get the address
"
request,"how about the phone number
"
request,"what is the phone number
"
request,"whats the address
"
request,"what is the address and phone number
"
request,"whats the address
"
request,"phone number
"
request,"address
"
request,"phone number
"
request,"phone number
"
request,"address
"
request,"post code
"
request,"what is the address
"
request,"address and phone number
"
request,"phone number
"
request,"sounds good whats the address
"
request,"how about the phone number
"
request,"address
"
request,"address
"
request,"address
"
request,"postal code
"
request,"phone number
"
request,"and the address
"
request,"whats the address
"
request,"the price range
"
request,"what is the address and phone number
"
request,"what is the address
"
request,"what is the phone number
"
request,"type of food
"
request,"what type of food
"
request,"what do they serve
"
request,"what type of food do they serve
"
request,"and the price range
"
request,"price range
"
request,"whats the price range
"
request,"the price range
"
request,"may i get the phone number
"
request,"whats the address
"
request,"whats the phone number
"
request,"whats the post code
"
request,"address
"
request,"whats their phone number
"
request,"address
"
request,"phone number
"
request,"and whats the phone number
"
request,"address
"
request,"and the phone number
"
request,"phone number
"
request,"address
"
request,"what is the phone number
"
request,"what is the address
"
request,"could i have the address and phone number please
"
request,"whats the address
"
request,"phone number
"
request,"post code
"
request,"whats the address and phone number
"
request,"what is the phone number
"
request,"whats the phone number
"
request,"whats the address
"
request,"can i have the phone number
"
request,"can i have the post code
"
request,"what price range
"
request,"expensive price range
"
request,"what is the address
"
request,"what is the address phone number and price range
"
request,"what is the price range
"
request,"whats the address and phone number
"
request,"price
"
request,"address
"
request,"address
"
request,"phone number
"
request,"post code
"
request,"what is the address
"
request,"and the telephone number
"
request,"and what type of food do they serve
"
request,"whats the address
"
request,"whats the post code
"
request,"phone number
"
request,"phone number
"
request,"address
"
request,"phone number
"
request,"post code
"
request,"what type of food do they serve
"
request,"phone number
"
request,"what is the address
"
request,"what is the phone number
"
request,"okay do you have the address for da vinci pizzeria
"
request,"and the phone number
"
request,"phone number
"
request,"address
"
request,"phone number
"
request,"address phone number post code
"
request,"address
"
request,"address phone number and area
"
request,"what area is it in
"
request,"type of food
"
request,"okay and can i get their phone number
"
request,"and the address
"
request,"address
"
request,"address
"
request,"the address
"
request,"what is the phone number
"
request,"and what is the price range
"
request,"whats the address
"
request,"what is the address
"
request,"what is the phone number
"
request,"whats the address
"
request,"whats the address
"
request,"phone number
"
request,"and the type of food they serve
"
request,"wha what type of food
"
request,"address
"
request,"phone number
"
request,"area
"
request,"what is the are
"
request,"what type of food do they serve
"
request,"uh whats the phone number
"
request,"what is the address
"
request,"price range
"
request,"address
"
request,"address
"
request,"address
"
request,"phone number
"
request,"address
"
request,"phone number
"
request,"can i get the address phone number and price of food
"
request,"and what type of food
"
request,"can i have the address and phone number
"
request,"what is the phone number
"
request,"whats the phone number
"
request,"the address
"
request,"what is the address
"
request,"whats the address
"
request,"phone number
"
request,"whats the post code
"
request,"what type of food
"
request,"address and phone number
"
request,"address
"
request,"phone number
"
request,"address phone number prices
"
request,"address
"
request,"price range
"
request,"whats the address
"
request,"what about the phone number
"
request,"can i get the phone number and address
"
request,"whats the phone number
"
request,"whats the phone number
"
request,"whats the address
"
request,"can i get the address
"
request,"and whats the phone number for that
"
request,"whats their address
"
request,"could i get the address
"
request,"whats the address
"
request,"and whats the postcode
"
request,"what is the phone number and address
"
request,"what is the address
"
request,"what type of food is it
"
request,"what is the address and phone number
"
request,"what is the phone number
"
request,"address
"
request,"phone number
"
request,"price range
"
request,"and postcode
"
request,"may i get the address and phone number
"
request,"can i get the phone number
"
request,"phone number
"
request,"address
"
request,"what is the phone number and post code
"
request,"address
"
request,"what is their price range
"
request,"whats the address
"
request,"what is the phone number
"
request,"what is the type of food
"
request,"what type of food
"
request,"and where is it
"
request,"and whats the phone number
"
request,"whats the phone number
"
request,"whats the post code
"
request,"address
"
request,"address
"
request,"phone number
"
request,"area
"
request,"what kind of food do they serve
"
request,"what is the price range
"
request,"what is the address
"
request,"what is the phone number
"
request,"what area is it in
"
request,"whats its phone number
"
request,"whats its address
"
request,"may i have its phone number
"
request,"phone number
"
request,"address
"
request,"may i have the phone number
"
request,"what is the address and phone number
"
request,"what is the phone number
"
request,"what is the address
"
request,"phone number
"
request,"area
"
request,"what area
"
request,"phone number
"
request,"whats the address
"
request,"and whats the phone number
"
request,"what is the phone number
"
request,"phone number
"
request,"post code
"
request,"what is the address
"
request,"what is the address
"
request,"and what kind of food does the venue ser
"
request,"whats the phone number
"
request,"whats the area
"
request,"address
"
request,"telephone number
"
request,"address
"
request,"phone number
"
request,"what is the address
"
request,"the address
"
request,"what is the phone number and price range
"
request,"whats the phone number
"
request,"can i have the address and the post code please
"
request,"the post code as well please
"
request,"can i get the phone number
"
request,"can i have the phone number
"
request,"address
"
request,"whats the address
"
request,"whats the phone number
"
request,"what type of food do they serve
"
request,"can i get their phone number please
"
request,"and what type of food do they serve
"
request,"what is the address
"
request,"what is the phone number
"
request,"what type of food do they serve
"
request,"cool whats the phone number
"
request,"okay how about the address
"
request,"what is the phone number
"
request,"can i get the address
"
request,"can i get the phone number
"
request,"and the post code
"
request,"and the phone number
"
request,"address
"
request,"phone number
"
request,"whats the address
"
request,"whats the phone number
"
request,"and whats the post code
"
request,"address and phone number
"
request,"phone number
"
request,"post code
"
request,"may i have the address and phone number
"
request,"whats their address
"
request,"uh whats the address and phone number
"
request,"and the address
"
request,"whats the address
"
request,"what type of food is it
"
request,"address
"
request,"what is the address
"
request,"could i get the address and post code please
"
request,"can i get the address
"
request,"phone number
"
request,"address phone number and post code
"
request,"post code
"
request,"address
"
request,"phone number
"
request,"may i have the address and phone number
"
request,"may i have the phone number
"
request,"address
"
request,"phone number
"
request,"post code
"
request,"phone number
"
request,"what is the address
"
request,"what is the price range
"
request,"whats the address
"
request,"and the phone number
"
request,"address
"
request,"what is the address
"
request,"address
"
request,"what is the address
"
request,"what is the type of food
"
request,"type of food does it serve
"
request,"phone number
"
request,"phone number
"
request,"phone number
"
request,"the address and phone number
"
request,"phone number
"
request,"address
"
request,"noise phone number
"
request,"address
"
request,"type of food
"
request,"address
"
request,"post number
"
request,"price range
"
request,"phone number
"
request,"address
"
request,"address
"
request,"phone number and address
"
request,"address
"
request,"whats the phone number
"
request,"whats the address
"
request,"may i have the phone number
"
request,"what is the address and phone number
"
request,"address
"
request,"phone number
"
request,"what is the phone number
"
request,"can i get the address
"
request,"whats the phone number
"
request,"phone number
"
request,"what is the phone number
"
request,"address
"
request,"address
"
request,"address
"
request,"address
"
request,"phone number
"
request,"price range
"
request,"what is the price range
"
request,"whats the address and phone number
"
thankyou,"thank you good bye
"
thankyou,"thank you goodbye
"
thankyou,"thank you goodbye
"
thankyou,"thank you good bye
"
thankyou,"thank you good bye
"
thankyou,"thank you good bye
"
thankyou,"okay thank you good bye
"
thankyou,"thank you good bye
"
thankyou,"thank you good bye
"
thankyou,"thank you good bye
"
thankyou,"thank you
"
thankyou,"thank you good bye
"
thankyou,"thank you good bye
"
thankyou,"thank you good bye
"
thankyou,"thank you good bye
"
thankyou,"thank you good bye
"
thankyou,"thank you good bye
"
thankyou,"thank you good bye
"
thankyou,"thank you goodbye
"
thankyou,"thank you good bye
"
thankyou,"thank you good bye
"
thankyou,"thank you good bye
"
thankyou,"thank you goodbye
"
thankyou,"thank you goodbye
"
thankyou,"thank you good bye
"
thankyou,"thank you good bye
"
thankyou,"thank you good bye
"
thankyou,"thank you good bye
"
thankyou,"thank you good bye
"
thankyou,"thank you good bye
"
thankyou,"thank you good bye
"
thankyou,"thank you good bye
"
thankyou,"thank you goodbye
"
thankyou,"thank you good bye
"
thankyou,"tv_noise thank you goodbye
"
thankyou,"thank you good bye
"
thankyou,"thank you good bye
"
thankyou,"thank you good bye
"
thankyou,"thank you good bye
"
thankyou,"thank you good bye
"
thankyou,"thank you goodbye
"
thankyou,"thank you good bye
"
thankyou,"thank you good bye
"
thankyou,"thank you goodbye
"
thankyou,"thank you good bye
"
thankyou,"thank you
"
thankyou,"thank you
"
thankyou,"thank you good bye
"
thankyou,"thank you good bye
"
thankyou,"thank you very much good bye
"
thankyou,"thank you good bye
"
thankyou,"thank you good bye
"
thankyou,"thank you good bye
"
thankyou,"thank you good bye
"
thankyou,"thank you good bye
"
thankyou,"thank you good bye
"
thankyou,"thank you good bye
"
thankyou,"thank you good bye
"
thankyou,"thank you good bye
"
thankyou,"thank you good bye
"
thankyou,"thank you good bye
"
thankyou,"thank you good bye
"
thankyou,"thank you good bye
"
thankyou,"thank you good bye
"
thankyou,"thank you good bye
"
thankyou,"thank you good bye
"
thankyou,"thank you good bye
"
thankyou,"thank you good bye
"
thankyou,"thank you good bye
"
thankyou,"thank you good bye
"
thankyou,"thank you good bye
"
thankyou,"thank you goodbye
"
thankyou,"thank you goodbye
"
thankyou,"thank you good bye
"
thankyou,"thank you good bye
"
thankyou,"thank you good bye
"
thankyou,"thank you good bye
"
thankyou,"thank you good bye
"
thankyou,"thank you good bye
"
thankyou,"thank you good bye
"
thankyou,"thank you good bye
"
thankyou,"thank you good bye
"
thankyou,"thank you good bye
"
thankyou,"thank you good bye
"
thankyou,"thank you good bye
"
thankyou,"thank you good bye
"
thankyou,"thank you good bye
"
thankyou,"thank you good bye
"
thankyou,"thank you good bye
"
thankyou,"thank you good bye
"
thankyou,"thank you good bye
"
thankyou,"thank you goodbye
"
thankyou,"thank you good bye
"
thankyou,"thank you good bye
"
thankyou,"thank you goodbye
"
thankyou,"thank you goodbye
"
thankyou,"thank you good bye
"
thankyou,"thank you good bye
"
thankyou,"thank you good bye
"
thankyou,"thank you good bye
"
thankyou,"thank you
"
thankyou,"thank you
"
thankyou,"thank you
"
thankyou,"thank you good bye
"
thankyou,"thank
"
thankyou,"thank
"
thankyou,"thank you good bye
"
thankyou,"thank you good bye
"
thankyou,"thank you good bye
"
thankyou,"thank you
"
thankyou,"thank you good bye
"
thankyou,"thank you good bye
"
thankyou,"thank you good bye
"
thankyou,"thank you good bye
"
thankyou,"thank you good bye
"
thankyou,"thank you good bye
"
thankyou,"thank you good bye
"
thankyou,"thank you good bye
"
thankyou,"thank you good bye
"
thankyou,"thank you good bye
"
thankyou,"thank you good bye
"
thankyou,"thank you good bye
"
thankyou,"thank you good bye
"
thankyou,"thank you good bye
"
thankyou,"thank you good bye
"
thankyou,"thank you good bye
"
thankyou,"thank you goodbye
"
thankyou,"thank you good bye
"
thankyou,"thank you good bye
"
thankyou,"thank you good bye
"
thankyou,"thank you good bye
"
thankyou,"thank you good bye
"
thankyou,"thank you
"
thankyou,"thank you goodbye
"
thankyou,"thank you good bye
"
thankyou,"thank you good bye
"
thankyou,"thank you good bye
"
thankyou,"thank you good bye
"
thankyou,"thank you good bye
"
thankyou,"thank you good bye
"
thankyou,"thank you good bye
"
thankyou,"thank you good bye
"
thankyou,"thank you goodbye
"
thankyou,"thank you good bye
"
thankyou,"thank you good bye
"
thankyou,"thank you good bye
"
thankyou,"thank you good bye
"
thankyou,"thank you good bye
"
thankyou,"thank you goodbye
"
thankyou,"im done thank you
"
thankyou,"thank you
"
thankyou,"thank you good bye
"
thankyou,"thank you good bye
"
thankyou,"thank you good bye
"
thankyou,"thank you goodbye
"
thankyou,"thank you good bye
"
thankyou,"thank you good bye
"
thankyou,"thank you good bye
"
thankyou,"thank you good bye
"
thankyou,"thank you good bye
"
thankyou,"thank you good bye
"
thankyou,"thank you
"
thankyou,"thank you
"
thankyou,"thank you good bye
"
thankyou,"thank you good bye
"
thankyou,"thank you good bye
"
thankyou,"thank you goodbye
"
thankyou,"thank you good bye
"
thankyou,"thank you goodbye
"
thankyou,"thank you good bye
"
thankyou,"thank you goodbye
"
thankyou,"thank you goodbye
"
thankyou,"thank you good bye
"
thankyou,"thank you good bye
"
thankyou,"okay ah i think thatll do it thank you and goodbye
"
thankyou,"thank you good bye
"
thankyou,"thank you good bye
"
thankyou,"thank you good bye
"
thankyou,"thank you and goodbye
"
thankyou,"thank you good bye
"
thankyou,"thank you good bye
"
thankyou,"thank you good bye
"
thankyou,"thank you good bye
"
thankyou,"thank you good bye
"
thankyou,"thank you good bye
"
thankyou,"thank you good bye
"
thankyou,"thank you good bye
"
thankyou,"thank you good bye
"
thankyou,"thank you
"
thankyou,"thank you good bye
"
thankyou,"thank you good bye
"
thankyou,"thank you good bye
"
thankyou,"thank you good bye
"
thankyou,"thank you good bye
"
thankyou,"thank you good bye
"
thankyou,"thank you goodbye
"
thankyou,"thank you good bye
"
thankyou,"thank you good bye
"
thankyou,"thank you good bye
"
thankyou,"thank you good bye
"
thankyou,"thank you good bye
"
thankyou,"thank you good bye
"
thankyou,"thank you good bye
"
thankyou,"thank you goodbye
"
thankyou,"thank you goodbye
"
thankyou,"thank you good bye
"
thankyou,"thank you good bye
"
thankyou,"thank you good bye
"
thankyou,"thank you good bye
"
thankyou,"thank you good bye
"
thankyou,"thank you good bye
"
thankyou,"thank you good bye
"
thankyou,"thank you good bye
"
thankyou,"thank you good bye
"
thankyou,"thank you good bye
"
thankyou,"thank you good bye
"
thankyou,"thank you good bye
"
thankyou,"thank you good bye
"
thankyou,"thank you good bye
"
thankyou,"thank you good bye
"
thankyou,"thank you good bye
"
thankyou,"thank you good bye
"
thankyou,"thank you goodbye
"
thankyou,"thank you good bye
"
thankyou,"thank you good bye
"
thankyou,"noise thank you good bye
"
thankyou,"thank you good bye
"
thankyou,"thank you good bye
"
thankyou,"thank you good bye
"
thankyou,"thank you
"
thankyou,"thank you good bye
"
thankyou,"thank you good bye
"
thankyou,"thank you good bye
"
thankyou,"thank you good bye
"
thankyou,"thank you good bye
"
thankyou,"thank you good bye
"
thankyou,"thank you good bye
"
thankyou,"thank you good bye
"
thankyou,"thank you good bye
"
thankyou,"thank you good bye
"
thankyou,"thank you good bye
"
thankyou,"thank you good bye
"
thankyou,"thank you good bye
"
thankyou,"thank you good bye
"
thankyou,"thank you goodbye
"
thankyou,"thank you good bye
"
thankyou,"thank you good bye
"
thankyou,"thank you good bye
"
thankyou,"thank you goodbye
"
thankyou,"thank you good bye
"
thankyou,"thank you good bye
"
thankyou,"thank you good bye
"
thankyou,"thank you good bye
"
thankyou,"thank you good bye
"
thankyou,"thank you good bye
"
thankyou,"thank you good bye
"
thankyou,"thank you good bye
"
thankyou,"thank you good bye
"
thankyou,"okay uh thank you and goodbye
"
thankyou,"thank you good bye
"
thankyou,"thank you good bye
"
thankyou,"thank you good bye
"
thankyou,"thank you good bye
"
thankyou,"thank you good bye
"
thankyou,"thank you good bye
"
thankyou,"thank you good bye
"
thankyou,"thank you good bye
"
thankyou,"thank you goodbye
"
thankyou,"thank you good bye
"
thankyou,"thank you good bye
"
thankyou,"thank you good bye
"
thankyou,"thank you good bye
"
thankyou,"thank you good bye
"
thankyou,"thank you good bye
"
thankyou,"thank you good bye
"
thankyou,"thank you good bye
"
thankyou,"thank you goodbye
"
thankyou,"thank you goodbye
"
thankyou,"thank you good bye
"
thankyou,"thank you good bye
"
thankyou,"thank you good bye
"
thankyou,"thank you good bye
"
thankyou,"thank you good bye
"
thankyou,"thank you good bye
"
thankyou,"okay thank you good bye
"
thankyou,"thank you good bye
"
thankyou,"thank you good bye
"
thankyou,"thank you good bye
"
thankyou,"thank you good bye
"
thankyou,"thank you good bye
"
thankyou,"thank you good bye
"
thankyou,"thank you good bye
"
thankyou,"thank you good bye
"
thankyou,"thank you goodbye
"
thankyou,"thank you good bye
"
thankyou,"thank you good bye
"
thankyou,"thank you good bye
"
thankyou,"okay thank you good bye
"
thankyou,"thank you good bye
"
thankyou,"thank you good bye
"
thankyou,"thank you good bye
"
thankyou,"thank you good bye
"
thankyou,"thank you and good
"
thankyou,"thank you good bye
"
thankyou,"thank you good bye
"
thankyou,"thank you good bye
"
thankyou,"thank you good bye
"
thankyou,"thank you good bye
"
thankyou,"thank you good bye
"
thankyou,"thank you good bye
"
thankyou,"thank you goodbye
"
thankyou,"thank you good bye
"
thankyou,"thank you good bye
"
thankyou,"thank you good bye
"
thankyou,"thank you good bye
"
thankyou,"thank you
"
thankyou,"thank you good bye
"
thankyou,"thank you
"
thankyou,"thank you good bye
"
thankyou,"thank you good bye
"
thankyou,"thank you good bye
"
thankyou,"thank you good bye
"
thankyou,"thank you good bye
"
thankyou,"thank you good bye
"
thankyou,"thank you goodbye
"
thankyou,"thank you good bye
"
thankyou,"thank you good bye
"
thankyou,"thank you good bye
"
thankyou,"thank you good bye
"
thankyou,"thank you good bye
"
thankyou,"okay thank you good bye
"
thankyou,"thank you
"
thankyou,"thank you bye
"
thankyou,"thank you good bye
"
thankyou,"thank you good bye
"
thankyou,"thank you goodbye
"
thankyou,"thank you good bye
"
thankyou,"thank you good bye
"
thankyou,"thank you good bye
"
thankyou,"thank you goodbye
"
thankyou,"thank you good bye
"
thankyou,"thank you good bye
"
thankyou,"thank you good bye
"
thankyou,"thank you good bye
"
thankyou,"thank you good bye
"
thankyou,"thank you good bye
"
thankyou,"thank you good bye
"
thankyou,"thank you
"
thankyou,"thank you goodbye
"
thankyou,"thank you good bye
"
thankyou,"thank you good bye
"
thankyou,"thank you good bye
"
thankyou,"thank you goodbye
"
thankyou,"thank you good bye
"
thankyou,"thank you good bye
"
thankyou,"thank you goodbye
"
thankyou,"okay thank you
"
thankyou,"thank you good bye
"
thankyou,"thank you good bye
"
thankyou,"thank you good bye
"
thankyou,"thank you good bye
"
thankyou,"thank you good bye
"
thankyou,"thank you good bye
"
thankyou,"thank you good bye
"
thankyou,"thank you good bye
"
thankyou,"thank you good bye
"
thankyou,"thank you good bye
"
thankyou,"thank you good bye
"
thankyou,"thank you good bye
"
thankyou,"thank you goodbye
"
thankyou,"thank you
"
thankyou,"thank you good bye
"
thankyou,"thank you good bye
"
thankyou,"thank you good bye
"
thankyou,"uh thank you good bye
"
thankyou,"thank you good bye
"
thankyou,"thank you good bye
"
thankyou,"thank you goodbye
"
thankyou,"thank you good bye
"
thankyou,"thank you
"
thankyou,"thank you good bye
"
thankyou,"thank you good bye
"
thankyou,"thank you good bye
"
thankyou,"thank you good bye
"
thankyou,"thank you
"
thankyou,"thank you good bye
"
thankyou,"thank you good bye
"
thankyou,"thank you good bye
"
thankyou,"thank you good bye
"
thankyou,"thank you good bye
"
thankyou,"thank you good bye
"
thankyou,"thank you good bye
"
thankyou,"thank you good bye
"
thankyou,"thank you good bye
"
thankyou,"thank you good bye
"
thankyou,"thank you good bye
"
thankyou,"thank you good bye
"
thankyou,"thank you goodbye
"
thankyou,"thank you good bye
"
thankyou,"thank you good bye
"
thankyou,"thank you good bye
"
thankyou,"thank you
"
thankyou,"thank you good bye
"
thankyou,"thank you
"
thankyou,"thank you goodb
"
thankyou,"thank you good bye
"
thankyou,"thank you good bye
"
thankyou,"thank you good bye
"
thankyou,"thank you good bye
"
thankyou,"thank you good bye
"
thankyou,"thank you good bye
"
thankyou,"thank you good bye
"
thankyou,"thank you good bye
"
thankyou,"thank you good bye
"
thankyou,"thank you good bye
"
thankyou,"thank you good bye
"
thankyou,"okay thank you good bye
"
thankyou,"thank you good bye
"
thankyou,"okay thank you good bye
"
thankyou,"thank you good bye
"
thankyou,"thank you goodbye
"
thankyou,"thank you
"
thankyou,"thank you good bye
"
thankyou,"thank you good bye
"
thankyou,"thank you good bye
"
thankyou,"thank you goodbye
"
thankyou,"thank you good bye
"
thankyou,"thank you good bye
"
thankyou,"thank you good bye
"
thankyou,"thank you good bye
"
thankyou,"thank you good bye
"
thankyou,"thank you goodbye
"
thankyou,"thank you good bye
"
thankyou,"thank you good bye
"
thankyou,"thank you good bye
"
thankyou,"thank you good bye
"
thankyou,"thank you good bye
"
thankyou,"okay thank you good bye
"
thankyou,"thank you good bye
"
thankyou,"thank you good bye
"
thankyou,"thank you good bye
"
thankyou,"thank you good bye
"
thankyou,"okay thank you good bye
"
thankyou,"thank you good bye
"
thankyou,"thank you good bye
"
thankyou,"thank you good bye
"
thankyou,"thank you good bye
"
thankyou,"thank you good bye
"
thankyou,"thank you good bye
"
thankyou,"thank you good bye
"
thankyou,"okay thank you good bye
"
thankyou,"thank you good bye
"
thankyou,"thank you good bye
"
thankyou,"thank you good bye
"
thankyou,"thank you good bye
"
thankyou,"thank you good bye
"
thankyou,"thank you good bye
"
thankyou,"thank you good bye
"
thankyou,"thank you good bye
"
thankyou,"thank you good bye
"
thankyou,"thank you goodbye
"
thankyou,"thank you good bye
"
thankyou,"thank you
"
thankyou,"thank you good bye
"
thankyou,"thank you good bye
"
thankyou,"thank you goodbye
"
thankyou,"thank you good bye
"
thankyou,"thank you and price range
"
thankyou,"thank you good bye
"
thankyou,"thank you good bye
"
thankyou,"thank you good bye
"
thankyou,"thank you good bye
"
thankyou,"thank you good bye
"
thankyou,"thank you goodbye
"
thankyou,"thank you goodbye
"
thankyou,"thank you good bye
"
thankyou,"okay thank you good bye
"
thankyou,"thank you good bye
"
thankyou,"thank you good bye
"
thankyou,"thank you good bye
"
thankyou,"thank you good bye
"
thankyou,"thank you good bye
"
thankyou,"thank you good bye
"
thankyou,"thank you good bye
"
thankyou,"thank you good bye
"
thankyou,"thank you good bye
"
thankyou,"thank you good bye
"
thankyou,"thank you good bye
"
thankyou,"thank you
"
thankyou,"thank you good bye
"
thankyou,"thank you good bye
"
thankyou,"thank you good bye
"
thankyou,"thank you good bye
"
thankyou,"thank you good bye
"
thankyou,"thank you good bye
"
thankyou,"thank you
"
thankyou,"thank you good bye
"
thankyou,"thank you good bye
"
thankyou,"thank you good bye
"
thankyou,"thank you good bye
"
thankyou,"thank you good bye
"
thankyou,"can i okay thank you
"
thankyou,"thank you good bye
"
thankyou,"thank you good bye
"
thankyou,"thank you good bye
"
thankyou,"thank you good bye
"
thankyou,"thank you goodbye
"
thankyou,"thank you good bye
"
thankyou,"thank you good bye
"
thankyou,"thank you good bye
"
thankyou,"thank you good bye
"
thankyou,"thank you good bye
"
thankyou,"thank you good bye
"
thankyou,"thank you good bye
"
thankyou,"thank you good bye
"
thankyou,"thank you good bye
"
thankyou,"okay thank you good bye
"
thankyou,"thank you good bye
"
thankyou,"thank you good bye
"
thankyou,"thank you good bye
"
thankyou,"thank you good bye
"
thankyou,"thank you good bye
"
thankyou,"thank you good bye
"
thankyou,"thank you good bye
"
thankyou,"thank you good bye
"
thankyou,"thank you good bye
"
thankyou,"thank you good bye
"
thankyou,"thank you good bye
"
thankyou,"thank you
"
thankyou,"thank you good bye
"
thankyou,"thank you good bye
"
thankyou,"thank you good bye
"
thankyou,"thank you good bye
"
thankyou,"thank you good bye
"
thankyou,"thank you good bye
"
thankyou,"thank you good bye
"
thankyou,"thank you good bye
"
thankyou,"thank you goodbye
"
thankyou,"thank you good bye
"
thankyou,"thank you goodbye
"
thankyou,"thank you good bye
"
thankyou,"thank you
"
thankyou,"thank you good bye
"
thankyou,"thank you good bye
"
thankyou,"okay thank you good bye
"
thankyou,"thank you good bye
"
thankyou,"thank you good bye
"
thankyou,"thank you good bye
"
thankyou,"thank you good bye
"
thankyou,"thank you good bye
"
thankyou,"thank you good bye
"
thankyou,"thank you good bye
"
thankyou,"thank you goodbye
"
thankyou,"okay thank you good bye
"
thankyou,"thank you good bye
"
thankyou,"thank you good bye
"
thankyou,"thank you good bye
"
thankyou,"thank you good bye
"
thankyou,"thank you good bye
"
thankyou,"thank you goodbye
"
thankyou,"thank you good bye
"
thankyou,"thank you good bye
"
thankyou,"okay uh thank you and good bye
"
thankyou,"thank you good bye
"
thankyou,"thank you good bye
"
thankyou,"thank you good bye
"
thankyou,"thank you
"
thankyou,"thank you good bye
"
thankyou,"thank you good bye
"
thankyou,"thank you good bye
"
thankyou,"thank you good bye
"
thankyou,"thank you goodbye
"
thankyou,"thank you good bye
"
thankyou,"thank you good bye
"
thankyou,"thank you good bye
"
thankyou,"thank you good bye
"
thankyou,"thank you good bye
"
thankyou,"thank you good bye
"
thankyou,"thank you good bye
"
thankyou,"thank you good bye
"
thankyou,"thank you good bye
"
thankyou,"thank you good bye
"
thankyou,"thank you goodbye
"
thankyou,"thank you good bye
"
thankyou,"thank you good bye
"
thankyou,"thank you goodbye
"
thankyou,"thank you good bye
"
thankyou,"thank you good bye
"
thankyou,"thank you good bye
"
thankyou,"thank you good bye
"
thankyou,"thank you good bye
"
thankyou,"thank you good bye
"
thankyou,"thank you good bye
"
thankyou,"thank you
"
thankyou,"thank you good bye
"
thankyou,"thank you good bye
"
thankyou,"thank you good bye
"
thankyou,"thank you goodbye
"
thankyou,"thank you good bye
"
thankyou,"okay thank you good bye
"
thankyou,"thank you good bye
"
thankyou,"thank you goodbye
"
thankyou,"thank you good bye
"
thankyou,"thank you good bye
"
thankyou,"thank you good bye
"
thankyou,"thank you good bye
"
thankyou,"thank you good bye
"
thankyou,"thank you goodbye
"
thankyou,"thank you good bye
"
thankyou,"thank you good bye
"
thankyou,"thank you good bye
"
thankyou,"thank you good bye
"
thankyou,"thank you good bye
"
thankyou,"thank you good bye
"
thankyou,"thank you
"
thankyou,"thank you good bye
"
thankyou,"thank you good bye
"
thankyou,"thank you good bye
"
thankyou,"thank you good bye
"
thankyou,"thank you
"
thankyou,"thank you good bye
"
thankyou,"thank you good bye
"
thankyou,"thank you good bye
"
thankyou,"thank you good bye
"
thankyou,"thank you good bye
"
thankyou,"thank you good bye
"
thankyou,"thank you good bye
"
thankyou,"thank you goodbye
"
thankyou,"okay thank you
"
thankyou,"thank you good bye
"
thankyou,"thank you good bye
"
thankyou,"thank you good bye
"
thankyou,"thank you goodbye
"
thankyou,"thank you good bye
"
thankyou,"thank you goodbye
"
thankyou,"thank you good bye
"
thankyou,"thank you good bye
"
thankyou,"thank you good bye
"
thankyou,"thank you good bye
"
thankyou,"thank you good bye
"
thankyou,"thank you good bye
"
thankyou,"thank you goodbye
"
thankyou,"thank you good bye
"
thankyou,"thank you good bye
"
thankyou,"thank you good bye
"
thankyou,"thank you good bye
"
thankyou,"thank you good bye
"
thankyou,"thank you good bye
"
thankyou,"thank you goodbye
"
thankyou,"thank you good bye
"
thankyou,"thank you good bye
"
thankyou,"thank you good bye
"
thankyou,"thank you good bye
"
thankyou,"thank you good bye
"
thankyou,"thank you good bye
"
thankyou,"thank you good bye
"
thankyou,"thank you good bye
"
thankyou,"thank you goodbye
"
thankyou,"thank you good bye
"
thankyou,"thank you good bye
"
thankyou,"thank you good bye
"
thankyou,"thank you good bye
"
thankyou,"thank you good bye
"
thankyou,"thank you good bye
"
thankyou,"thank you good bye
"
thankyou,"thank you good bye
"
thankyou,"thank you good bye
"
thankyou,"thank you good bye
"
thankyou,"thank you good bye
"
thankyou,"thank you goodbye
"
thankyou,"okay thank you good bye
"
thankyou,"thank you good bye
"
thankyou,"thank you good bye
"
thankyou,"thank you good bye
"
thankyou,"thank you good bye
"
thankyou,"thank you good bye
"
thankyou,"thank you good bye
"
thankyou,"thank you good bye
"
thankyou,"thank you good bye
"
thankyou,"thank you good bye
"
thankyou,"thank you goodbye
"
thankyou,"thank you good bye
"
thankyou,"thank you good bye
"
thankyou,"thank you good bye
"
thankyou,"thank you good bye
"
thankyou,"thank you good bye
"
thankyou,"thank you good bye
"
thankyou,"thank you good bye
"
thankyou,"thank you good bye
"
thankyou,"thank you good bye
"
thankyou,"thank you good bye
"
thankyou,"thank you good bye
"
thankyou,"thank you good bye
"
thankyou,"thank you good bye
"
thankyou,"thank you good bye
"
thankyou,"thank you good bye
"
thankyou,"thank you and good bye
"
thankyou,"thank you goodbye
"
thankyou,"thank you good bye
"
thankyou,"thank you good bye
"
thankyou,"thank you good bye
"
thankyou,"thank you goodbye
"
thankyou,"thank you goodbye
"
thankyou,"okay thank you good bye
"
thankyou,"thank you goodbye
"
thankyou,"thank you good bye
"
thankyou,"thank you good bye
"
thankyou,"thank you good bye
"
thankyou,"thank you good bye
"
thankyou,"thank you good bye
"
thankyou,"thank you good bye
"
thankyou,"thank you good bye
"
thankyou,"thank you goodbye
"
thankyou,"thank you good bye
"
thankyou,"thank you good bye
"
thankyou,"thank you good bye
"
thankyou,"thank you good bye
"
thankyou,"thank you good bye
"
thankyou,"thank you good bye
"
thankyou,"thank you good bye
"
thankyou,"thank you good bye
"
thankyou,"thank you good bye
"
thankyou,"thank you good bye
"
thankyou,"thank you good bye
"
thankyou,"thank you good bye
"
thankyou,"thank you good bye
"
thankyou,"okay thank you good bye
"
thankyou,"thank you good bye
"
thankyou,"thank you
"
thankyou,"thank you good bye
"
thankyou,"thank you good bye
"
thankyou,"thank you goodbye
"
thankyou,"thank you good bye
"
thankyou,"thank you
"
thankyou,"thank you goodbye
"
thankyou,"thank you good bye
"
thankyou,"thank you good bye
"
thankyou,"thank you good bye
"
thankyou,"thank you good bye
"
thankyou,"thank you good bye
"
thankyou,"thank you goodbye
"
thankyou,"thank you good bye
"
thankyou,"thank you good bye
"
thankyou,"okay thank you good bye
"
thankyou,"thank you good bye
"
thankyou,"thank you
"
thankyou,"okay thank you good bye
"
thankyou,"thank you good bye
"
thankyou,"thank you good bye
"
thankyou,"thank you good bye
"
thankyou,"thank you good bye
"
thankyou,"thank you good bye
"
thankyou,"thank you good bye
"
thankyou,"thank you good bye
"
thankyou,"thank you good bye
"
thankyou,"thank you good bye
"
thankyou,"thank you good bye
"
thankyou,"alright thank you very much food bye
"
thankyou,"thank you good bye
"
thankyou,"thank you good bye
"
thankyou,"thank you good bye
"
thankyou,"thank you good bye
"
thankyou,"thank you good bye
"
thankyou,"thank you good bye
"
thankyou,"thank you goodbye
"
thankyou,"thank you good bye
"
thankyou,"thank you good bye
"
thankyou,"thank you
"
thankyou,"thank thank
"
thankyou,"thank you
"
thankyou,"thank you good bye
"
thankyou,"thank you good bye
"
thankyou,"thank you good bye
"
thankyou,"thank you good bye
"
thankyou,"thank you good bye
"
thankyou,"thank you good bye
"
thankyou,"thank you good bye
"
thankyou,"thank you good bye
"
thankyou,"thank you good bye
"
thankyou,"thank you good bye
"
thankyou,"thank you good bye
"
thankyou,"thank you good bye
"
thankyou,"thank you good bye
"
thankyou,"thank you good bye
"
thankyou,"thank you goodbye
"
thankyou,"thank you good bye
"
thankyou,"thank you good bye
"
thankyou,"thank you good bye
"
thankyou,"thank you good bye
"
thankyou,"thank you good bye
"
thankyou,"thank you good bye
"
thankyou,"thank you goodbye
"
thankyou,"thank you good bye
"
thankyou,"thank you good bye
"
thankyou,"thank you good bye
"
thankyou,"thank you good bye
"
thankyou,"thank you
"
thankyou,"thats everything thank you
"
thankyou,"okay thank you good bye
"
thankyou,"thank you goodbye
"
thankyou,"thank you goodbye
"
thankyou,"thank you good bye
"
thankyou,"thank you good bye
"
thankyou,"thank you good bye
"
thankyou,"thank you good bye
"
thankyou,"thank you good bye
"
thankyou,"thank you goodbye
"
thankyou,"thank you good bye
"
thankyou,"thank you good bye
"
thankyou,"thank you good bye
"
thankyou,"thank you good bye
"
thankyou,"thank you good bye
"
thankyou,"thank you goodbye
"
thankyou,"thank you good bye
"
thankyou,"thank you good bye
"
thankyou,"thank you good bye
"
thankyou,"oh thank you goodbye
"
thankyou,"thank you good bye
"
thankyou,"thank you good bye
"
thankyou,"thank you good bye
"
thankyou,"thank you good bye
"
thankyou,"thank you good bye
"
thankyou,"thank you goodbye
"
thankyou,"thank you goodbye
"
thankyou,"thank you good bye
"
thankyou,"thank you good bye
"
thankyou,"thank you good bye
"
thankyou,"thank you good bye
"
thankyou,"thank you good bye
"
thankyou,"thank you goodbye
"
thankyou,"thank you good bye
"
thankyou,"thank you good bye
"
thankyou,"thank you good bye
"
thankyou,"thank you good bye
"
thankyou,"thank you good bye
"
thankyou,"thank you goodbye
"
thankyou,"thank you good bye
"
thankyou,"thank you
"
thankyou,"thank you
"
thankyou,"thank you good bye
"
thankyou,"okay thank you good bye
"
thankyou,"thank you good bye
"
thankyou,"thank you good b
"
thankyou,"thank you good bye
"
thankyou,"thank you good bye
"
thankyou,"thank you good bye
"
thankyou,"thank you good bye
"
thankyou,"thank you goodbye
"
thankyou,"thank you good bye
"
thankyou,"thank you goodbye
"
thankyou,"thank you good bye
"
thankyou,"thank you good bye
"
thankyou,"thank you good bye
"
thankyou,"thank you good bye
"
thankyou,"thank you good bye
"
thankyou,"thank you good bye
"
thankyou,"thank you good bye
"
thankyou,"say thank you good bye
"
thankyou,"thank you good bye
"
thankyou,"thank you good bye
"
thankyou,"thank you good bye
"
thankyou,"thank you good bye
"
thankyou,"thank you good bye
"
thankyou,"thank you good bye
"
thankyou,"thank you good bye
"
thankyou,"thank you good bye
"
thankyou,"thank you good bye
"
thankyou,"thank you good bye
"
thankyou,"thank you good bye
"
thankyou,"thank you good bye
"
thankyou,"thank you good bye
"
thankyou,"thank you good bye
"
thankyou,"thank you good bye
"
thankyou,"thank you goodbye
"
thankyou,"thank you good bye
"
thankyou,"thank you goodbye
"
thankyou,"thank you good bye
"
thankyou,"thank you goodbye
"
thankyou,"thank you good bye
"
thankyou,"thank you good bye
"
thankyou,"thank you good bye
"
thankyou,"thank you
"
thankyou,"thank you good bye
"
thankyou,"thank you good bye
"
thankyou,"thank you good bye
"
thankyou,"thank you good bye
"
thankyou,"thank you good bye
"
thankyou,"okay thank you good bye
"
thankyou,"thank you good bye
"
thankyou,"thank you good bye
"
thankyou,"thank you good bye
"
thankyou,"okay thank you good bye
"
thankyou,"thank you good bye
"
thankyou,"thank you good bye
"
thankyou,"thank you good bye
"
thankyou,"thank you good bye
"
thankyou,"okay thank you good bye
"
thankyou,"thank you
"
thankyou,"thank you goodbye
"
thankyou,"thank you good bye
"
thankyou,"thank you goodbye
"
thankyou,"thank you good bye
"
thankyou,"thank you good bye
"
thankyou,"thank you good bye
"
thankyou,"thank you goodbye
"
thankyou,"um thank you good bye
"
thankyou,"thank you good bye
"
thankyou,"thank you good bye
"
thankyou,"thank you good bye
"
thankyou,"thank you good bye
"
thankyou,"thank you good bye
"
thankyou,"thank you good bye
"
thankyou,"thank you good bye
"
thankyou,"thank you good bye
"
thankyou,"thank you good bye
"
thankyou,"thank you good bye
"
thankyou,"thank you good bye
"
thankyou,"um thank you goodbye
"
thankyou,"thank you
"
thankyou,"thank you good bye
"
thankyou,"thank you good bye
"
thankyou,"thank you good bye
"
thankyou,"thank you good bye
"
thankyou,"thank you good bye
"
thankyou,"thank you good bye
"
thankyou,"thank you good bye
"
thankyou,"thank you good bye
"
thankyou,"thank you good bye
"
thankyou,"thank you good bye
"
thankyou,"thank you good bye
"
thankyou,"thank you good bye
"
thankyou,"thank you good bye
"
thankyou,"thank you good bye
"
thankyou,"thank you good bye
"
thankyou,"thank you good bye
"
thankyou,"thank you good bye
"
thankyou,"thank you good bye
"
thankyou,"thank you good bye
"
thankyou,"thank you good bye
"
thankyou,"thank you good bye
"
thankyou,"thank you good bye
"
thankyou,"thank you good bye
"
thankyou,"thank you good bye
"
thankyou,"thank you good bye
"
thankyou,"thank you good bye
"
thankyou,"thank you good bye
"
thankyou,"thank you good bye
"
thankyou,"thank you good bye
"
thankyou,"thank you good bye
"
thankyou,"thank you good bye
"
thankyou,"thank you goodbye
"
thankyou,"thank you good bye
"
thankyou,"thank you and good bye
"
thankyou,"thank you good bye
"
thankyou,"thank you good bye
"
thankyou,"thank you good bye
"
thankyou,"thank you good bye
"
thankyou,"thank you
"
thankyou,"thank you good bye
"
thankyou,"thank you good bye
"
thankyou,"thank you goodbye
"
thankyou,"thank you goodbye
"
thankyou,"thank you goodbye
"
thankyou,"thank you good bye
"
thankyou,"thank you good bye
"
thankyou,"thank you good bye
"
thankyou,"thank you good bye
"
thankyou,"thank you good bye
"
thankyou,"thank you good bye
"
thankyou,"thank you good bye
"
thankyou,"thank you good bye
"
thankyou,"thank you good bye
"
thankyou,"thank you good bye
"
thankyou,"thank you good bye
"
thankyou,"thank you good bye
"
thankyou,"thank you good bye
"
thankyou,"thank you good bye
"
thankyou,"thank you goodbye
"
thankyou,"thank you good bye
"
thankyou,"thank you goodbye
"
thankyou,"thank you good bye
"
thankyou,"thank you good bye
"
thankyou,"thank you goodbye
"
thankyou,"thank you good bye
"
thankyou,"thank you good bye
"
thankyou,"thank you good bye
"
thankyou,"thank you good bye
"
thankyou,"thank you good bye
"
thankyou,"thank you good bye
"
thankyou,"thank you good bye
"
thankyou,"thank you good bye
"
thankyou,"okay thank you good bye
"
thankyou,"thank you good bye
"
thankyou,"thank you good bye
"
thankyou,"thank you good bye
"
thankyou,"thank you good bye
"
thankyou,"thank you good bye
"
thankyou,"thank you thank you
"
thankyou,"thank you goodbye
"
thankyou,"thank you good bye
"
thankyou,"thank you good bye
"
thankyou,"thank you good bye
"
thankyou,"thank you goodbye
"
thankyou,"thank you good bye
"
thankyou,"thank you good bye
"
thankyou,"thank you good bye
"
thankyou,"thank you good bye
"
thankyou,"thank you good bye
"
thankyou,"thank you good bye
"
thankyou,"thank you good bye
"
thankyou,"okay thank you good bye
"
thankyou,"thank you good bye
"
thankyou,"thank you good bye
"
thankyou,"thank you
"
thankyou,"okay thank you good bye
"
thankyou,"thank you good bye
"
thankyou,"thank you good bye
"
thankyou,"thank you good bye
"
thankyou,"thank you good bye
"
thankyou,"thank you good bye
"
thankyou,"thank you good bye
"
thankyou,"thank you good bye
"
thankyou,"thank you good bye
"
thankyou,"thank you good bye
"
thankyou,"thank you good bye
"
thankyou,"thank you good bye
"
thankyou,"thank you good bye
"
thankyou,"thank you goodbye
"
thankyou,"uh thank you good bye
"
thankyou,"thank you
"
thankyou,"thank you goodbye
"
thankyou,"thank you good bye
"
thankyou,"thank you good bye
"
thankyou,"thank you good bye
"
thankyou,"thank you good bye
"
thankyou,"thank you goodbye
"
thankyou,"okay thank you good bye
"
thankyou,"thank you good bye
"
thankyou,"thank you good bye
"
thankyou,"okay thank you
"
thankyou,"thank you good bye
"
thankyou,"thank you goodbye
"
thankyou,"thank you goodbye
"
thankyou,"thank you good bye
"
thankyou,"thank you good bye
"
thankyou,"thank you good bye
"
thankyou,"thank you good bye
"
thankyou,"thank you good bye
"
thankyou,"thank you good bye
"
thankyou,"thank you goodbye
"
thankyou,"thank you good bye
"
thankyou,"thank you good bye
"
thankyou,"okay um thatll do it thank you and goodbye
"
thankyou,"thank you good bye
"
thankyou,"thank you good bye
"
thankyou,"thank you good bye
"
thankyou,"thank you good bye
"
thankyou,"thank you good bye
"
thankyou,"thank you good bye
"
thankyou,"thank you good bye
"
thankyou,"thank you goodbye
"
thankyou,"thank you goodbye
"
thankyou,"thank you good bye
"
thankyou,"thank you good bye
"
thankyou,"thank you good bye
"
thankyou,"thank you good bye
"
thankyou,"thank you good bye
"
thankyou,"thank you good bye
"
thankyou,"thank you good bye
"
thankyou,"thank you good bye
"
thankyou,"thank you good bye
"
thankyou,"thank you good bye
"
thankyou,"thank you
"
thankyou,"thank you good bye
"
thankyou,"thank you goodbye
"
thankyou,"thank you good bye
"
thankyou,"thank you good bye
"
thankyou,"thank you good bye
"
thankyou,"thank you good bye
"
thankyou,"thank you good bye
"
thankyou,"thank you good bye
"
thankyou,"thank you good bye
"
thankyou,"thank you good bye
"
thankyou,"thank you good bye
"
thankyou,"thank you good bye
"
thankyou,"thank you good bye
"
thankyou,"okay uh thank you and good bye
"
thankyou,"thank you good bye
"
thankyou,"thank you good bye
"
thankyou,"thank you good bye
"
thankyou,"thank you
"
thankyou,"thank you good bye
"
thankyou,"thank you goodbye
"
thankyou,"thank you good bye
"
thankyou,"thank you good bye
"
thankyou,"thank you good bye
"
thankyou,"thank you good bye
"
thankyou,"thank you good bye
"
thankyou,"thank you good bye
"
thankyou,"thank you good bye
"
thankyou,"thank you good bye
"
thankyou,"thank you good bye
"
thankyou,"thank you goodbye
"
thankyou,"thank you good bye
"
thankyou,"thank you good bye
"
thankyou,"thank you good bye
"
thankyou,"thank you good bye
"
thankyou,"thank you good bye
"
thankyou,"thank you good bye
"
thankyou,"thank you good bye
"
thankyou,"thank you good bye
"
thankyou,"thank you goodbye
"
thankyou,"thank you good bye
"
thankyou,"thank you good bye
"
thankyou,"thank you good bye
"
thankyou,"thank you good bye
"
thankyou,"thank you
"
thankyou,"thank you good bye
"
thankyou,"thank you good bye
"
thankyou,"thank you good bye
"
thankyou,"thank you good bye
"
thankyou,"thank you good bye
"
thankyou,"thank you good bye
"
thankyou,"thank you good bye
"
thankyou,"thank you goodbye
"
thankyou,"thank you good bye
"
thankyou,"thank you good bye
"
thankyou,"thank you good bye
"
thankyou,"thank you goodbye
"
thankyou,"thank you good bye
"
thankyou,"thank you good bye
"
thankyou,"thank you good bye
"
thankyou,"thank you good bye
"
thankyou,"thank you good bye
"
thankyou,"thank you good bye
"
thankyou,"thank you good bye
"
thankyou,"thank you good bye
"
thankyou,"thank you good bye
"
thankyou,"thank you good bye
"
thankyou,"thank you good bye
"
thankyou,"thank you good bye
"
thankyou,"thank you good bye
"
thankyou,"thank you good bye
"
thankyou,"thank you good bye
"
thankyou,"thank you good bye
"
thankyou,"thank you good bye
"
thankyou,"thank you goodbye
"
thankyou,"thank you good bye
"
thankyou,"thank you good bye
"
thankyou,"thank you good bye
"
thankyou,"thank you good bye
"
thankyou,"thank you good bye
"
thankyou,"thank you good bye
"
thankyou,"could i or um thank you goodbye
"
thankyou,"thank you good bye
"
thankyou,"thank you good bye
"
thankyou,"thank you good bye
"
thankyou,"thank you good bye
"
thankyou,"thank you good bye
"
thankyou,"thank you good bye
"
thankyou,"thank you good bye
"
thankyou,"thank you good bye
"
thankyou,"thank you good bye
"
thankyou,"thank you good bye
"
thankyou,"thank you good bye
"
thankyou,"thank you good bye
"
thankyou,"thank you goodbye
"
thankyou,"thank you good bye
"
thankyou,"thank you good bye
"
thankyou,"thank you good bye
"
thankyou,"thank you good bye
"
thankyou,"thank you good bye
"
thankyou,"thank you good bye
"
thankyou,"thank you good bye
"
thankyou,"thank you good bye
"
thankyou,"thank you goodbye
"
thankyou,"thank you good bye
"
thankyou,"thank you goodbye
"
thankyou,"thank you good bye
"
thankyou,"thank you good bye
"
thankyou,"thank you good bye
"
thankyou,"thank you good bye
"
thankyou,"thank you good bye
"
thankyou,"thank you good bye
"
thankyou,"thank you good bye
"
thankyou,"thank you good bye
"
thankyou,"thank you
"
thankyou,"thank you goodbye
"
thankyou,"thank you good bye
"
thankyou,"thank you good bye
"
thankyou,"thank you good bye
"
thankyou,"thank you good bye
"
thankyou,"thank you good bye
"
thankyou,"thank you good bye
"
thankyou,"thank you good bye
"
thankyou,"thank you good bye
"
thankyou,"thank you good bye
"
thankyou,"okay thank you good bye
"
thankyou,"thank you good bye
"
thankyou,"thank you goodbye
"
thankyou,"thank you good bye
"
thankyou,"thank you good bye
"
thankyou,"thank you good bye
"
thankyou,"thank you
"
thankyou,"thank you good bye
"
thankyou,"thank you good bye
"
thankyou,"thank you good bye
"
thankyou,"thank you good bye
"
thankyou,"thank you goodbye
"
thankyou,"thank you good bye
"
thankyou,"thank you good bye
"
thankyou,"thank you good bye
"
thankyou,"thank you good bye
"
thankyou,"thank you good bye
"
thankyou,"thank you goodbye
"
thankyou,"thank you good bye
"
thankyou,"thank you good bye
"
thankyou,"thank you good bye
"
thankyou,"thank you good bye
"
thankyou,"thank you good bye
"
thankyou,"thank you good bye
"
thankyou,"thank you good bye
"
thankyou,"thank you good bye
"
thankyou,"thank you good bye
"
thankyou,"thank you good bye
"
thankyou,"thank you good bye
"
thankyou,"thank you good bye
"
thankyou,"thank you good bye
"
thankyou,"thank you goodbye
"
thankyou,"thank you goodbye
"
thankyou,"thank you goodbye
"
thankyou,"thank you good bye
"
thankyou,"thank you good bye
"
thankyou,"thank you goodbye
"
thankyou,"thank you good bye
"
thankyou,"thank you good bye
"
thankyou,"thank you good bye
"
thankyou,"thank you good bye
"
thankyou,"thank you good bye
"
thankyou,"thank you good bye
"
thankyou,"thank you good bye
"
thankyou,"thank you goodbye
"
thankyou,"thank you goodbye
"
thankyou,"thank you
"
thankyou,"thank you goodbye
"
thankyou,"thank you good bye
"
thankyou,"thank you good bye
"
thankyou,"thank you good bye
"
thankyou,"thank you good bye
"
thankyou,"thank you goodbye
"
thankyou,"thank you good bye
"
thankyou,"thank you good bye
"
thankyou,"thank you good bye
"
thankyou,"thank you good bye
"
thankyou,"thank you good bye
"
thankyou,"thank you good bye
"
thankyou,"thank you good bye
"
thankyou,"thank you good bye
"
thankyou,"thank you goodbye
"
thankyou,"thank you good bye
"
thankyou,"thank you good bye
"
thankyou,"thank you good bye
"
thankyou,"thank you good bye
"
thankyou,"thank you good bye
"
thankyou,"thank you good bye
"
thankyou,"thank you good bye
"
thankyou,"thank you good bye
"
thankyou,"okay and thank you and good bye
"
thankyou,"thank you good bye
"
thankyou,"thank you good bye
"
thankyou,"thank you good bye
"
thankyou,"thank you good bye
"
thankyou,"thank you good bye
"
thankyou,"thank you good bye
"
thankyou,"thank you good bye
"
thankyou,"thank you good bye
"
thankyou,"thank you good bye
"
thankyou,"thank you good bye
"
thankyou,"thank you good bye
"
thankyou,"thank you good bye
"
thankyou,"thank you
"
thankyou,"thank you good bye
"
thankyou,"thank you good bye
"
thankyou,"thank you good bye
"
thankyou,"thank you good bye
"
thankyou,"thank you goodbye
"
thankyou,"thank you good bye
"
thankyou,"thank you good bye
"
thankyou,"thank you good bye
"
thankyou,"thank you goodbye
"
thankyou,"thank you good bye
"
thankyou,"thank you good bye
"
thankyou,"thank you goodbye
"
thankyou,"thank you good bye
"
thankyou,"thank you good bye
"
thankyou,"thank you good bye
"
thankyou,"thank you good bye
"
thankyou,"thank you good bye
"
thankyou,"thank you good bye
"
thankyou,"thank you good bye
"
thankyou,"thank you good bye
"
thankyou,"thank you good bye
"
thankyou,"thank you good bye
"
thankyou,"thank you good bye
"
thankyou,"okay thank you good bye
"
thankyou,"thank you good bye
"
thankyou,"thank you good bye
"
thankyou,"okay thank you good bye
"
thankyou,"thank you
"
thankyou,"thank you goodbye
"
thankyou,"thank you good bye
"
thankyou,"thank you good bye
"
thankyou,"thank you goodbye
"
thankyou,"thank you good bye
"
thankyou,"thank you good bye
"
thankyou,"thank you good bye
"
thankyou,"thank you good bye
"
thankyou,"thank you good bye
"
thankyou,"thank you good bye
"
thankyou,"thank you good bye
"
thankyou,"thank you good bye
"
thankyou,"thank you good bye
"
thankyou,"thank you good bye
"
thankyou,"thank you good bye
"
thankyou,"thank you good bye
"
thankyou,"thank you good bye
"
thankyou,"thank you good bye
"
thankyou,"thank you good bye
"
thankyou,"thank you good bye
"
thankyou,"thank you good bye
"
thankyou,"thank you good bye
"
thankyou,"thank you good bye
"
thankyou,"thank you good bye
"
thankyou,"thank you
"
thankyou,"thank you good bye
"
thankyou,"thank you good bye
"
thankyou,"thank you good bye
"
thankyou,"thank you goodbye
"
thankyou,"thank you good bye
"
thankyou,"thank you goodbye
"
thankyou,"thank you goodbye
"
thankyou,"thank you good bye
"
thankyou,"thank you good bye
"
thankyou,"thank you good bye
"
thankyou,"thank you good bye
"
thankyou,"thank you good bye
"
thankyou,"thank you good bye
"
thankyou,"thank you good bye
"
thankyou,"thank you goodbye
"
thankyou,"thank you good bye
"
thankyou,"thank you good bye
"
thankyou,"thank you good bye
"
thankyou,"okay thank you good bye
"
thankyou,"thank you good bye
"
thankyou,"thank you
"
thankyou,"thank you good bye
"
thankyou,"thank you good bye
"
thankyou,"thank you good bye
"
thankyou,"thank you good bye
"
thankyou,"thank you good bye
"
thankyou,"thank you good bye
"
thankyou,"okay um thank you good bye
"
thankyou,"thank you good bye
"
thankyou,"thank you good bye
"
thankyou,"thank you good bye
"
thankyou,"thank you good bye
"
thankyou,"noise thank you good bye
"
thankyou,"thank you and good bye
"
thankyou,"thank you good bye
"
thankyou,"thank you good bye
"
thankyou,"thank you good bye
"
thankyou,"thank you good bye
"
thankyou,"thank you good bye
"
thankyou,"thank you goodbye
"
thankyou,"thank you good bye
"
thankyou,"thank you good bye
"
thankyou,"thank you good bye
"
thankyou,"thank you good bye
"
thankyou,"thank you good bye
"
thankyou,"thank you good bye
"
thankyou,"thank you good bye
"
thankyou,"thank you good bye
"
thankyou,"thank you good bye
"
thankyou,"thank you good bye
"
thankyou,"thank you good bye
"
thankyou,"thank you good bye
"
thankyou,"breath thank you goodbye
"
thankyou,"thank you good bye
"
thankyou,"thank you good bye
"
thankyou,"thank you good bye
"
thankyou,"thank you good bye
"
thankyou,"thank you good bye
"
thankyou,"thank you good bye
"
thankyou,"uh thank you good bye
"
thankyou,"thank you good bye
"
thankyou,"okay thank you good bye
"
thankyou,"thank you good bye
"
thankyou,"thank you good bye
"
thankyou,"thank you good bye
"
thankyou,"thank you good bye
"
thankyou,"thank you good bye
"
thankyou,"thank you good bye
"
thankyou,"thank you good bye
"
thankyou,"uh thank you good bye
"
thankyou,"thank you good bye
"
thankyou,"thank you good bye
"
thankyou,"thank you good bye
"
thankyou,"thank you good bye
"
thankyou,"thank you good bye
"
thankyou,"thank you good bye
"
thankyou,"thank you good bye
"
thankyou,"thank you goodbye
"
thankyou,"thank you good bye
"
thankyou,"thank you good bye
"
thankyou,"alright thank you goodbye
"
thankyou,"thank you good bye
"
thankyou,"thank you good bye
"
thankyou,"thank you goodbye
"
thankyou,"thank you good bye
"
thankyou,"thank you good bye
"
thankyou,"thank you good bye
"
thankyou,"thank you good bye
"
thankyou,"thank you good bye
"
thankyou,"thank you good bye
"
thankyou,"thank you good bye
"
thankyou,"thank you good bye
"
thankyou,"thank you good bye
"
thankyou,"thank you goodbye
"
thankyou,"okay thank you
"
thankyou,"thank you good bye
"
thankyou,"thank you good bye
"
thankyou,"thank you good bye
"
thankyou,"thank you good bye
"
thankyou,"thank you good bye
"
thankyou,"thank you good bye
"
thankyou,"thank you good bye
"
thankyou,"thank you good bye
"
thankyou,"thank you goodbye
"
thankyou,"thank you good bye
"
thankyou,"thank you good bye
"
thankyou,"thank you goodbye
"
thankyou,"thank you good bye
"
thankyou,"thank you good bye
"
thankyou,"thank you good bye
"
thankyou,"thank you goodbye
"
thankyou,"thank you good bye
"
thankyou,"thank you
"
thankyou,"thank you good bye
"
thankyou,"thank you good bye
"
thankyou,"thank you good bye
"
thankyou,"thank you good bye
"
thankyou,"thank you good bye
"
thankyou,"thank you good bye
"
thankyou,"thank you good bye
"
thankyou,"thank you good bye
"
thankyou,"thank you good bye
"
thankyou,"thank you good bye
"
thankyou,"thank you good bye
"
thankyou,"thank you
"
thankyou,"thank you good bye
"
thankyou,"thank you
"
thankyou,"thank you good bye
"
thankyou,"thank you good bye
"
thankyou,"thank you good bye
"
thankyou,"thank you good bye
"
thankyou,"thank you good bye
"
thankyou,"thank you good bye
"
thankyou,"thank you goodbye
"
thankyou,"thank you good bye
"
thankyou,"thank you good bye
"
thankyou,"thank you good bye
"
thankyou,"thank you good bye
"
thankyou,"thank you good bye
"
thankyou,"thank you good bye
"
thankyou,"thank you good bye
"
thankyou,"thank you good bye
"
thankyou,"thank you goodbye
"
thankyou,"thank you good bye
"
thankyou,"thank you good bye
"
thankyou,"thank you goodbye
"
thankyou,"thank you good bye
"
thankyou,"thank you good bye
"
thankyou,"thank you good bye
"
thankyou,"thank you good bye
"
thankyou,"thank you good bye
"
thankyou,"thank you good bye
"
thankyou,"thank you good bye
"
thankyou,"thank you good bye
"
thankyou,"thank you good bye
"
thankyou,"thank you good bye
"
thankyou,"thank you good bye
"
thankyou,"thank you good bye
"
thankyou,"thank you good bye
"
thankyou,"thank you good bye
"
thankyou,"thank you good bye
"
thankyou,"thank you good bye
"
thankyou,"thank you good bye
"
thankyou,"thank you good bye
"
thankyou,"thank you good bye
"
thankyou,"thank you good bye
"
thankyou,"thank you good bye
"
thankyou,"thank you good bye
"
thankyou,"thank you good bye
"
thankyou,"thank you good bye
"
thankyou,"thank you good bye
"
thankyou,"thank you good bye
"
thankyou,"thank you good bye
"
thankyou,"thank you good bye
"
thankyou,"thank you good bye
"
thankyou,"thank you good bye
"
thankyou,"thank you good bye
"
thankyou,"thank you good bye
"
thankyou,"thank you goodbye
"
thankyou,"thank you good bye
"
thankyou,"thank you good bye
"
thankyou,"thank you good bye
"
thankyou,"thank you goodbye
"
thankyou,"thank you good bye
"
thankyou,"thank you good bye
"
thankyou,"thank you good bye
"
thankyou,"thank you good bye
"
thankyou,"thank you goodbye
"
thankyou,"thank you good bye
"
thankyou,"thank you good bye
"
thankyou,"thank you good bye
"
thankyou,"thank you good bye
"
thankyou,"thank you good bye
"
thankyou,"thank you good bye
"
thankyou,"thank you good bye
"
thankyou,"thank you good bye
"
thankyou,"thank you good bye
"
thankyou,"thank you good bye
"
thankyou,"thank you good bye
"
thankyou,"thank you good bye
"
thankyou,"thank you good bye
"
thankyou,"thank you goodbye
"
thankyou,"thank you good bye
"
thankyou,"thank you good bye
"
thankyou,"thank you good bye
"
thankyou,"thank you good bye
"
thankyou,"thank you good bye
"
thankyou,"thank you good bye
"
thankyou,"thank you good bye
"
thankyou,"thank you goodbye
"
thankyou,"thank you goodbye
"
thankyou,"thank you good bye
"
thankyou,"thank you good bye
"
thankyou,"thank you good bye
"
thankyou,"thank you good bye
"
thankyou,"thank you good bye
"
thankyou,"thank you good bye
"
thankyou,"thank you
"
thankyou,"thank you good bye
"
thankyou,"thank you good bye
"
thankyou,"thank you good bye
"
thankyou,"thank you goodbye
"
thankyou,"thank you goodbye
"
thankyou,"thank you good bye
"
thankyou,"thank you good bye
"
thankyou,"thank you good bye
"
thankyou,"thank you good bye
"
thankyou,"thank you good bye
"
thankyou,"thank you good bye
"
thankyou,"thank you good bye
"
thankyou,"thank you goodbye
"
thankyou,"thank you good bye
"
thankyou,"thank you good bye
"
thankyou,"thank you good bye
"
thankyou,"thank you good bye
"
thankyou,"thank you goodbye
"
thankyou,"thank you good bye
"
thankyou,"thank you good bye
"
thankyou,"thank you goodbye
"
thankyou,"thank you good bye
"
thankyou,"thank you good bye
"
thankyou,"thank you good bye
"
thankyou,"thank you good bye
"
thankyou,"thank you good bye
"
thankyou,"thank you good bye
"
thankyou,"thank you good bye
"
thankyou,"thank you good bye
"
thankyou,"thank you good bye
"
thankyou,"okay thank you good bye
"
thankyou,"thank you good bye
"
thankyou,"thank you good bye
"
thankyou,"thank you goodbye
"
thankyou,"thank you
"
thankyou,"thank you good bye
"
thankyou,"thank you good bye
"
thankyou,"thank you good bye
"
thankyou,"thank you good bye
"
thankyou,"thank you goodbye
"
thankyou,"thank you good bye
"
thankyou,"thank you good bye
"
thankyou,"thank you good bye
"
thankyou,"thank you good bye
"
thankyou,"thank you good bye
"
thankyou,"thank you goodbye
"
thankyou,"thank you good bye
"
thankyou,"thank you good bye
"
thankyou,"thank you goodbye
"
thankyou,"thank you good bye
"
thankyou,"thank you good bye
"
thankyou,"thank you good bye
"
thankyou,"thank you good bye
"
thankyou,"thank you good bye
"
thankyou,"thank you good bye
"
thankyou,"thank you good bye
"
thankyou,"thank you
"
thankyou,"thank you
"
thankyou,"thank you
"
thankyou,"thank you good b
"
thankyou,"thank you good bye
"
thankyou,"thank you good bye
"
thankyou,"thank you good bye
"
thankyou,"thank you good bye
"
thankyou,"thank you good bye
"
thankyou,"thank you good bye
"
thankyou,"thank you good bye
"
thankyou,"okay thank you good bye
"
thankyou,"thank you good bye
"
thankyou,"thank you good bye
"
thankyou,"thank you good bye
"
thankyou,"thank you good bye
"
thankyou,"okay thank you
"
thankyou,"thank you bye
"
thankyou,"thank you good bye
"
thankyou,"thank you good bye
"
thankyou,"thank you good bye
"
thankyou,"thank you good bye
"
thankyou,"thank you goodbye
"
thankyou,"thank you
"
thankyou,"thank you good bye
"
thankyou,"thank you good bye
"
thankyou,"thank you good bye
"
thankyou,"thank you goodbye
"
thankyou,"thank you good bye
"
thankyou,"thank you good bye
"
thankyou,"thank you good bye
"
thankyou,"thank you good bye
"
thankyou,"thank you good bye
"
thankyou,"thank you good bye
"
thankyou,"thank you good bye
"
thankyou,"thank you good bye
"
thankyou,"thank you good bye
"
thankyou,"thank you goodbye
"
thankyou,"thank you good bye
"
thankyou,"uh thank you good bye
"
thankyou,"thank you good bye
"
thankyou,"thank you
"
thankyou,"thank you goodbye
"
thankyou,"thank you good bye
"
thankyou,"thank you good bye
"
thankyou,"thank you good bye
"
thankyou,"alright thank you thats it
"
thankyou,"alright thank you good
"
thankyou,"thank you
"
thankyou,"okay thank you good bye
"
thankyou,"thank you goodbye
"
thankyou,"thank you goodbye
"
thankyou,"very good thank you bye bye
"
thankyou,"thank you good bye
"
thankyou,"thank you good bye
"
thankyou,"thank you good bye
"
thankyou,"thank you good bye
"
thankyou,"thank you goodbye
"
thankyou,"thank you good bye
"
thankyou,"thank you good bye
"
thankyou,"thank you good bye
"
thankyou,"thank you goodbye
"
thankyou,"thank you good bye
"
thankyou,"thank you good bye
"
thankyou,"thank you good bye
"
thankyou,"thank you good bye
"
thankyou,"thank you good bye
"
thankyou,"thank you good bye
"
thankyou,"thank you good bye
"
thankyou,"thank you goodbye
"
thankyou,"thank you good bye
"
thankyou,"thank you good bye
"
thankyou,"ok thanks goodbye
"
thankyou,"thank you good bye
"
thankyou,"thank you good bye
"
thankyou,"thank you good bye
"
thankyou,"water cherries thank you good bye
"
thankyou,"thank you good bye
"
thankyou,"thank you good bye
"
thankyou,"thank you good bye
"
thankyou,"thank you good bye
"
thankyou,"thank you good bye
"
thankyou,"thank you good bye
"
thankyou,"thank you good bye
"
thankyou,"thank you good bye
"
thankyou,"thank you good bye
"
thankyou,"thank you good bye
"
thankyou,"thank you good bye
"
thankyou,"thank you goodbye
"
thankyou,"thank you good bye
"
thankyou,"thank you good bye
"
thankyou,"thank you goodbye
"
thankyou,"thank you good bye
"
thankyou,"thank you good bye
"
thankyou,"goodbye thank you
"
thankyou,"thank you good bye
"
thankyou,"thank you good bye
"
thankyou,"thank you goodbye
"
thankyou,"thank you good bye
"
thankyou,"thank you goodbye
"
thankyou,"thank you goodbye
"
thankyou,"thank you good bye
"
thankyou,"thank you good bye
"
thankyou,"thank you good bye
"
thankyou,"thank you good bye
"
thankyou,"thank you good bye
"
thankyou,"thank you good bye
"
thankyou,"thank you good bye
"
thankyou,"thank you good bye
"
thankyou,"thank you goodbye
"
thankyou,"thank you good bye
"
thankyou,"thank you good bye
"
thankyou,"thank you good bye
"
thankyou,"thank you good bye
"
thankyou,"thank you good bye
"
thankyou,"thank you good bye
"
thankyou,"thank you good bye
"
thankyou,"thank you good bye
"
thankyou,"thank you goodbye
"
thankyou,"thank you good bye
"
thankyou,"thank you good bye
"
thankyou,"thank you good bye
"
thankyou,"thank you good bye
"
thankyou,"thank you good bye
"
thankyou,"thank you good bye
"
thankyou,"okay thank you
"
thankyou,"thank you good bye
"
thankyou,"thank you good bye
"
thankyou,"thank you good bye
"
thankyou,"thank you good bye
"
thankyou,"thank you good bye
"
thankyou,"thank you good bye
"
thankyou,"i know thank you goodbye
"
thankyou,"thank you good bye
"
thankyou,"thank you good bye
"
thankyou,"thank you good bye
"
thankyou,"and i think thatll do it thank you good bye
"
thankyou,"thank you good bye
"
thankyou,"thank you good bye
"
thankyou,"thank you good bye
"
thankyou,"thank you goodbye
"
thankyou,"thank you good bye
"
thankyou,"thank you good bye
"
thankyou,"thank you goodbye
"
thankyou,"okay thank you bye
"
thankyou,"thank you good bye
"
thankyou,"thank you good bye
"
thankyou,"thank you good bye
"
thankyou,"thank you good bye
"
thankyou,"thank you good bye
"
thankyou,"thank you
"
thankyou,"thank you good bye
"
thankyou,"thank you
"
thankyou,"thank you good bye
"
thankyou,"thank you good bye
"
thankyou,"thank you good bye
"
thankyou,"thank you goodbye
"
thankyou,"thank you good bye
"
thankyou,"thank you
"
thankyou,"thank you good bye
"
thankyou,"thank you
"
thankyou,"thank you good bye
"
thankyou,"thank you good bye
"
thankyou,"thank you goodbye
"
thankyou,"thank you goodbye
"
thankyou,"thank you good bye
"
thankyou,"thank you and good bye
"
thankyou,"thank you goodbye
"
thankyou,"thank you good bye
"
thankyou,"thank you good bye
"
thankyou,"thank you good bye
"
thankyou,"thank you good bye
"
thankyou,"thank you good bye
"
thankyou,"thank you goodbye
"
thankyou,"thank you good bye
"
thankyou,"thank you good bye
"
thankyou,"thank you good bye
"
thankyou,"thank you good bye
"
thankyou,"thank you good bye
"
thankyou,"thank you good bye
"
thankyou,"thank you good bye
"
thankyou,"thank you good bye
"
thankyou,"thank you good bye
"
thankyou,"thank you good bye
"
thankyou,"thank you good bye
"
thankyou,"thank you good bye
"
thankyou,"thank you good bye
"
thankyou,"thank you good bye
"
thankyou,"thank you good bye
"
thankyou,"thank you goodbye
"
thankyou,"thank you good bye
"
thankyou,"thank you good bye
"
thankyou,"thank you good bye
"
thankyou,"thank you good bye
"
thankyou,"thank you good bye
"
thankyou,"thank you goodbye
"
thankyou,"thank you good bye
"
thankyou,"thank you good bye
"
thankyou,"thank you good bye
"
thankyou,"thank you good bye
"
thankyou,"thank you good bye
"
thankyou,"thank you good bye
"
thankyou,"thank you good bye
"
thankyou,"thank you good bye
"
thankyou,"thank you good bye
"
thankyou,"thank you good bye
"
thankyou,"thank you good bye
"
thankyou,"thank you good bye
"
thankyou,"thank you
"
thankyou,"thank you good bye
"
thankyou,"thank you good bye
"
thankyou,"thank you good bye
"
thankyou,"thank you good bye
"
thankyou,"thank you good bye
"
thankyou,"thank you goodbye
"
thankyou,"thank you good bye
"
thankyou,"thank you
"
thankyou,"thank you good bye
"
thankyou,"thank you good bye
"
thankyou,"thank you
"
thankyou,"thank you good bye
"
thankyou,"thank you good bye
"
thankyou,"thank you good bye
"
thankyou,"thank you good bye
"
thankyou,"thank you good bye
"
thankyou,"thank you goodbye
"
thankyou,"thank you good bye
"
thankyou,"thank you good bye
"
thankyou,"thank you good bye
"
thankyou,"thank you good bye
"
thankyou,"thank you good bye
"
thankyou,"thank you goodbye
"
thankyou,"thank you good bye
"
thankyou,"thank you goodbye
"
thankyou,"kay thank you goodbye
"
thankyou,"thank you good bye
"
thankyou,"thank you good bye
"
thankyou,"thank you good bye
"
thankyou,"thank you good bye
"
thankyou,"thank you good bye
"
thankyou,"thank you good bye
"
thankyou,"thank you good bye
"
thankyou,"thank you good bye
"
thankyou,"thank you good bye
"
thankyou,"thank you good bye
"
thankyou,"thank you good bye
"
thankyou,"thank you goodbye
"
thankyou,"thank you good bye
"
thankyou,"thank you good bye
"
thankyou,"thank you good bye
"
thankyou,"thank you good bye
"
thankyou,"thank you good bye
"
thankyou,"thank you good bye
"
thankyou,"thank you good bye
"
thankyou,"thank you good bye
"
thankyou,"thank you good bye
"
thankyou,"thank you good bye
"
thankyou,"thank you
"
thankyou,"thank you good bye
"
thankyou,"thank you good bye
"
thankyou,"thank you goodbye
"
thankyou,"thank you
"
thankyou,"thank you good bye
"
thankyou,"thank you good bye
"
thankyou,"thank you
"
thankyou,"thank you good bye
"
thankyou,"thank you good bye
"
thankyou,"thank you good bye
"
thankyou,"thank you good bye
"
thankyou,"thank you good bye
"
thankyou,"thank you good bye
"
thankyou,"uh thank you
"
thankyou,"thank you good bye
"
thankyou,"thank you good bye
"
thankyou,"thank you good bye
"
thankyou,"thank you goodbye
"
thankyou,"thank you goodbye
"
thankyou,"thank you good bye
"
thankyou,"thank you good bye
"
thankyou,"thank you good bye
"
thankyou,"thank you good bye
"
thankyou,"thank you good bye
"
thankyou,"thank you good bye
"
thankyou,"okay thank you good bye
"
thankyou,"thank you good bye
"
thankyou,"thank you good bye
"
thankyou,"thank you good bye
"
thankyou,"thank you good bye
"
thankyou,"thank you goodbye
"
thankyou,"thank you good bye
"
thankyou,"thank you good bye
"
thankyou,"thank you good bye
"
thankyou,"thank you good bye
"
thankyou,"thank you good bye
"
thankyou,"thank you good bye
"
thankyou,"thank you good bye
"
thankyou,"thank you good bye
"
thankyou,"thank you good bye
"
thankyou,"thank you good bye
"
thankyou,"thank you good bye
"
thankyou,"thank you good bye
"
thankyou,"thank you good bye
"
thankyou,"okay thank you
"
thankyou,"thank you goodbye
"
thankyou,"thank you good bye
"
thankyou,"thank you good bye
"
thankyou,"thank you good bye
"
thankyou,"thank you good bye
"
thankyou,"thank you good bye
"
thankyou,"thank you good bye
"
thankyou,"thank you
"
thankyou,"thank you good bye
"
thankyou,"thank you good bye
"
thankyou,"thank you good bye
"
thankyou,"thank you good bye
"
thankyou,"thank you good bye
"
thankyou,"thank you goodbye
"
thankyou,"thank you goodbye
"
thankyou,"thank you good bye
"
thankyou,"thank you goodbye
"
thankyou,"thank you good bye
"
thankyou,"thank you good bye
"
thankyou,"thank you good bye
"
thankyou,"thank you good bye
"
thankyou,"thank you good bye
"
thankyou,"thank you good bye
"
thankyou,"thank you good bye
"
thankyou,"thank you good bye
"
thankyou,"thank you good bye
"
thankyou,"okay thank you good bye
"
thankyou,"thank you good bye
"
thankyou,"thank you good bye
"
thankyou,"thank you good bye
"
thankyou,"thank you good bye
"
thankyou,"thank you good bye
"
thankyou,"thank you good bye
"
thankyou,"thank you good bye
"
thankyou,"thank you good bye
"
thankyou,"thank you good bye
"
thankyou,"thank you good bye
"
thankyou,"thank you good bye
"
thankyou,"thank you good bye
"
thankyou,"thank you good bye
"
thankyou,"thank you good bye
"
thankyou,"thank you goodbye
"
thankyou,"thank you good bye
"
thankyou,"thank you good bye
"
thankyou,"thank you good bye
"
thankyou,"thank you good bye
"
thankyou,"thank you good bye
"
thankyou,"thank you good bye
"
thankyou,"thank you good bye
"
thankyou,"thank you good bye
"
thankyou,"thank you good bye
"
thankyou,"thank you good bye
"
thankyou,"thank you good bye
"
thankyou,"thank you goodbye
"
thankyou,"thank you good bye
"
thankyou,"thank you good bye
"
thankyou,"thank you good bye
"
thankyou,"thank you good bye
"
thankyou,"thank you good bye
"
thankyou,"thank you good bye
"
thankyou,"thank you good bye
"
thankyou,"thank you good bye
"
thankyou,"thank you goodbye
"
thankyou,"thank you is there anything else
"
thankyou,"thank you goodbye
"
thankyou,"thank you good bye
"
thankyou,"thank you good bye
"
thankyou,"thank you good bye
"
thankyou,"thank you
"
thankyou,"thank you good bye
"
thankyou,"thank you goodbye
"
thankyou,"thank you good bye
"
thankyou,"thank you good bye
"
thankyou,"thank you good bye
"
thankyou,"thank you goodbye
"
thankyou,"thank you good bye
"
thankyou,"thank you good bye
"
thankyou,"thank you good bye
"
thankyou,"thank you good bye
"
thankyou,"thank you good bye
"
thankyou,"okay thank you good bye
"
thankyou,"thank you good bye
"
thankyou,"thank you goodbye
"
thankyou,"thank you good bye
"
thankyou,"breath thank you goodbye
"
thankyou,"thank you good bye
"
thankyou,"thank you good bye
"
thankyou,"okay thank you good bye
"
thankyou,"thank you good bye
"
thankyou,"thank you good bye
"
thankyou,"thank you good bye
"
thankyou,"thank you good bye
"
thankyou,"thank you goodbye
"
thankyou,"thank you
"
thankyou,"thank you good bye
"
thankyou,"thank you good bye
"
thankyou,"thank you good bye
"
thankyou,"thank you goodbye
"
thankyou,"thank you good bye
"
thankyou,"thank you goodbye
"
thankyou,"thank you goodbye
"
thankyou,"okay thank you good bye
"
thankyou,"thank you good bye
"
thankyou,"thank you good bye
"
thankyou,"thank you good bye
"
thankyou,"thank you good bye
"
thankyou,"thank you good bye
"
thankyou,"thank you good bye
"
thankyou,"thank you good bye
"
thankyou,"thank you good bye
"
thankyou,"thank you good bye
"
thankyou,"thank you good bye
"
thankyou,"thank you good bye
"
thankyou,"thank you goodbye
"
thankyou,"thank you good bye
"
thankyou,"thank you good bye
"
thankyou,"thank you good bye
"
thankyou,"thank you good bye
"
thankyou,"thank you good bye
"
thankyou,"thank you good bye
"
thankyou,"thank you good bye
"
thankyou,"thank you good bye
"
thankyou,"thank you good bye
"
thankyou,"thank you goodbye
"
thankyou,"thank you good bye
"
thankyou,"thank you good bye
"
thankyou,"thank you good bye
"
thankyou,"thank you good bye
"
thankyou,"thank you good bye
"
thankyou,"thank you goodbye
"
thankyou,"thank you goodbye
"
thankyou,"thank you goodbye
"
thankyou,"thank you goodbye
"
thankyou,"thank you good bye
"
thankyou,"okay thank you good bye
"
thankyou,"thank you good bye
"
thankyou,"thank you good bye
"
thankyou,"thank you good bye
"
thankyou,"thank you good bye
"
thankyou,"thank you good bye
"
thankyou,"thank you
"
thankyou,"thank you
"
thankyou,"thank you
"
thankyou,"thank you good bye
"
thankyou,"thank you
"
thankyou,"thank you good bye
"
thankyou,"thank you good bye
"
thankyou,"thank you good bye
"
thankyou,"thank you
"
thankyou,"thank you good bye
"
thankyou,"thank you good bye
"
thankyou,"thank you good bye
"
thankyou,"thank you good bye
"
thankyou,"thank you good bye
"
thankyou,"thank you good bye
"
thankyou,"thank you good bye
"
thankyou,"thank you good bye
"
thankyou,"thank you good bye
"
thankyou,"thank you good bye
"
thankyou,"thank you good bye
"
thankyou,"thank you good bye
"
thankyou,"thank you goodbye
"
thankyou,"thank you good bye
"
thankyou,"thank you good bye
"
thankyou,"thank you good bye
"
thankyou,"thank you good bye
"
thankyou,"thank you good bye
"
thankyou,"thank you good bye
"
thankyou,"thank you goodbye
"
thankyou,"thank you good bye
"
thankyou,"thank you good bye
"
thankyou,"thank you good bye
"
thankyou,"thank you good bye
"
thankyou,"thank you good bye
"
thankyou,"thank you good bye
"
thankyou,"thank you good bye
"
thankyou,"thank you good bye
"
thankyou,"thank you good bye
"
thankyou,"thank you good bye
"
thankyou,"thank you good bye
"
thankyou,"thank you good bye
"
thankyou,"thank you goodbye
"
thankyou,"thank you good bye
"
thankyou,"thank you good bye
"
thankyou,"thank you good bye
"
thankyou,"okay but im going to nandos thank you good bye
"
thankyou,"thank you good bye
"
thankyou,"thank you
"
thankyou,"thank you
"
thankyou,"thank you good bye
"
thankyou,"thank you good bye
"
thankyou,"thank you good bye
"
thankyou,"thank you good bye
"
thankyou,"thank you good bye
"
thankyou,"thank you good bye
"
thankyou,"thank you good bye
"
thankyou,"thank you goodbye
"
thankyou,"thank you good bye
"
thankyou,"thank you good bye
"
thankyou,"thank you
"
thankyou,"thank you good bye
"
thankyou,"thank you good bye
"
thankyou,"thank you goodbye
"
thankyou,"thank you good bye
"
thankyou,"thank you good bye
"
thankyou,"thank you good bye
"
thankyou,"thank you good bye
"
thankyou,"thank you good bye
"
thankyou,"thank you good bye
"
thankyou,"thank you good bye
"
thankyou,"thank you good bye
"
thankyou,"thank you good bye
"
thankyou,"thank you good bye
"
thankyou,"thank you bye
"
thankyou,"thank you good bye
"
thankyou,"thank you goodbye
"
thankyou,"thank you good bye
"
thankyou,"thank you good bye
"
thankyou,"thank you good bye
"
thankyou,"thank you goodbye
"
thankyou,"thank you goodbye
"
thankyou,"thank you good bye
"
thankyou,"thank you good bye
"
thankyou,"thank you good bye
"
thankyou,"thank you good bye
"
thankyou,"thank you good bye
"
thankyou,"thank you good bye
"
thankyou,"thank you good bye
"
thankyou,"thank you goodbye
"
thankyou,"thank you good bye
"
thankyou,"thank you
"
thankyou,"thank you good bye
"
thankyou,"thank you good bye
"
thankyou,"uh thank you and goodbye
"
thankyou,"thank you good bye
"
thankyou,"thank you good bye
"
thankyou,"thank you good bye
"
thankyou,"thank you good bye
"
thankyou,"thank you good bye
"
thankyou,"thank you
"
thankyou,"thank you good bye
"
thankyou,"thank you good bye
"
thankyou,"thank you good bye
"
thankyou,"thank you good bye
"
thankyou,"thank you goodbye
"
thankyou,"thank you good bye
"
thankyou,"thank you good bye
"
thankyou,"thank you good bye
"
thankyou,"thank you good bye
"
thankyou,"thank you good bye
"
thankyou,"thank you good bye
"
thankyou,"thank you good bye
"
thankyou,"thank you good bye
"
thankyou,"thank you good bye
"
thankyou,"thank you good bye
"
thankyou,"thank you good bye
"
thankyou,"thank you good bye
"
thankyou,"thank you good bye
"
thankyou,"thank you good bye
"
thankyou,"thank you good bye
"
thankyou,"thank you goodbye
"
thankyou,"thank you good bye
"
thankyou,"okay thank you good bye
"
thankyou,"thank you good bye
"
thankyou,"thank you good bye
"
thankyou,"thank you good bye
"
thankyou,"thank you goodbye
"
thankyou,"thank you goodbye
"
thankyou,"thank you good bye
"
thankyou,"thank you
"
thankyou,"thank you good bye
"
thankyou,"thank you good bye
"
thankyou,"thank you good bye
"
thankyou,"thank you good bye
"
thankyou,"thank you good bye
"
thankyou,"thank you good bye
"
thankyou,"thank you good bye
"
thankyou,"thank you goodbye
"
thankyou,"thank you goodbye
"
thankyou,"thank you good bye
"
thankyou,"thank you good bye
"
thankyou,"thank you good bye
"
thankyou,"thank you good bye
"
thankyou,"thank you good bye
"
thankyou,"thank you good bye
"
thankyou,"thank you goodbye
"
thankyou,"thank you good bye
"
thankyou,"thank you good bye
"
thankyou,"thank you goodbye
"
thankyou,"thank you good bye
"
thankyou,"thank you good bye
"
thankyou,"thank you good bye
"
thankyou,"thank you good bye
"
thankyou,"thank you good bye
"
thankyou,"thank you good bye
"
thankyou,"thank you good bye
"
thankyou,"thank you good bye
"
thankyou,"thank you good bye
"
thankyou,"thank you good bye
"
thankyou,"thank you good bye
"
thankyou,"thank you good bye
"
thankyou,"thank you good bye
"
thankyou,"thank you good bye
"
thankyou,"thank you good bye
"
thankyou,"thank you good bye
"
thankyou,"thank you good bye
"
thankyou,"thank you good bye
"
thankyou,"thank you good bye
"
thankyou,"thank you good bye
"
thankyou,"thank you good bye
"
thankyou,"thank you good bye
"
thankyou,"thank you goodbye
"
thankyou,"thank you good bye
"
thankyou,"thank you good bye
"
thankyou,"breath thank you goodbye
"
thankyou,"thank you goodbye
"
thankyou,"okay thank you good bye
"
thankyou,"thank you goodbye
"
thankyou,"thank you goodbye
"
thankyou,"thank you goodbye
"
thankyou,"thank you good bye
"
thankyou,"thank you good bye
"
thankyou,"thank you goodbye
"
thankyou,"thank you good bye
"
thankyou,"thank you good bye
"
thankyou,"thank you good bye
"
thankyou,"thank you good bye
"
thankyou,"thank you good bye
"
thankyou,"thank you good bye
"
thankyou,"thank you good bye
"
thankyou,"thank you good bye
"
thankyou,"thank you good bye
"
thankyou,"thank you good bye
"
thankyou,"thank you good bye
"
thankyou,"thank you good bye
"
thankyou,"thank you goodbye
"
thankyou,"thank you good bye
"
thankyou,"thank you good bye
"
thankyou,"thank you good bye
"
thankyou,"thank you good bye
"
thankyou,"thank you
"
thankyou,"thank you good bye
"
thankyou,"thank you
"
thankyou,"thank you goodbye
"
thankyou,"thank you good bye
"
thankyou,"thank you good bye
"
thankyou,"thank you good bye
"
thankyou,"thank you good bye
"
thankyou,"thank you good bye
"
thankyou,"thank you goodbye
"
thankyou,"thank you good bye
"
thankyou,"thank you good bye
"
thankyou,"thank you good bye
"
thankyou,"thank you goodbye
"
thankyou,"thank you goodbye
"
thankyou,"thank you
"
thankyou,"thank you good bye
"
thankyou,"thank you good bye
"
thankyou,"thank you
"
thankyou,"thank you good bye
"
thankyou,"thank you good bye
"
thankyou,"thank you good bye
"
thankyou,"thank you good bye
"
thankyou,"thank you good bye
"
thankyou,"thank you good bye
"
thankyou,"thank you good bye
"
thankyou,"thank you good bye
"
thankyou,"thank you good bye
"
thankyou,"thank you good bye
"
thankyou,"thank you good bye
"
thankyou,"thank you good bye
"
thankyou,"thank you good bye
"
thankyou,"thank you good bye
"
thankyou,"thank you goodbye
"
thankyou,"thank you good bye
"
thankyou,"thank you good bye
"
thankyou,"thank you good bye
"
thankyou,"thank you goodbye
"
thankyou,"thank you good bye
"
thankyou,"thank you good bye
"
thankyou,"thank you good bye
"
thankyou,"thank you good bye
"
thankyou,"thank you good bye
"
thankyou,"thank you good bye
"
thankyou,"thank you good bye
"
thankyou,"thank you goodbye noise thank you goodbye
"
thankyou,"thank you good bye
"
thankyou,"thank you good bye
"
thankyou,"thank you good bye
"
thankyou,"thank you goodbye
"
thankyou,"thank you good bye
"
thankyou,"thank you good bye
"
thankyou,"thank you good bye
"
thankyou,"thank you good bye
"
thankyou,"thank you good bye
"
thankyou,"okay thank you good bye
"
thankyou,"thank you good bye
"
thankyou,"thank you good bye
"
thankyou,"thank you good bye
"
thankyou,"thank you good bye
"
thankyou,"thank you
"
thankyou,"sorry about my mistakes thank you good bye
"
thankyou,"thank you goodbye
"
thankyou,"thank you goodbye
"
thankyou,"ah thank you goodbye
"
thankyou,"thank you goodbye
"
thankyou,"thank you good bye
"
thankyou,"thank you good bye
"
thankyou,"thank you good bye
"
thankyou,"thank you good bye
"
thankyou,"thank you good bye
"
thankyou,"thank you goodbye
"
thankyou,"thank you good bye
"
thankyou,"thank you goodbye
"
thankyou,"thank you good bye
"
thankyou,"thank you goodbye
"
thankyou,"thank you good bye
"
thankyou,"thank you good bye
"
thankyou,"thank you good bye
"
thankyou,"thank you good bye
"
thankyou,"thank you good bye
"
thankyou,"thank you good bye
"
thankyou,"thank you good bye
"
thankyou,"thank you good bye
"
thankyou,"thank you good bye
"
thankyou,"thank you good bye
"
thankyou,"thank you good bye
"
thankyou,"thank you good bye
"
thankyou,"thank you good bye
"
thankyou,"thank you goodbye
"
thankyou,"thank you good bye
"
thankyou,"thank you good bye
"
thankyou,"thank you good bye
"
thankyou,"thank you good bye
"
thankyou,"thank you good bye
"
thankyou,"thank you good bye
"
thankyou,"thank you good bye
"
thankyou,"thank you good bye
"
thankyou,"thank you good bye
"
thankyou,"thank you good bye
"
thankyou,"thank you good bye
"
thankyou,"thank you good bye
"
thankyou,"thank you goodbye
"
thankyou,"thank you good bye
"
thankyou,"thank you good bye
"
thankyou,"thank you good bye
"
thankyou,"thank you good bye
"
thankyou,"okay thank you good bye
"
thankyou,"thank you good bye
"
thankyou,"thank you noise
"
thankyou,"thank you
"
thankyou,"thank you good bye
"
thankyou,"thank you good bye
"
thankyou,"thank you good bye
"
thankyou,"thank you
"
thankyou,"thank you good bye
"
thankyou,"thank you good bye
"
thankyou,"thank you goodbye
"
thankyou,"thank you good bye
"
thankyou,"thank you good bye
"
thankyou,"thank you goodbye
"
thankyou,"thank you good bye
"
thankyou,"thank you good bye
"
thankyou,"thank you good bye
"
thankyou,"thank you good bye
"
thankyou,"thank you good bye
"
thankyou,"thank you good bye
"
thankyou,"thank you good bye
"
thankyou,"thank you good bye
"
thankyou,"thank you good bye
"
thankyou,"thank you good bye
"
thankyou,"thank you good bye
"
thankyou,"thank you good bye
"
thankyou,"thank you good bye
"
thankyou,"thank you good bye
"
thankyou,"thank you good bye
"
thankyou,"thank you good bye
"
thankyou,"thank you goodbye
"
thankyou,"thank you goodbye
"
thankyou,"thank you good bye
"
thankyou,"thank you good bye
"
thankyou,"thank you good bye
"
thankyou,"thank you good bye
"
thankyou,"thank you good bye
"
thankyou,"thank you good bye
"
thankyou,"thank you good bye
"
thankyou,"thank you good bye
"
thankyou,"thank you good bye
"
thankyou,"thank you good bye
"
thankyou,"thank you good bye
"
thankyou,"okay thank you good bye
"
thankyou,"thank you good bye
"
thankyou,"noise thank you good bye
"
thankyou,"thank you good bye
"
thankyou,"thank you good bye
"
thankyou,"thank you goodbye
"
thankyou,"thank you good bye
"
thankyou,"thank you good bye
"
thankyou,"thank you good bye
"
thankyou,"thank you good bye
"
thankyou,"thank you goodbye
"
thankyou,"thank you good bye
"
thankyou,"thank you good bye
"
thankyou,"thank you good bye
"
thankyou,"thank you goodbye
"
thankyou,"thank you good bye
"
thankyou,"thank you good bye
"
thankyou,"thank you good bye
"
thankyou,"thank you good bye
"
thankyou,"thank you goodbye
"
thankyou,"thank you good bye
"
thankyou,"thank you goodbye
"
thankyou,"thank you good bye
"
thankyou,"thank you good bye
"
thankyou,"thank you goodbye
"
thankyou,"thank you goodbye
"
thankyou,"thank you goodbye
"
thankyou,"thank you good bye
"
thankyou,"thank you good bye
"
thankyou,"thank you goodbye
"
thankyou,"thank you goodbye
"
thankyou,"thank you goodbye
"
thankyou,"thank you good bye
"
thankyou,"thank you good bye
"
thankyou,"thank you good bye
"
thankyou,"thank you good bye
"
thankyou,"thank you good bye
"
thankyou,"thank you good bye
"
thankyou,"thank you goodbye
"
thankyou,"thank you good bye
"
thankyou,"thank you goodbye
"
thankyou,"thank you good bye
"
thankyou,"thank you good bye
"
thankyou,"thank you good bye
"
thankyou,"thank you good bye
"
thankyou,"uh okay thank you good bye
"
thankyou,"thank you good bye
"
thankyou,"thank you good bye
"
thankyou,"thank you good bye
"
thankyou,"thank you good bye
"
thankyou,"thank you good bye
"
thankyou,"thank you good bye
"
thankyou,"thank you good bye
"
thankyou,"thank you good bye
"
thankyou,"thank you good bye
"
thankyou,"thank you good bye
"
thankyou,"thank you good bye
"
thankyou,"thank you good bye
"
thankyou,"thank you good bye
"
thankyou,"thank you good bye
"
thankyou,"thank you good bye
"
thankyou,"thank you good bye
"
thankyou,"thank you good bye
"
thankyou,"thank you good bye
"
thankyou,"thank you goodbye
"
thankyou,"thank you good bye
"
thankyou,"thank you good bye
"
thankyou,"thank you
"
thankyou,"thank you good bye
"
thankyou,"thank you good bye
"
thankyou,"thank you good bye
"
thankyou,"thank you good bye
"
thankyou,"thank you good bye
"
thankyou,"thank you good bye
"
thankyou,"thank you good bye
"
thankyou,"thank you goodbye
"
thankyou,"thank you goodbye
"
thankyou,"unintelligible thank you goodbye
"
thankyou,"thank you goodbye
"
thankyou,"thank you good bye
"
thankyou,"thank you good bye
"
thankyou,"thank you goodbye
"
thankyou,"thank you goodbye
"
thankyou,"thank you goodbye
"
thankyou,"thank you good bye
"
thankyou,"thank you good bye
"
thankyou,"thank you good bye
"
thankyou,"thank you and good bye
"
thankyou,"thank you good bye
"
thankyou,"thank you good bye
"
thankyou,"thank you good bye
"
thankyou,"thank you good bye
"
thankyou,"thank you good bye
"
thankyou,"okay thank you good bye
"
thankyou,"thank you good bye
"
thankyou,"thank you goodbye
"
thankyou,"thank you good bye
"
thankyou,"thank you good bye
"
thankyou,"thank you good bye
"
thankyou,"thank you good bye
"
thankyou,"thank you good bye
"
thankyou,"thank you good bye
"
thankyou,"thank you good bye
"
thankyou,"thank you good bye
"
thankyou,"thank you good bye
"
thankyou,"thank you good bye
"
thankyou,"thank you goodbye
"
thankyou,"thank you good bye
"
thankyou,"thank you good bye
"
thankyou,"thank you good bye
"
thankyou,"thank you good bye
"
thankyou,"thank you good bye
"
thankyou,"thank you good bye
"
thankyou,"thank you good bye
"
thankyou,"thank you
"
thankyou,"thank you good bye
"
thankyou,"okay thank you
"
thankyou,"thank you goodbye
"
thankyou,"thank you good bye
"
thankyou,"thank you good bye
"
thankyou,"thank you goodbye
"
thankyou,"thank you good bye
"
thankyou,"thank you goodbye
"
thankyou,"thank you good bye
"
thankyou,"thank you good bye
"
thankyou,"thank you good bye
"
thankyou,"thank you good bye
"
thankyou,"thank you good bye
"
thankyou,"thank you good bye
"
thankyou,"thank you good bye
"
thankyou,"thanks goodbye
"
thankyou,"thank you good bye
"
thankyou,"thank you good bye
"
thankyou,"thank you goodbye
"
thankyou,"okay thank you good bye
"
thankyou,"breath thank you goodbye
"
thankyou,"thank you good bye
"
thankyou,"thank you good bye
"
thankyou,"thank you goodbye
"
thankyou,"thank you good bye
"
thankyou,"thank you good bye
"
thankyou,"thank you good bye
"
thankyou,"thank you good bye
"
thankyou,"thank you good bye
"
thankyou,"thank you good bye
"
thankyou,"thank you good bye
"
thankyou,"thank you good bye
"
thankyou,"thank you good bye
"
thankyou,"uh thank you good bye
"
thankyou,"thank you good bye
"
thankyou,"thank you good bye
"
thankyou,"thank you good bye
"
thankyou,"thank you good bye
"
thankyou,"thank you
"
thankyou,"thank you goodbye
"
thankyou,"thank you good bye
"
thankyou,"thank you good bye
"
thankyou,"thank you good bye
"
thankyou,"thank you goodbye
"
thankyou,"thank you good bye
"
thankyou,"thank you good bye
"
thankyou,"thank you good bye
"
thankyou,"thank you good bye
"
thankyou,"thank you good bye
"
thankyou,"thank you good bye
"
thankyou,"thank you good bye
"
thankyou,"thank you good bye
"
thankyou,"thank you good bye
"
thankyou,"thank you goodbye
"
thankyou,"thank you good bye
"
thankyou,"thank you bye
"
thankyou,"thank you good bye
"
thankyou,"thank you good bye
"
thankyou,"thank you good bye
"
thankyou,"thank you good bye
"
thankyou,"thank you good bye
"
thankyou,"thank you good bye
"
thankyou,"thank you goodbye
"
thankyou,"okay thank you good bye
"
thankyou,"thank you good bye
"
thankyou,"thank you goodbye
"
thankyou,"thank you good bye
"
thankyou,"thank you good bye
"
thankyou,"thank you good bye
"
thankyou,"thank you goodbye
"
thankyou,"thank you good bye
"
thankyou,"thank you good bye
"
thankyou,"thank you good bye
"
thankyou,"thank you good bye
"
thankyou,"thank you good bye
"
thankyou,"thank you good bye
"
thankyou,"thank you good bye
"
thankyou,"thank you
"
thankyou,"thank you good bye
"
thankyou,"thank you good bye
"
thankyou,"thank you goodbye
"
thankyou,"thank you goodbye
"
thankyou,"thank you good bye
"
thankyou,"thank you good bye
"
thankyou,"thank you good bye
"
thankyou,"thank you good bye
"
thankyou,"thank you good bye
"
thankyou,"thank you good bye
"
thankyou,"thank you bye
"
thankyou,"thank you good bye
"
thankyou,"thank you good bye
"
thankyou,"thank you good bye
"
thankyou,"thank you good bye
"
thankyou,"thank you good bye
"
thankyou,"thank you good bye
"
thankyou,"thank you good bye
"
thankyou,"thank you good bye
"
thankyou,"thank you
"
thankyou,"thank you good bye
"
thankyou,"thank you good bye
"
thankyou,"thank you good bye
"
thankyou,"thank you good bye
"
thankyou,"uh thank you good bye
"
thankyou,"thank you good bye
"
thankyou,"thank you good bye
"
thankyou,"thank you good bye
"
thankyou,"thank you good bye
"
thankyou,"thank you good bye
"
thankyou,"thank you good bye
"
thankyou,"thank you goodbye
"
thankyou,"thank you good bye
"
thankyou,"thank you good bye
"
thankyou,"thank you good bye
"
thankyou,"thank you good bye
"
thankyou,"noise thank you good bye
"
thankyou,"thank you goodbye
"
thankyou,"thank you good bye
"
thankyou,"thank you good bye
"
thankyou,"thank you good bye
"
thankyou,"thank you goodbye
"
thankyou,"thank you good bye
"
thankyou,"thank you good bye
"
thankyou,"thank you good bye
"
thankyou,"thank you good bye
"
thankyou,"thank you good bye
"
thankyou,"thank you good bye
"
thankyou,"thank you good bye
"
thankyou,"thank you goodbye
"
thankyou,"thank you good bye
"
thankyou,"thank you good bye
"
thankyou,"thank you good bye
"
thankyou,"thank you goodbye
"
thankyou,"thank you good bye
"
thankyou,"thank you goodbye
"
thankyou,"thank you good bye
"
thankyou,"thank you good bye
"
thankyou,"thank you good bye
"
thankyou,"thank you good bye
"
thankyou,"thank you good bye
"
thankyou,"thank you good bye
"
thankyou,"okay thank you good bye
"
thankyou,"thank you good bye
"
thankyou,"thank you good bye
"
thankyou,"thank you good bye
"
thankyou,"thank you goodbye
"
thankyou,"thank you good bye
"
thankyou,"thank you good bye
"
thankyou,"thank you good bye
"
thankyou,"thank you good bye
"
thankyou,"thank you good bye
"
thankyou,"thank you good bye
"
thankyou,"thank you good bye
"
thankyou,"thank you good bye
"
thankyou,"thank you good bye
"
thankyou,"thank you good bye
"
thankyou,"thank you
"
thankyou,"thank you goodbye
"
thankyou,"thank you goodbye
"
thankyou,"thank you good bye
"
thankyou,"thank you goodbye
"
thankyou,"thank you good bye
"
thankyou,"thank you good bye
"
thankyou,"thank you good bye
"
thankyou,"thank you good bye
"
thankyou,"thank you
"
thankyou,"thank you good bye
"
thankyou,"thank you good bye
"
thankyou,"thank you good bye
"
thankyou,"thank you good bye
"
thankyou,"thank you good bye
"
thankyou,"thank you good bye
"
thankyou,"thank you good bye
"
thankyou,"thank you good bye
"
thankyou,"thank you good bye
"
thankyou,"thank you good bye
"
thankyou,"okay thank you good bye
"
thankyou,"thank you good bye
"
thankyou,"thank you good bye
"
thankyou,"thank you good bye
"
thankyou,"thank you good bye
"
thankyou,"thank you good bye
"
thankyou,"thank you good bye
"
thankyou,"thank you good bye
"
thankyou,"thank you good bye
"
thankyou,"thank you good bye
"
thankyou,"thank you good bye
"
thankyou,"thank you good bye
"
thankyou,"thank you good bye
"
thankyou,"thank you good bye
"
thankyou,"thank you good bye
"
thankyou,"thank you good bye
"
thankyou,"thank you good bye
"
thankyou,"thank you good bye
"
thankyou,"thank you good bye
"
thankyou,"thank you good bye
"
thankyou,"thank you good bye
"
thankyou,"thank you good bye
"
thankyou,"thank you goodbye
"
thankyou,"thank you good bye
"
thankyou,"okay thank you good bye
"
thankyou,"thank you goodbye
"
thankyou,"thank you good bye
"
thankyou,"thank you good bye
"
thankyou,"thank you good bye
"
thankyou,"thank you good bye
"
thankyou,"thank you good bye
"
thankyou,"thank you good bye
"
thankyou,"thank you good bye
"
thankyou,"thank you good bye
"
thankyou,"thank you
"
thankyou,"thank you good bye
"
thankyou,"thank you good bye
"
thankyou,"thank you goodbye
"
thankyou,"thank you goodbye
"
thankyou,"thank you goodbye
"
thankyou,"thank you bye
"
thankyou,"thank you good bye
"
thankyou,"thank you
"
thankyou,"thank you
"
thankyou,"thank you
"
thankyou,"thank you good bye
"
thankyou,"thank you goodbye
"
thankyou,"thank you good bye
"
thankyou,"thank you good bye
"
thankyou,"thank you good bye
"
thankyou,"thank you good bye
"
thankyou,"thank you good bye
"
thankyou,"thank you good bye
"
thankyou,"thank you good bye
"
thankyou,"thank you good bye
"
thankyou,"thank you good bye
"
thankyou,"thank you good bye
"
thankyou,"thank you good bye
"
thankyou,"thank you good bye
"
thankyou,"thank you goodbye
"
thankyou,"thank you good bye
"
thankyou,"thank you
"
thankyou,"thank you good bye
"
thankyou,"thank you good bye
"
thankyou,"thank you good bye
"
thankyou,"thank you good bye
"
thankyou,"thank you good bye
"
thankyou,"thank you good bye
"
thankyou,"thank you good bye
"
thankyou,"thank you good bye
"
thankyou,"thank you good bye
"
thankyou,"thank you good bye
"
thankyou,"thank you good bye
"
thankyou,"thank you good bye
"
thankyou,"thank you good bye
"
thankyou,"thank you good bye
"
thankyou,"thank you good bye
"
thankyou,"thank you goodbye
"
thankyou,"thank you good bye
"
thankyou,"thank you good bye
"
thankyou,"thank you good bye
"
thankyou,"thank you good bye
"
thankyou,"thank you good bye
"
thankyou,"thank you goodbye
"
thankyou,"thank you good bye
"
thankyou,"thank you good bye
"
thankyou,"thank you good bye
"
thankyou,"um thank you good bye
"
thankyou,"thank you good bye
"
thankyou,"thank you good bye
"
thankyou,"thank you good bye
"
thankyou,"thank you good bye
"
thankyou,"thank you good bye
"
thankyou,"thank you good bye
"
thankyou,"thank you goodbye
"
thankyou,"thank you good bye
"
thankyou,"thank you good bye
"
thankyou,"thank you good bye
"
thankyou,"thank you good bye
"
thankyou,"thank you good bye
"
thankyou,"thank you good bye
"
thankyou,"thank you good bye
"
thankyou,"thank you good bye
"
thankyou,"thank you good bye
"
thankyou,"thank you good bye
"
thankyou,"thank you good bye
"
thankyou,"thank you good bye
"
thankyou,"thank you good bye
"
thankyou,"thank you good bye
"
thankyou,"thank you good bye
"
thankyou,"thank you good bye
"
thankyou,"thank you goodbye
"
thankyou,"thank you goodbye
"
thankyou,"thank you good bye
"
thankyou,"thank you good bye
"
thankyou,"thank you good bye
"
thankyou,"and thats all thank you and good bye
"
thankyou,"thank you good bye
"
thankyou,"thank you good bye
"
thankyou,"thank you good bye
"
thankyou,"thank you good bye
"
thankyou,"thank you goodbye
"
thankyou,"thank you good bye
"
thankyou,"thank you goodbye
"
thankyou,"thank you good bye
"
thankyou,"thank you good bye
"
thankyou,"thank you good bye
"
thankyou,"thank you good bye
"
thankyou,"thank you good bye
"
thankyou,"thank you good bye
"
thankyou,"thank you good bye
"
thankyou,"thank you good bye
"
thankyou,"thank you good bye
"
thankyou,"thank you good bye
"
thankyou,"thank you good bye
"
thankyou,"okay thank you
"
thankyou,"thank you good bye
"
thankyou,"thank you good bye
"
thankyou,"thank you good bye
"
thankyou,"thank you good bye
"
thankyou,"thank you good bye
"
thankyou,"thank you good bye
"
thankyou,"okay thank you bye
"
thankyou,"thank you good bye
"
thankyou,"thank you good bye
"
thankyou,"thank you good bye
"
thankyou,"thank you
"
thankyou,"thank you
"
thankyou,"thank you good bye
"
thankyou,"thank you good bye
"
thankyou,"thank you good bye
"
thankyou,"thank you good bye
"
thankyou,"thank you good bye
"
thankyou,"thank you good bye
"
thankyou,"thank you good bye
"
thankyou,"thank you good bye
"
thankyou,"thank you good bye
"
thankyou,"thank you goodbye
"
thankyou,"thank you good bye
"
thankyou,"thank you good bye
"
thankyou,"thank you good bye
"
thankyou,"thank you good bye
"
thankyou,"thank you good bye
"
thankyou,"thank you good bye
"
thankyou,"thank you goodbye
"
thankyou,"thank you good bye
"
thankyou,"thank you good bye
"
thankyou,"thank you goodbye
"
thankyou,"thank you goodbye
"
thankyou,"thank you goodbye
"
thankyou,"thank you goodbye
"
thankyou,"thank you goodbye
"
thankyou,"thank you goodbye
"
thankyou,"thank you good bye
"
thankyou,"thank you good bye
"
thankyou,"alright thank you bye
"
thankyou,"thank you good bye
"
thankyou,"thank you good bye
"
thankyou,"thank you good bye
"
thankyou,"thank you good bye
"
thankyou,"thank you good bye
"
thankyou,"thank you good bye
"
thankyou,"thank you good bye
"
thankyou,"thank you good bye
"
thankyou,"thank you goodbye
"
thankyou,"thank you good bye
"
thankyou,"thank you good bye
"
thankyou,"thank you good bye
"
thankyou,"thank you good bye
"
thankyou,"thank you good bye
"
thankyou,"thank you good bye
"
thankyou,"thank you
"
thankyou,"thank you good bye
"
thankyou,"thank you good bye
"
thankyou,"thank you good bye
"
thankyou,"thank you
"
thankyou,"thank you good bye
"
thankyou,"thank you good bye
"
thankyou,"thank you good bye
"
thankyou,"thank you good bye
"
thankyou,"thank you good bye
"
thankyou,"thank you good bye
"
thankyou,"thank you good bye
"
thankyou,"thank you good bye
"
thankyou,"thank you good bye
"
thankyou,"thank you good bye
"
thankyou,"thank you goodbye
"
thankyou,"oh my god thank you goodbye
"
thankyou,"thank you good bye
"
thankyou,"thank you good bye
"
thankyou,"thank you good bye
"
thankyou,"thank you good bye
"
thankyou,"thank you good bye
"
thankyou,"thank you good bye
"
thankyou,"thank you good bye
"
thankyou,"thank you good bye
"
thankyou,"thank you good bye
"
thankyou,"thank you good bye
"
thankyou,"thank you good bye
"
thankyou,"thank you good bye
"
thankyou,"okay thank you
"
thankyou,"thank you goodbye
"
thankyou,"thank you goodbye
"
thankyou,"thank you good bye
"
thankyou,"thank you good bye
"
thankyou,"thank you good bye
"
thankyou,"thank you good bye
"
thankyou,"thank you good bye
"
thankyou,"thank you goodbye
"
thankyou,"thank you good bye
"
thankyou,"thank you good bye
"
thankyou,"thank you good bye
"
thankyou,"thank you good bye
"
thankyou,"thank you good bye
"
thankyou,"thank you good bye
"
thankyou,"thank you good bye
"
thankyou,"thank you good bye
"
thankyou,"thank you good bye
"
thankyou,"thank you good bye
"
thankyou,"okay thank you good bye
"
thankyou,"thank you good bye
"
thankyou,"thank you good bye
"
thankyou,"thank you good bye
"
thankyou,"thank you good bye
"
thankyou,"thank you good bye
"
thankyou,"thank you good bye
"
thankyou,"thank you goodbye
"
thankyou,"thank you goodbye
"
thankyou,"thank you good bye
"
thankyou,"thank you good bye
"
thankyou,"thank you good bye
"
thankyou,"thank you good bye
"
thankyou,"thank you goodbye
"
thankyou,"thank you good bye
"
thankyou,"thank you goodbye
"
thankyou,"thank you good bye
"
thankyou,"thank you good bye
"
thankyou,"thank you good bye
"
thankyou,"thank you good bye
"
thankyou,"thank you goodbye
"
thankyou,"thank you good bye
"
thankyou,"thank you good bye
"
thankyou,"thank you good bye
"
thankyou,"thank you good bye
"
thankyou,"thank you good bye
"
thankyou,"thank you good bye
"
thankyou,"thank you goodbye
"
thankyou,"thank you good bye
"
thankyou,"thank you good bye
"
thankyou,"thank you good bye
"
thankyou,"thank you good bye
"
thankyou,"thank you
"
thankyou,"thank you good bye
"
thankyou,"thank you goodbye
"
thankyou,"thank you good bye
"
thankyou,"thank you good bye
"
thankyou,"thank you good bye
"
thankyou,"thank you good bye
"
thankyou,"thank you good bye
"
thankyou,"thank you good bye
"
thankyou,"thank you good bye
"
thankyou,"okay thank you good bye
"
thankyou,"okay thank you good bye
"
thankyou,"thank you good bye
"
thankyou,"thank you good bye
"
thankyou,"thank you good bye
"
thankyou,"thank you good bye
"
thankyou,"thank you good bye
"
thankyou,"thank you goodbye
"
thankyou,"okay thank you good bye
"
thankyou,"thank you good bye
"
thankyou,"thank you goodbye
"
thankyou,"thank you good bye
"
thankyou,"thank you good bye
"
thankyou,"thank you good bye
"
thankyou,"thank you good bye
"
thankyou,"thank you good bye
"
thankyou,"thank you good bye
"
thankyou,"thank you good bye
"
thankyou,"thank you good bye
"
thankyou,"thank you good bye
"
thankyou,"thanks us
"
thankyou,"thank you good bye
"
thankyou,"thank you goodbye
"
thankyou,"thank you goodbye
"
thankyou,"thank you good bye
"
thankyou,"thank you good bye
"
thankyou,"um thank you goodbye
"
thankyou,"thank you good bye
"
thankyou,"thank you good bye
"
thankyou,"thank you goodbye
"
thankyou,"thank you good bye
"
thankyou,"thank you goodbye
"
thankyou,"thank you
"
thankyou,"thank you good bye
"
thankyou,"thank you good bye
"
thankyou,"thank you good bye
"
thankyou,"thank you good bye
"
thankyou,"thank you good bye
"
thankyou,"thank you good bye
"
thankyou,"thank you good bye
"
thankyou,"thank you good bye
"
thankyou,"thank you good bye
"
thankyou,"thank you good bye
"
thankyou,"thank you good bye
"
thankyou,"thank you
"
thankyou,"thank you good bye
"
thankyou,"thank you goodbye
"
thankyou,"thank you
"
thankyou,"thank you good bye
"
thankyou,"thank you good bye
"
thankyou,"thank you good bye
"
thankyou,"thank you good bye
"
thankyou,"thank you
"
thankyou,"thank you good bye
"
thankyou,"thank
"
thankyou,"thank you good bye
"
thankyou,"thank you good bye
"
thankyou,"thank you good bye
"
thankyou,"thank you good bye
"
thankyou,"thank you good bye
"
thankyou,"thank you good bye
"
thankyou,"thank you good bye
"
thankyou,"thank you good bye
"
thankyou,"thank you good bye
"
thankyou,"thank you good bye
"
thankyou,"thank you good bye
"
thankyou,"thank you good bye
"
thankyou,"thank you good bye
"
thankyou,"thank you good bye
"
thankyou,"thank you goodbye
"
thankyou,"thank you good bye
"
thankyou,"thank you good bye
"
thankyou,"thank you good bye
"
thankyou,"thank you goodbye
"
thankyou,"thank you good bye
"
thankyou,"thank you good bye
"
thankyou,"thank you good bye
"
thankyou,"thank you good bye
"
thankyou,"thank you good bye
"
thankyou,"thank you good bye
"
thankyou,"thank you good bye
"
thankyou,"thank you good bye
"
thankyou,"thank you goodbye
"
thankyou,"thank you good bye
"
thankyou,"thank you good bye
"
thankyou,"thank you good bye
"
thankyou,"thank you good bye
"
thankyou,"thank you good bye
"
thankyou,"thank you good bye
"
thankyou,"thank you good bye
"
thankyou,"thank you good bye
"
thankyou,"thank you good bye
"
thankyou,"thank you good bye
"
thankyou,"thank you good bye
"
thankyou,"thank you
"
thankyou,"thank you
"
thankyou,"thank you goodbye
"
thankyou,"thank you good bye
"
thankyou,"thank you good bye
"
thankyou,"thank you good bye
"
thankyou,"thank you good bye
"
thankyou,"breath thank you goodbye
"
thankyou,"thank you good bye
"
thankyou,"thank you good bye
"
thankyou,"thank you good bye
"
thankyou,"thank you good bye
"
thankyou,"thank you good bye
"
thankyou,"thank you good bye
"
thankyou,"thank you good bye
"
thankyou,"thank you good bye
"
thankyou,"thank you good bye
"
thankyou,"thank you good bye
"
thankyou,"thank you good bye
"
thankyou,"thank you good bye
"
thankyou,"thank you good bye
"
thankyou,"thank you good bye
"
thankyou,"thank you good bye
"
thankyou,"thank you good bye
"
thankyou,"thank you good bye
"
thankyou,"thank you good bye
"
thankyou,"thank you good bye
"
thankyou,"thank you good bye
"
thankyou,"thank you good bye
"
thankyou,"thank you good bye
"
thankyou,"thank you good bye
"
thankyou,"thank you good bye
"
thankyou,"thank you good bye
"
thankyou,"thank you good bye
"
thankyou,"thank you good bye
"
thankyou,"thank you good bye
"
thankyou,"thank you good bye
"
thankyou,"thank you good bye
"
thankyou,"thank you good bye
"
thankyou,"thank you good bye
"
thankyou,"thank you good bye
"
thankyou,"okay thank you good bye
"
thankyou,"thank you good bye
"
thankyou,"thank you good bye
"
thankyou,"thank you good bye
"
thankyou,"thank you good bye
"
thankyou,"thank you good bye
"
thankyou,"thank you
"
thankyou,"thank you
"
thankyou,"thank you
"
thankyou,"thank you goodbye
"
thankyou,"thank you good bye
"
thankyou,"thank you good bye
"
thankyou,"thank you good bye
"
thankyou,"okay thank you good bye
"
thankyou,"thank you good bye
"
thankyou,"thank you good bye
"
thankyou,"thank you bye
"
thankyou,"thank you goodbye
"
thankyou,"thank you goodbye
"
thankyou,"thank you good bye
"
thankyou,"thank you goodbye
"
thankyou,"thank you good bye
"
thankyou,"thank you good bye
"
thankyou,"thank you good bye
"
thankyou,"thank you good bye
"
thankyou,"thank you good bye
"
thankyou,"thank you good bye
"
thankyou,"thank you good bye
"
thankyou,"thank you good bye
"
thankyou,"thank you good bye
"
thankyou,"thank you good bye
"
thankyou,"thank you good bye
"
thankyou,"thank you good bye
"
thankyou,"thank you good bye
"
thankyou,"thank you good bye
"
thankyou,"thank you good bye
"
thankyou,"thank you good bye
"
thankyou,"thank you good bye
"
thankyou,"thank you good bye
"
thankyou,"thank you
"
thankyou,"thank you good bye
"
thankyou,"thank you good bye
"
thankyou,"thank you good bye
"
thankyou,"thank you good bye
"
thankyou,"thank you good bye
"
thankyou,"thank you goodbye
"
thankyou,"thank you good bye
"
thankyou,"thank you good bye
"
thankyou,"thank you good bye
"
thankyou,"thank you good bye
"
thankyou,"thank you good bye
"
thankyou,"thank you good bye
"
thankyou,"thank you good bye
"
thankyou,"thank you good bye
"
thankyou,"okay thank you good bye
"
thankyou,"thank you goodbye
"
thankyou,"thank you good bye
"
thankyou,"thank you good bye
"
thankyou,"thank you good bye
"
thankyou,"thank you good bye
"
thankyou,"thank you good bye
"
thankyou,"thank you good bye
"
thankyou,"thank you good bye
"
thankyou,"thank you good bye
"
thankyou,"thank you good bye
"
thankyou,"awesome thank you good bye
"
thankyou,"thank you
"
thankyou,"thank you good bye
"
thankyou,"okay thank you good bye
"
thankyou,"thank you good bye
"
thankyou,"thank you good bye
"
thankyou,"thank you good bye
"
thankyou,"thank you good bye
"
thankyou,"thank you good bye
"
thankyou,"thank you goodbye
"
thankyou,"thank you good bye
"
thankyou,"thank you good bye
"
thankyou,"thank you good bye
"
thankyou,"thank you good bye
"
thankyou,"thank you good bye
"
thankyou,"thank you good bye
"
thankyou,"thank you good bye
"
thankyou,"thank you good bye
"
thankyou,"thank you good bye
"
thankyou,"thank you good bye
"
thankyou,"thank you good bye
"
thankyou,"thank you good bye
"
thankyou,"thank you good bye
"
thankyou,"thank you
"
thankyou,"thank you goodbye
"
thankyou,"thank you goodbye
"
thankyou,"thank you good bye
"
thankyou,"thank you good bye
"
thankyou,"thank you good bye
"
thankyou,"thank you good bye
"
thankyou,"thank you good bye
"
thankyou,"thank you good bye
"
thankyou,"thank you good bye
"
thankyou,"thank you good bye
"
thankyou,"thank you good bye
"
thankyou,"thank you good bye
"
thankyou,"thank you good bye
"
thankyou,"thank you good bye
"
thankyou,"thank you good bye
"
thankyou,"thank you good bye
"
thankyou,"thank you good bye
"
thankyou,"thank you good bye
"
thankyou,"thank you good bye
"
thankyou,"thank you good bye
"
null,"hello welcome to the cambridge system
"
null,"um
"
null,"okay
"
null,"noise
"
null,"im looking
"
null,"im looking
"
null,"sil
"
null,"care
"
null,"cough
"
null,"cough
"
null,"cough
"
null,"cough
"
null,"unintelligible
"
null,"unintelligible
"
null,"unintelligible
"
null,"cough
"
null,"noise
"
null,"unintelligible
"
null,"unintelligible
"
null,"sil
"
null,"tv_noise
"
null,"tv_noise
"
null,"tv_noise
"
null,"tv_noise
"
null,"tv_noise
"
null,"tv_noise
"
null,"noise
"
null,"sil
"
null,"sil
"
null,"sil
"
null,"sil
"
null,"sil
"
null,"sil
"
null,"can i have an
"
null,"unintelligible
"
null,"noise
"
null,"um hm
"
null,"sil
"
null,"okay how about
"
null,"noise
"
null,"sil
"
null,"noise
"
null,"unintelligible
"
null,"can i get
"
null,"worthless system
"
null,"re
"
null,"unintelligible
"
null,"unintelligible
"
null,"unintelligible
"
null,"what is the
"
null,"unintelligible
"
null,"the adra
"
null,"okay
"
null,"unintelligible
"
null,"unintelligible
"
null,"unintelligible
"
null,"unintelligible
"
null,"unintelligible
"
null,"unintelligible
"
null,"unintelligible
"
null,"noise
"
null,"cough
"
null,"cough
"
null,"noise
"
null,"okay
"
null,"okay
"
null,"unintelligible
"
null,"noise
"
null,"and ah
"
null,"unintelligible
"
null,"uh
"
null,"sil
"
null,"unintelligible
"
null,"how about
"
null,"noise
"
null,"sil
"
null,"find
"
null,"sil
"
null,"noise
"
null,"unintelligible
"
null,"noise
"
null,"unintelligible
"
null,"noise
"
null,"unintelligible
"
null,"i need
"
null,"and
"
null,"sil
"
null,"noise
"
null,"unintelligible
"
null,"how about unintelligible
"
null,"serve
"
null,"noise
"
null,"id like a
"
null,"how about
"
null,"sil
"
null,"unintelligible
"
null,"unintelligible
"
null,"sil
"
null,"sil
"
null,"none
"
null,"okay
"
null,"okay
"
null,"are there any
"
null,"i need
"
null,"now
"
null,"now
"
null,"now
"
null,"now
"
null,"now
"
null,"on the rest and the
"
null,"noise
"
null,"nor
"
null,"okay ital
"
null,"unintelligible
"
null,"unintelligible
"
null,"unintelligible
"
null,"unintelligible
"
null,"unintelligible
"
null,"unintelligible
"
null,"unintelligible
"
null,"unintelligible
"
null,"noise
"
null,"the
"
null,"sil
"
null,"sil
"
null,"noise
"
null,"noise
"
null,"cough
"
null,"how about
"
null,"unintelligible
"
null,"can
"
null,"unintelligible
"
null,"viet
"
null,"who is it by
"
null,"unintelligible
"
null,"modern europene
"
null,"im
"
null,"can i
"
null,"sil
"
null,"that is all
"
null,"can i get a
"
null,"sil
"
null,"the addre
"
null,"unintelligible
"
null,"noise
"
null,"i am
"
null,"unintelligible
"
null,"unintelligible
"
null,"unintelligible
"
null,"noise
"
null,"noise
"
null,"im sorry
"
null,"modern europene
"
null,"sil
"
null,"than
"
null,"um
"
null,"unintelligible
"
null,"unintelligible
"
null,"im looking
"
null,"im looking
"
null,"noise
"
null,"noise
"
null,"noise
"
null,"noise
"
null,"unintelligible
"
null,"unintelligible
"
null,"sil
"
null,"breathing
"
null,"breathing
"
null,"noise
"
null,"okay
"
null,"noise
"
null,"noise
"
null,"unintelligible
"
null,"previews
"
null,"any thing else
"
null,"thats fine
"
null,"i want to know
"
null,"um
"
null,"unintelligible
"
null,"unintelligible
"
null,"unintelligible
"
null,"unintelligible
"
null,"sil
"
null,"bad
"
null,"sil
"
null,"sil
"
null,"okay
"
null,"noise
"
null,"unintelligible
"
null,"noise
"
null,"the addre
"
null,"new
"
null,"noise
"
null,"incorrect
"
null,"sil
"
null,"sil
"
null,"unintelligible
"
null,"unintelligible
"
null,"unintelligible
"
null,"unintelligible
"
null,"unintelligible
"
null,"unintelligible
"
null,"how about
"
null,"noise
"
null,"first one
"
null,"none
"
null,"unintelligible
"
null,"unintelligible
"
null,"noise
"
null,"noise
"
null,"viet
"
null,"noise
"
null,"noise
"
null,"noise
"
null,"serving in
"
null,"noise
"
null,"cough
"
null,"noise
"
null,"unintelligible
"
null,"unintelligible
"
null,"unintelligible
"
null,"unintelligible
"
null,"unintelligible
"
null,"how about unintelligible
"
null,"how about unintelligible
"
null,"how about
"
null,"unintelligible
"
null,"unintelligible
"
null,"unintelligible
"
null,"unintelligible
"
null,"unintelligible
"
null,"unintelligible
"
null,"unintelligible
"
null,"unintelligible
"
null,"unintelligible
"
null,"unintelligible
"
null,"unintelligible
"
null,"unintelligible
"
null,"unintelligible
"
null,"unintelligible
"
null,"unintelligible
"
null,"unintelligible
"
null,"unintelligible
"
null,"noise
"
null,"can i get a
"
null,"uh
"
null,"okay and um
"
null,"okay
"
null,"um
"
null,"i would like
"
null,"noise
"
null,"noise
"
null,"noise
"
null,"care
"
null,"noise
"
null,"what is available in the ar
"
null,"suggestions
"
null,"unintelligible
"
null,"is there one serving
"
null,"can i
"
null,"sil
"
null,"sil
"
null,"unintelligible
"
null,"unintelligible
"
null,"unintelligible
"
null,"sil
"
null,"sil
"
null,"noise
"
null,"noise
"
null,"what is one of them
"
null,"sil
"
null,"sil
"
null,"sil
"
null,"sil
"
null,"sil
"
null,"sil
"
null,"unintelligible
"
null,"unintelligible
"
null,"i want
"
null,"breathing
"
null,"noise
"
null,"noise
"
null,"unintelligible
"
null,"unintelligible
"
null,"sil
"
null,"sil
"
null,"i want
"
null,"sil
"
null,"sil
"
null,"sil
"
null,"unintelligible
"
null,"kish
"
null,"range
"
null,"range
"
null,"noise
"
null,"noise
"
null,"croatia
"
null,"town
"
null,"not sure
"
null,"unintelligible
"
null,"unintelligible
"
null,"okay
"
null,"unintelligible
"
null,"unintelligible
"
null,"sil
"
null,"serve
"
null,"unintelligible
"
null,"of the venue
"
null,"noise
"
null,"sil
"
null,"unintelligible
"
null,"unintelligible
"
null,"how about
"
null,"sil
"
null,"okay
"
null,"okay
"
null,"that serves
"
null,"what do you recommend
"
null,"unintelligible
"
null,"unintelligible
"
null,"unintelligible
"
null,"and whats the other one
"
null,"sil
"
null,"unintelligible
"
null,"noise
"
null,"sil
"
null,"sil
"
null,"noise
"
null,"sil
"
null,"unintelligible
"
null,"noise
"
null,"sil
"
null,"sil
"
null,"sil
"
null,"unintelligible
"
null,"unintelligible
"
null,"id like to find
"
null,"sigh
"
null,"sil
"
null,"whats the ph
"
null,"nt care
"
null,"cough
"
null,"uh i want to find
"
null,"noise
"
null,"noise
"
null,"noise
"
null,"noise
"
null,"um
"
null,"unintelligible
"
null,"unintelligible
"
null,"um how about
"
null,"unintelligible
"
null,"okay
"
null,"cough
"
null,"uh
"
null,"both
"
null,"both
"
null,"unintelligible
"
null,"noise
"
null,"noise
"
null,"sil
"
null,"breathing
"
null,"unintelligible
"
null,"unintelligible
"
null,"unintelligible
"
null,"unintelligible
"
null,"unintelligible
"
null,"unintelligible
"
null,"unintelligible
"
null,"noise
"
null,"noise
"
null,"sil
"
null,"thats fine
"
null,"noise
"
null,"laughing
"
null,"whats the other one
"
null,"noise
"
null,"okay um can i have the other
"
null,"okay uh what about the other
"
null,"okay
"
null,"um
"
null,"unintelligible
"
null,"noise
"
null,"noise
"
null,"noise
"
null,"noise
"
null,"unintelligible
"
null,"unintelligible
"
null,"unintelligible
"
null,"unintelligible
"
null,"okay what was the first one
"
null,"unintelligible
"
null,"sil
"
null,"sil
"
null,"noise
"
null,"noise
"
null,"noise
"
null,"noise
"
null,"noise
"
null,"noise
"
null,"noise
"
null,"noise
"
null,"noise
"
null,"noise
"
null,"noise
"
null,"noise
"
null,"noise
"
null,"noise
"
null,"noise
"
null,"sil
"
null,"sil
"
null,"unintelligible
"
null,"unintelligible
"
null,"care
"
null,"is there any
"
null,"for a
"
null,"unintelligible
"
null,"unintelligible
"
null,"what is the
"
null,"noise
"
null,"noise
"
null,"opean
"
null,"unintelligible
"
null,"unintelligible
"
null,"noise
"
null,"noise
"
null,"noise
"
null,"noise
"
null,"noise
"
null,"unintelligible
"
null,"unintelligible
"
null,"sil
"
null,"noise
"
null,"in the ea
"
null,"serves
"
null,"noise
"
null,"unintelligible
"
null,"noise
"
null,"noise
"
null,"is there
"
null,"unintelligible
"
null,"unintelligible
"
null,"unintelligible
"
null,"unintelligible
"
null,"unintelligible
"
null,"unintelligible
"
null,"unintelligible
"
null,"unintelligible
"
null,"noise
"
null,"can i
"
null,"sil
"
null,"um hm
"
null,"uh
"
null,"okay
"
null,"sil
"
null,"okay
"
null,"unintelligible
"
null,"unintelligible
"
null,"unintelligible
"
null,"im looking
"
null,"noise
"
null,"sil
"
null,"i want
"
null,"noise
"
null,"sil
"
null,"unintelligible
"
null,"cannabis
"
null,"cannabis
"
null,"sil
"
null,"i would like a
"
null,"unintelligible
"
null,"noise
"
null,"noise
"
null,"noise
"
null,"noise
"
null,"noise
"
null,"noise
"
null,"noise
"
null,"unintelligible
"
null,"sorry
"
null,"cough
"
null,"noise
"
null,"okay
"
null,"okay
"
null,"okay can i
"
null,"uh what is the
"
null,"show me the next
"
null,"unintelligible
"
null,"unintelligible
"
null,"unintelligible
"
null,"noise
"
null,"unintelligible
"
null,"unintelligible
"
null,"unintelligible
"
null,"noise
"
null,"and whats their
"
null,"sil
"
null,"and whats the postal code
"
null,"noise
"
null,"noise
"
null,"sil
"
null,"sil
"
null,"noise
"
null,"knocking
"
null,"knocking
"
null,"noise
"
null,"noise
"
null,"that serves
"
null,"unintelligible
"
null,"unintelligible
"
null,"does do you know anyone who serves um
"
null,"um
"
null,"do uh
"
null,"noise
"
null,"sil
"
null,"of the venue
"
null,"sil
"
null,"sil
"
null,"unintelligible
"
null,"is there
"
null,"okay
"
null,"noise
"
null,"unintelligible
"
null,"sil
"
null,"sil
"
null,"unintelligible
"
null,"noise
"
null,"noise
"
null,"noise
"
null,"unintelligible
"
null,"unintelligible
"
null,"noise
"
null,"serving
"
null,"cough
"
null,"type
"
null,"uh
"
null,"im sorry
"
null,"sil
"
null,"unintelligible
"
null,"noise
"
null,"noise
"
null,"noise
"
null,"i need
"
null,"noise
"
null,"sil
"
null,"unintelligible
"
null,"noise
"
null,"unintelligible
"
null,"sil
"
null,"noise
"
null,"unintelligible
"
null,"im looking
"
null,"okay
"
null,"unintelligible
"
null,"unintelligible
"
null,"unintelligible
"
null,"unintelligible
"
null,"any thing else
"
null,"unintelligible
"
null,"noise
"
null,"what about us
"
null,"cant
"
null,"okay
"
null,"in appleton wiscon
"
null,"noise
"
null,"noise
"
null,"unintelligible
"
null,"how about
"
null,"sil
"
null,"okay
"
null,"uh
"
null,"unintelligible
"
null,"unintelligible
"
null,"oh
"
null,"okay
"
null,"sil
"
null,"noise
"
null,"noise
"
null,"noise
"
null,"im looking
"
null,"sil
"
null,"noise
"
null,"unintelligible
"
null,"what is the
"
null,"whats the promo code
"
null,"whats the code
"
null,"whats the code
"
null,"noise
"
null,"okay
"
null,"noise
"
null,"unintelligible
"
null,"free
"
null,"sil
"
null,"okay
"
null,"sil
"
null,"noise
"
null,"noise
"
null,"noise
"
null,"noise
"
null,"noise
"
null,"system saying hello welcome
"
null,"unintelligible
"
null,"noise
"
null,"noise
"
null,"is
"
null,"unintelligible
"
null,"unintelligible
"
null,"unintelligible
"
null,"sorry
"
null,"sorry
"
null,"make a suggestion
"
null,"noise
"
null,"noise
"
null,"noise
"
null,"noise
"
null,"noise
"
null,"noise
"
null,"unintelligible
"
null,"oh my god
"
null,"uh
"
null,"noise
"
null,"cough
"
null,"unintelligible
"
null,"noise
"
null,"noise
"
null,"noise
"
null,"noise
"
null,"noise
"
null,"noise
"
null,"noise
"
null,"noise
"
null,"how about
"
null,"sil
"
null,"left
"
null,"cough
"
null,"um
"
null,"sil
"
null,"noise
"
null,"sil
"
null,"what is the
"
null,"sil
"
null,"um breath
"
null,"noise
"
null,"noise
"
null,"sil
"
null,"sil
"
null,"please
"
null,"sil
"
null,"can you hear me
"
null,"okay
"
null,"sil
"
null,"sil
"
null,"sil
"
null,"noise
"
null,"unintelligible
"
null,"unintelligible
"
null,"unintelligible
"
null,"unintelligible
"
null,"unintelligible
"
null,"unintelligible
"
null,"unintelligible
"
null,"unintelligible
"
null,"unintelligible
"
null,"unintelligible
"
null,"noise
"
null,"noise
"
null,"sil
"
null,"sil
"
null,"noise
"
null,"noise
"
null,"unintelligible
"
null,"noise
"
null,"unintelligible
"
null,"unintelligible
"
null,"sil
"
null,"serve
"
null,"sil
"
null,"sil
"
null,"noise
"
null,"noise
"
null,"noise
"
null,"sil
"
null,"what is the
"
null,"sil
"
null,"sil
"
null,"im looking
"
null,"for
"
null,"how about one that serves
"
null,"sil
"
null,"serving
"
null,"unintelligible
"
null,"aristrain
"
null,"noise
"
null,"noise
"
null,"unintelligible
"
null,"unintelligible
"
null,"sil
"
null,"noise
"
null,"unintelligible
"
null,"noise
"
null,"noise
"
null,"noise
"
null,"unintelligible
"
null,"unintelligible
"
null,"unintelligible
"
null,"unintelligible
"
null,"unintelligible
"
null,"unintelligible
"
null,"sil
"
null,"sil
"
null,"sil
"
null,"sil
"
null,"unintelligible
"
null,"unintelligible
"
null,"s
"
null,"s
"
null,"tape
"
null,"sigh
"
null,"sil
"
null,"sigh
"
null,"sil
"
null,"noise
"
null,"music
"
null,"type
"
null,"sil
"
null,"sil
"
null,"music
"
null,"sil
"
null,"okay
"
null,"noise
"
null,"okay
"
null,"noise
"
null,"noise
"
null,"noise
"
null,"okay and um
"
null,"noise
"
null,"noise
"
null,"i would like
"
null,"cough
"
null,"cough
"
null,"sil
"
null,"sil
"
null,"cough
"
null,"medium
"
null,"im loo
"
null,"unintelligible
"
null,"sil
"
null,"sil
"
null,"noise
"
null,"sil
"
null,"noise
"
null,"noise
"
null,"unintelligible
"
null,"unintelligible
"
null,"after
"
null,"looking for a
"
null,"sil
"
null,"sil
"
null,"uh
"
null,"noise
"
null,"noise
"
null,"unintelligible
"
null,"unintelligible
"
null,"knocking
"
null,"cough
"
null,"unintelligible
"
null,"noise
"
null,"breathing
"
null,"town
"
null,"dress
"
null,"dress
"
null,"dress
"
null,"dress
"
null,"sil
"
null,"noise
"
null,"suggestion
"
null,"noise
"
null,"noise
"
null,"done
"
null,"finished
"
null,"i need
"
null,"sil
"
null,"was
"
null,"range please
"
null,"noise
"
null,"noise
"
null,"sil
"
null,"noise
"
null,"noise
"
null,"noise
"
null,"noise
"
null,"sil
"
null,"unintelligible
"
null,"noise
"
null,"noise
"
null,"noise
"
null,"noise
"
null,"incorrect
"
null,"incorrect
"
null,"is there
"
null,"is there
"
null,"noise
"
null,"sil
"
null,"noise
"
null,"unintelligible
"
null,"unintelligible
"
null,"noise
"
null,"sil
"
null,"sil
"
null,"give me the least
"
null,"sil
"
null,"what about
"
null,"sil
"
null,"unintelligible
"
null,"noise
"
null,"cough
"
null,"cough
"
null,"unintelligible
"
null,"unintelligible
"
null,"unintelligible
"
null,"noise
"
null,"noise
"
null,"noise
"
null,"sil
"
null,"sil
"
null,"sil
"
null,"sil
"
null,"sil
"
null,"care
"
null,"unintelligible
"
null,"i need the nor
"
null,"sil
"
null,"sil
"
null,"uh
"
null,"medium
"
null,"noise
"
null,"noise
"
null,"noise
"
null,"sil
"
null,"noise
"
null,"sil
"
null,"sil
"
null,"sil
"
null,"sil
"
null,"noise
"
null,"noise
"
null,"okay
"
null,"sil
"
null,"sil
"
null,"sil
"
null,"sil
"
null,"sil
"
null,"sil
"
null,"sil
"
null,"sil
"
null,"sil
"
null,"sil
"
null,"noise
"
null,"sil
"
null,"and
"
null,"oh my god
"
null,"noise
"
null,"noise
"
null,"noise
"
null,"noise
"
null,"noise
"
null,"noise
"
null,"noise
"
null,"noise
"
null,"breathing
"
null,"breathing
"
null,"noise
"
null,"sil
"
null,"noise
"
null,"breathing
"
null,"noise
"
null,"unintelligible
"
null,"i would like
"
null,"you tell me
"
null,"do they have
"
null,"noise
"
null,"noise
"
null,"noise
"
null,"sea
"
null,"not sure
"
null,"sil
"
null,"noise
"
null,"noise
"
null,"uh have
"
null,"noise
"
null,"noise
"
null,"noise
"
null,"noise
"
null,"noise
"
null,"noise
"
null,"sil
"
null,"sil
"
null,"sil
"
null,"uh
"
null,"sil
"
null,"noise
"
null,"unintelligible
"
null,"unintelligible
"
null,"sil
"
null,"sil
"
null,"sil
"
null,"sil
"
null,"sil
"
null,"sil
"
null,"sil
"
null,"sil
"
null,"sil
"
null,"sil
"
null,"sil
"
null,"sil
"
null,"sil
"
null,"sil
"
null,"sil
"
null,"sil
"
null,"sil
"
null,"sil
"
null,"cough
"
null,"what about
"
null,"noise
"
null,"noise
"
null,"breathing
"
null,"uh unintelligible
"
null,"i
"
null,"medium
"
null,"sil
"
null,"cough
"
null,"noise
"
null,"sil
"
null,"okay
"
null,"sil
"
null,"noise
"
null,"noise
"
null,"noise
"
null,"freakin
"
null,"noise
"
null,"noise
"
null,"unintelligible
"
null,"unintelligible
"
null,"uh
"
null,"sil
"
null,"sil
"
null,"unintelligible
"
null,"sil
"
null,"um i want
"
null,"um
"
null,"sil
"
null,"unintelligible
"
null,"pizza
"
null,"sil
"
null,"okay
"
null,"unintelligible
"
null,"unintelligible
"
null,"unintelligible
"
null,"sil
"
null,"noise
"
null,"cough
"
null,"noise
"
null,"noise
"
null,"i would like
"
null,"sil
"
null,"okay
"
null,"noise okay
"
null,"sil
"
null,"sil
"
null,"noise
"
null,"unintelligible
"
null,"noise
"
null,"noise
"
null,"sil
"
null,"noise
"
null,"uh continental
"
null,"sil
"
null,"chikkis
"
null,"unintelligible
"
null,"sil
"
null,"sil
"
null,"do they serve
"
null,"sil
"
null,"breathing
"
null,"noise
"
null,"sil
"
null,"noise
"
null,"nosie
"
null,"sil
"
null,"how about the
"
null,"cough
"
null,"unintelligible
"
null,"noise
"
null,"aw give me the damn code
"
null,"sil
"
null,"sil
"
null,"unintelligible
"
null,"sil
"
null,"sil
"
null,"noise
"
null,"usually
"
null,"sil
"
null,"i changed my mind
"
null,"okay
"
null,"serve
"
null,"unintelligible
"
null,"noise
"
null,"noise
"
null,"noise
"
null,"noise
"
null,"noise
"
null,"noise
"
null,"sil
"
null,"sil
"
null,"sil
"
null,"unintelligible
"
null,"noise
"
null,"cough
"
null,"unintelligible
"
null,"um
"
null,"unintelligible
"
null,"noise
"
null,"7:30
"
null,"sil
"
null,"sil
"
null,"noise
"
null,"cough
"
null,"noise
"
null,"noise
"
null,"noise
"
null,"noise
"
null,"noise
"
null,"noise
"
null,"noise
"
null,"cough
"
null,"sil
"
null,"sil
"
null,"sil
"
null,"how about uh
"
null,"noise
"
null,"sil
"
null,"noise
"
null,"unintelligible
"
null,"sil
"
null,"noise
"
null,"unintelligible
"
null,"unintelligible
"
null,"unintelligible
"
null,"unintelligible
"
null,"sil
"
null,"sil
"
null,"sil
"
null,"sil
"
null,"sil
"
null,"sil
"
null,"sil
"
null,"sil
"
null,"noise
"
null,"noise
"
null,"sil
"
null,"noise
"
null,"sil
"
null,"sil
"
null,"sil
"
null,"noise
"
null,"noise
"
null,"noise
"
null,"noise
"
null,"laugh you suck
"
null,"type of foo
"
null,"noise
"
null,"cough
"
null,"sil
"
null,"blow
"
null,"sil
"
null,"unintelligible
"
null,"sil
"
null,"sil
"
null,"noise
"
null,"sil
"
null,"sil
"
null,"sil
"
null,"sil
"
null,"sil
"
null,"sil
"
null,"unintelligible
"
null,"sil
"
null,"sil
"
null,"sil
"
null,"sil
"
null,"sil
"
null,"sil
"
null,"noise
"
null,"cough
"
null,"sil
"
null,"sil
"
null,"what about
"
null,"sil
"
null,"ring
"
null,"noise
"
null,"sil
"
null,"noise
"
null,"noise
"
null,"noise
"
null,"unintelligible
"
null,"unintelligible
"
null,"unintelligible
"
null,"unintelligible
"
null,"sil
"
null,"unintelligible
"
null,"sil
"
null,"okay
"
null,"that serves unintelligible
"
null,"sil
"
null,"unintelligible
"
null,"noise
"
null,"noise
"
null,"pizza
"
null,"okay
"
null,"okay
"
null,"okay
"
null,"noise
"
null,"okay
"
null,"noise
"
null,"noise
"
null,"noise
"
null,"noise
"
null,"unintelligible
"
null,"noise
"
null,"noise
"
null,"sil
"
null,"sil
"
null,"sil
"
null,"unintelligible
"
null,"sil
"
null,"sil
"
null,"noise
"
null,"sil
"
null,"sil
"
null,"noise
"
null,"noise
"
null,"sil
"
null,"sil
"
null,"unintelligible
"
null,"noise
"
null,"noise
"
null,"noise
"
null,"sil
"
null,"noise
"
null,"unintelligible
"
null,"noise
"
null,"noise
"
null,"sil
"
null,"okay
"
null,"sil
"
null,"sil
"
null,"type
"
null,"noise
"
null,"sil
"
null,"noise
"
null,"sil
"
null,"sil
"
null,"sil
"
null,"sil
"
null,"unintelligible
"
null,"sil
"
null,"unintelligible
"
null,"noise
"
null,"noise
"
null,"sil
"
null,"noise
"
null,"noise
"
null,"sil
"
null,"sil
"
null,"sil
"
null,"sil
"
null,"care
"
null,"sil
"
null,"i need cant
"
null,"noise
"
null,"noise
"
null,"sil
"
null,"noise
"
null,"okay and um
"
null,"taiwanese
"
null,"noise
"
null,"noise
"
null,"breathing
"
null,"noise
"
null,"sil
"
null,"sil
"
null,"sil
"
null,"sil
"
null,"sil
"
null,"sil
"
null,"unintelligible
"
null,"sil
"
null,"sil
"
null,"sil
"
null,"sil
"
null,"sil
"
null,"sil
"
null,"old
"
null,"noise
"
null,"noise
"
null,"noise
"
null,"noise
"
null,"noise
"
null,"noise
"
null,"noise
"
null,"noise
"
null,"noise
"
null,"sil
"
null,"sil
"
null,"sil
"
null,"sil
"
null,"sil
"
null,"sil
"
null,"im looking
"
null,"sil
"
null,"sil
"
null,"breathing
"
null,"sil
"
null,"sil
"
null,"noise
"
null,"sil
"
null,"sil
"
null,"noise
"
null,"unintelligible
"
null,"unintelligible
"
null,"unintelligible
"
null,"unintelligible
"
null,"unintelligible
"
null,"sil
"
null,"noise
"
null,"unintelligible
"
null,"you have a shitty system
"
null,"noise
"
null,"noise
"
null,"noise
"
null,"sigh
"
null,"sil
"
null,"sil
"
null,"and
"
null,"sil
"
null,"sil
"
null,"sil
"
null,"cough
"
null,"sil
"
null,"did you hang up on me
"
null,"sil
"
null,"unintelligible
"
null,"unintelligible
"
null,"laughing
"
null,"laughing
"
null,"breathing
"
null,"that serves
"
null,"noise
"
null,"i know mia
"
null,"sil
"
null,"sil
"
null,"um
"
null,"is there
"
null,"okay just regular ecuadorean food
"
null,"noise
"
null,"noise
"
null,"sil
"
null,"sil
"
null,"sil
"
null,"sil
"
null,"noise
"
null,"unintelligible
"
null,"town
"
null,"viet
"
null,"sil
"
null,"sil
"
null,"unintelligible
"
null,"unintelligible
"
null,"unintelligible
"
null,"sil
"
null,"sil
"
null,"sil
"
null,"sil
"
null,"sil
"
null,"uh
"
null,"what about unintelligible food restaurants
"
null,"dont
"
null,"noise
"
null,"unintelligible
"
null,"sil
"
null,"noise
"
null,"noise
"
null,"noise
"
null,"noise
"
null,"noise
"
null,"noise
"
null,"noise
"
null,"noise
"
null,"noise
"
null,"sil
"
null,"sil
"
null,"range that serves cana
"
null,"sil
"
null,"sil
"
null,"sil
"
null,"sil
"
null,"sil
"
null,"sil
"
null,"sil
"
null,"noise
"
null,"sil
"
null,"sil
"
null,"noise
"
null,"noise
"
null,"sil
"
null,"expe
"
null,"sil
"
null,"sil
"
null,"sil
"
null,"noise
"
null,"unintelligible
"
null,"unintelligible
"
null,"sil
"
null,"sil
"
null,"sil
"
null,"oh boy
"
null,"um
"
null,"what is the
"
null,"the addre
"
null,"noise
"
null,"sil
"
null,"unintelligible
"
null,"sil
"
null,"noise
"
null,"sil
"
null,"care
"
null,"noise
"
null,"noise
"
null,"unintelligible
"
null,"unintelligible
"
null,"unintelligible
"
null,"noise
"
null,"noise
"
null,"tell me number
"
null,"noise
"
null,"unintelligible
"
null,"unintelligible
"
null,"unintelligible
"
null,"unintelligible
"
null,"noise
"
null,"noise
"
null,"noise
"
null,"noise
"
null,"unintelligible
"
null,"sil
"
null,"and can
"
null,"unintelligible
"
null,"sil
"
null,"sil
"
null,"noise
"
null,"sil
"
null,"noise
"
null,"noise
"
null,"sil
"
null,"sil
"
null,"unintelligible
"
null,"cough
"
null,"noise
"
null,"sil
"
null,"unintelligible
"
null,"noise
"
null,"okay
"
null,"i dont want pizza
"
null,"breathing
"
null,"holy cow
"
null,"sil
"
null,"unintelligible
"
null,"is there
"
null,"unintelligible
"
null,"sil
"
null,"i want
"
null,"unintelligible
"
null,"noise
"
null,"um
"
null,"unintelligible
"
null,"unintelligible
"
null,"unintelligible
"
null,"noise
"
null,"okay
"
null,"sil
"
null,"sil
"
null,"sil
"
null,"noise
"
null,"noise
"
null,"unintelligible
"
null,"noise
"
null,"sil
"
null,"sil
"
null,"that serves
"
null,"cough
"
null,"unintelligible
"
null,"unintelligible
"
null,"unintelligible
"
null,"sil
"
null,"pizza
"
null,"noise
"
null,"noise
"
null,"how about
"
null,"noise
"
null,"noise
"
null,"noise
"
null,"noise
"
null,"noise
"
null,"noise
"
null,"okay
"
null,"okay
"
null,"unintelligible
"
null,"unintelligible
"
null,"sil
"
null,"sil
"
null,"sil
"
null,"i want
"
null,"um
"
null,"sil
"
null,"just a moment
"
null,"just a moment
"
null,"noise
"
null,"noise
"
null,"noise
"
null,"noise
"
null,"noise
"
null,"sil
"
null,"spice
"
null,"im sorry
"
null,"sil
"
null,"breathing
"
null,"what is the uh
"
null,"any thing else
"
null,"noise
"
null,"try again
"
null,"would you like something
"
null,"noise
"
null,"unintelligible
"
null,"noise
"
null,"sil
"
null,"noise
"
null,"um
"
null,"noise
"
null,"noise
"
null,"noise
"
null,"unintelligible
"
null,"sil
"
null,"sil
"
null,"unintelligent
"
null,"thats all
"
null,"unintelligible
"
null,"sil
"
null,"sil
"
null,"unintelligible
"
null,"unintelligible
"
null,"noise
"
null,"noise
"
null,"unintelligible
"
null,"that serves unintelligible
"
null,"sil
"
null,"cough
"
null,"noise
"
null,"unintelligible
"
null,"noise
"
null,"sil
"
null,"sil
"
null,"sil
"
null,"carrier
"
null,"sil
"
null,"noise
"
null,"sil
"
null,"sil
"
null,"noise
"
null,"noise
"
null,"noise
"
null,"noise
"
null,"noise
"
null,"noise
"
null,"im looking
"
null,"or
"
null,"noise
"
null,"unintelligible
"
null,"noise
"
null,"unintelligible
"
null,"sil
"
null,"sil
"
null,"sil
"
null,"i would like
"
null,"unintelligible
"
null,"hm
"
null,"sil
"
null,"sil
"
null,"type
"
null,"noise
"
null,"can i get the
"
null,"noise
"
null,"priced
"
bye,"goodbye
"
bye,"okay thank you and good bye
"
bye,"alright thank you good bye
"
bye,"okay good bye
"
bye,"okay thank you and good bye
"
bye,"okay thank you and good bye
"
bye,"goodbye
"
bye,"goodbye
"
bye,"okay well thank you good bye
"
bye,"you good bye
"
bye,"okay cool thank you good bye
"
bye,"okay good bye
"
bye,"alright thank you good bye
"
bye,"great thank you goodbye
"
bye,"alright thank you good bye
"
bye,"goodbye
"
bye,"goodbye
"
bye,"okay thank you and good bye
"
bye,"goodbye
"
bye,"okay thank you and good bye
"
bye,"okay good bye
"
bye,"alright thank you good bye
"
bye,"okay bye
"
bye,"okay good bye
"
bye,"okay thats all
"
bye,"okay thank you and good bye
"
bye,"okay thank you and good bye
"
bye,"alright thank you good bye
"
bye,"ok thank you goodbye
"
bye,"okay thank you and good bye
"
bye,"uh thank you and good bye
"
bye,"goodbye
"
bye,"you good bye
"
bye,"goodbye
"
bye,"okay good bye
"
bye,"goodbye
"
bye,"okay thank you and good bye
"
bye,"uh thank you and good bye
"
bye,"okay good bye
"
bye,"cute thank you good bye
"
bye,"you goodbye
"
bye,"okay thank you and good bye
"
bye,"goodbye
"
bye,"okay thank you very much and good bye
"
bye,"alright thank you good bye
"
bye,"goodbye
"
bye,"alright thank you good bye
"
bye,"cut it thank you good bye
"
bye,"very good thank you good bye
"
bye,"goodbye
"
bye,"okay thank you and good bye
"
bye,"alright thank you good bye
"
bye,"goodbye
"
bye,"goodbye
"
bye,"goodbye
"
bye,"goodbye
"
bye,"okay thank you and good bye
"
bye,"very good thank you good bye
"
bye,"thanks good bye
"
bye,"okay good bye
"
bye,"okay good bye
"
bye,"okay good bye
"
bye,"unintelligible bye
"
bye,"you good bye
"
bye,"okay good bye
"
bye,"okay good bye
"
bye,"awesome thanks good bye
"
bye,"okay thank you and good bye
"
bye,"goodbye
"
bye,"thank you good bye thank you good bye
"
bye,"okay good bye
"
bye,"goodbye
"
bye,"okay good bye
"
bye,"okay thank you and good bye
"
bye,"okay thank you and good bye
"
bye,"you good bye
"
bye,"goodbye
"
bye,"okay thank you and good bye
"
bye,"good thank you good bye
"
bye,"see you good bye
"
bye,"cool um thank you good bye
"
bye,"unintelligible bye
"
bye,"okay bye
"
bye,"okay thank you and good bye
"
bye,"thank you good bye crosstalk
"
bye,"you good bye
"
bye,"ooh thank you good bye
"
bye,"stop it
"
bye,"good bye thank you good bye
"
bye,"goodbye
"
bye,"alright good bye thank you
"
bye,"goodbye
"
bye,"thanks good bye
"
bye,"alright thank you good bye
"
bye,"see you goodbye
"
bye,"see you goodbye
"
bye,"see you goodbye
"
bye,"unintelligible good bye
"
reqalts,"is there anything else
"
reqalts,"how about french food
"
reqalts,"is the anything else
"
reqalts,"is there anything else
"
reqalts,"how about vietnamese
"
reqalts,"how about french food
"
reqalts,"any more
"
reqalts,"anything else
"
reqalts,"anything else
"
reqalts,"how about portuguese food
"
reqalts,"how about gastro pub
"
reqalts,"how about italian food
"
reqalts,"okay how about italian food
"
reqalts,"are there any other cheap restaurants in the west part of town
"
reqalts,"is there another restaurant in the west of town
"
reqalts,"how about korean food
"
reqalts,"anything else
"
reqalts,"anything else
"
reqalts,"is there anything else
"
reqalts,"anything else
"
reqalts,"is there anything else
"
reqalts,"how about thai food
"
reqalts,"is there anything serving international food
"
reqalts,"is there anything else
"
reqalts,"is there anything else
"
reqalts,"um how about a restaurant in the center with int
"
reqalts,"anything else
"
reqalts,"how about indian food
"
reqalts,"okay what about modern european food
"
reqalts,"okay how about any area
"
reqalts,"okay how about any part of town
"
reqalts,"how about in any area
"
reqalts,"how about rest of town
"
reqalts,"how about indian food
"
reqalts,"what about gastropub type of foo
"
reqalts,"what about gasper gastropub type o
"
reqalts,"how about korean food
"
reqalts,"how about indian food
"
reqalts,"how about indian food
"
reqalts,"how about a place that serves portuguese food
"
reqalts,"how about chinese food
"
reqalts,"what about indian
"
reqalts,"how about indian food
"
reqalts,"is there anything else
"
reqalts,"are there any other restaurants
"
reqalts,"how about european
"
reqalts,"what about chinese food
"
reqalts,"how about chinese food
"
reqalts,"how about indian food
"
reqalts,"how about indian food
"
reqalts,"is there anything else
"
reqalts,"how about indian food
"
reqalts,"is there a restaurant in the south part of town that serves indian food
"
reqalts,"anything else
"
reqalts,"how about indian
"
reqalts,"what about european food
"
reqalts,"is there anything else
"
reqalts,"is there anything else
"
reqalts,"is there anything else
"
reqalts,"how about the center area
"
reqalts,"anything else
"
reqalts,"how about vietnamese food
"
reqalts,"how about caribbean food
"
reqalts,"is there anything else
"
reqalts,"anything else
"
reqalts,"how about indian food
"
reqalts,"is there anything else
"
reqalts,"is there anything else
"
reqalts,"how about moderately priced
"
reqalts,"how about european food
"
reqalts,"how about european food
"
reqalts,"how about portuguese food
"
reqalts,"how about indian food
"
reqalts,"how about indian food
"
reqalts,"anything else
"
reqalts,"what about vietnamese food
"
reqalts,"how about chinese food
"
reqalts,"what about chinese food
"
reqalts,"is there anything else
"
reqalts,"anything house
"
reqalts,"how about north american food
"
reqalts,"is there anything else
"
reqalts,"what about british food
"
reqalts,"how about asian oriental
"
reqalts,"can you tell me a restaurant in the south part of town
"
reqalts,"anything else
"
reqalts,"is there anything else
"
reqalts,"is there a restaurant that serves indian food
"
reqalts,"how about indian food
"
reqalts,"how about indian food
"
reqalts,"how about chinese food
"
reqalts,"how about asian oriental
"
reqalts,"how about korean food
"
reqalts,"how about turkish
"
reqalts,"anything else
"
reqalts,"how about korean food
"
reqalts,"is there anything else
"
reqalts,"how about a turkish restaurant
"
reqalts,"how about the west area
"
reqalts,"what about chineese
"
reqalts,"what about chinese food
"
reqalts,"is there anything else
"
reqalts,"how about indian
"
reqalts,"how about indian food
"
reqalts,"how about an indian restaurant
"
reqalts,"how about an indian type food restaurant
"
reqalts,"how about italian
"
reqalts,"is there anything else
"
reqalts,"what about any area
"
reqalts,"how about a chinese restaurant
"
reqalts,"is there anything else
"
reqalts,"how about italian
"
reqalts,"what about chinese food
"
reqalts,"anything else gastropub
"
reqalts,"how about portuguese food
"
reqalts,"how about one with thai food
"
reqalts,"is there anything else
"
reqalts,"how about modern european food
"
reqalts,"how about thai food
"
reqalts,"anything else
"
reqalts,"anything else
"
reqalts,"anything else
"
reqalts,"what about indian type of food
"
reqalts,"are there any restaurant serving corsica food
"
reqalts,"how about indian
"
reqalts,"how about indian
"
reqalts,"what about in the west side of town
"
reqalts,"is there anything else
"
reqalts,"anything else
"
reqalts,"is there anything else
"
reqalts,"anything else
"
reqalts,"what about chinese food
"
reqalts,"whats the next one
"
reqalts,"i dont want that one whats another one
"
reqalts,"i dont want that give me another spanish choice
"
reqalts,"anything else
"
reqalts,"anything else
"
reqalts,"is there anything else
"
reqalts,"what about persian food
"
reqalts,"how about indian food
"
reqalts,"how about indian food
"
reqalts,"uh how about italian
"
reqalts,"how about italian food
"
reqalts,"how about vietnamese food
"
reqalts,"anything else
"
reqalts,"is there anything else
"
reqalts,"is there anything else
"
reqalts,"what about chinese food
"
reqalts,"what about chinese food
"
reqalts,"how about gastropub
"
reqalts,"how about indian food
"
reqalts,"is there anything else
"
reqalts,"um how about italian food
"
reqalts,"is there a restaurant serving italian food
"
reqalts,"how about modern european food
"
reqalts,"is there anything else
"
reqalts,"is there anything else
"
reqalts,"anything else
"
reqalts,"how about chinese food
"
reqalts,"how about vietnamese
"
reqalts,"how about vietnamese food
"
reqalts,"how about modern european
"
reqalts,"is there anything else
"
reqalts,"okay what about another restaurant
"
reqalts,"how about gastropub food
"
reqalts,"how about european food
"
reqalts,"how about a restaurant in the west part of town that serves vietnamese
"
reqalts,"is there anything else
"
reqalts,"is there anything else
"
reqalts,"is there anything else
"
reqalts,"is there anything else
"
reqalts,"how about a different restaurant
"
reqalts,"is there anything else
"
reqalts,"how about indian food
"
reqalts,"is there anything else
"
reqalts,"is there anything else
"
reqalts,"how about modern european
"
reqalts,"how about modern european
"
reqalts,"what about european food
"
reqalts,"how about french food
"
reqalts,"anything else
"
reqalts,"are there any other cheap restaurants in the west part of town
"
reqalts,"is there a different cheap restaurant in the west part of town
"
reqalts,"how about turkish
"
reqalts,"what about turkish food
"
reqalts,"is there anything else
"
reqalts,"how about the center area
"
reqalts,"anything else
"
reqalts,"is there anything else
"
reqalts,"how about turkish type of food
"
reqalts,"okay is there another option
"
reqalts,"anything else
"
reqalts,"is there anything else
"
reqalts,"anything else
"
reqalts,"how bout indian food
"
reqalts,"is there anything else
"
reqalts,"how about italian
"
reqalts,"what about spanish food
"
reqalts,"okay how about a moderately prices restaurant that serves
"
reqalts,"is there anything else
"
reqalts,"how about french food
"
reqalts,"do you have anything else
"
reqalts,"no there is no such venue how about portuguese type of food
"
reqalts,"what about european food
"
reqalts,"how about european food
"
reqalts,"how about north american food
"
reqalts,"how about chinese food
"
reqalts,"how about chinese food
"
reqalts,"how about vietnamese
"
reqalts,"what about thai food
"
reqalts,"what about thai food
"
reqalts,"how about indian food
"
reqalts,"what about spanish food
"
reqalts,"how about spanish food
"
reqalts,"is there anything else
"
reqalts,"how about spanish food
"
reqalts,"how about spanish food
"
reqalts,"how about asian food
"
reqalts,"how about asian food
"
reqalts,"how about asian oriental
"
reqalts,"is there anything else
"
reqalts,"how about chinese food
"
reqalts,"how about vietnamese type of food
"
reqalts,"another place
"
reqalts,"what about asian oriental
"
reqalts,"how about turkish
"
reqalts,"how about turkish food
"
reqalts,"how about portuguese food
"
reqalts,"next one
"
reqalts,"next one
"
reqalts,"what about center area
"
reqalts,"is there anything else
"
reqalts,"how about one that serves portuguese food
"
reqalts,"how about indian food
"
reqalts,"how about indian food
"
reqalts,"how about thai food
"
reqalts,"okay what about turkish foo
"
reqalts,"how about itailian
"
reqalts,"is there anything else
"
reqalts,"anything else
"
reqalts,"what about a modern europene type of food
"
reqalts,"is there anything else
"
reqalts,"is there anything else
"
reqalts,"what else
"
reqalts,"how about french food
"
reqalts,"um do you have anything else
"
reqalts,"how about european food
"
reqalts,"what about british
"
reqalts,"what about british
"
reqalts,"is there anything else
"
reqalts,"is there anything else
"
reqalts,"is there anything else
"
reqalts,"how about lebanese food
"
reqalts,"how about chinese food
"
reqalts,"how about european food
"
reqalts,"is there anything else
"
reqalts,"how about international food
"
reqalts,"anything else
"
reqalts,"anything else
"
reqalts,"anything else
"
reqalts,"is there anything else
"
reqalts,"uh are there any restaurants serving chinese
"
reqalts,"is there another one
"
reqalts,"anything else
"
reqalts,"is there anything else
"
reqalts,"is there anything else
"
reqalts,"anything else
"
reqalts,"anything else
"
reqalts,"oh is there anything else
"
reqalts,"how about modern european food
"
reqalts,"how about russian food
"
reqalts,"how about russian food
"
reqalts,"how about expensive british
"
reqalts,"is there anything else
"
reqalts,"anything else
"
reqalts,"anything else
"
reqalts,"another place
"
reqalts,"are there any other restaurants
"
reqalts,"is there anything else
"
reqalts,"do you have any other restaurants
"
reqalts,"what about italian food
"
reqalts,"what about italian food
"
reqalts,"what about italian food
"
reqalts,"is there anything else
"
reqalts,"is there anything else
"
reqalts,"what about european food
"
reqalts,"what about european food
"
reqalts,"how about italian
"
reqalts,"how about italian
"
reqalts,"can you give me a restaurant in east part of town and
"
reqalts,"is there anything else
"
reqalts,"how about international type of food
"
reqalts,"what about asian oriental
"
reqalts,"what about asian oriental food
"
reqalts,"is there anything else
"
reqalts,"how about indian
"
reqalts,"how about indian food
"
reqalts,"how about vietnamese food
"
reqalts,"how about chinese food
"
reqalts,"is there anything else
"
reqalts,"how about french food
"
reqalts,"how about vietnamese food
"
reqalts,"anything else
"
reqalts,"anything else
"
reqalts,"anything else
"
reqalts,"anything else
"
reqalts,"what about gastropub
"
reqalts,"what about gastropub
"
reqalts,"anything else
"
reqalts,"anything else
"
reqalts,"could you give me another venue
"
reqalts,"is there anything else
"
reqalts,"is there anything else
"
reqalts,"how about chinese restaurants
"
reqalts,"is there anything else
"
reqalts,"how about europea
"
reqalts,"how about a moderately priced restauran
"
reqalts,"anything else
"
reqalts,"anything else
"
reqalts,"is there anything else
"
reqalts,"is there anything else
"
reqalts,"uh another choice
"
reqalts,"how about italian food
"
reqalts,"how about a castro pub
"
reqalts,"how about a castro pub type of food
"
reqalts,"is there a restaurant in the south part of town that serves italian food
"
reqalts,"is there a restaurant serving italian food
"
reqalts,"how about european
"
reqalts,"what about asian oriental food
"
reqalts,"what about italian food
"
reqalts,"anything else
"
reqalts,"how about portuguese food
"
reqalts,"anything else
"
reqalts,"next
"
reqalts,"anything else
"
reqalts,"uh anything else
"
reqalts,"next one
"
reqalts,"is there anything else
"
reqalts,"how about indian food
"
reqalts,"how about indian food
"
reqalts,"is there anything else
"
reqalts,"is there anything else
"
reqalts,"uh how about moderately priced
"
reqalts,"how about italian
"
reqalts,"how about italian food
"
reqalts,"how about vietnamese food
"
reqalts,"what about australian asian food
"
reqalts,"anything else
"
reqalts,"how about chinese food
"
reqalts,"how about european food
"
reqalts,"how about modern european food
"
reqalts,"how about turkish
"
reqalts,"anything else
"
reqalts,"is their anything else
"
reqalts,"anything else
"
reqalts,"how about italian
"
reqalts,"anything else
"
reqalts,"what about vietnamese type of food
"
reqalts,"what about vietnamese type of food
"
reqalts,"what about vietnamese food
"
reqalts,"what about thai food
"
reqalts,"how about portuguese food
"
reqalts,"how about portuguese food
"
reqalts,"how about korean food
"
reqalts,"how about korean food
"
reqalts,"what about the east part of town
"
reqalts,"anything else
"
reqalts,"is there anything else
"
reqalts,"is there a restaurant serving vietnamese food
"
reqalts,"how about thai food thats expensive
"
reqalts,"how about chinese food
"
reqalts,"how about chinese food
"
reqalts,"anything else
"
reqalts,"anything else
"
reqalts,"how about spanish food
"
reqalts,"is there any restaurant
"
reqalts,"how about korean food
"
reqalts,"how about indian food
"
reqalts,"how about vietnamese
"
reqalts,"how about vietnamese
"
reqalts,"what about asian oriental food
"
reqalts,"okay do you have any restaurant that serves italian food
"
reqalts,"how about italian food
"
reqalts,"how about italian food
"
reqalts,"how about british type food
"
reqalts,"is there a restaurant that serves vietnamese food
"
reqalts,"is there a restaurant serving vietnamese food
"
reqalts,"is there anything else
"
reqalts,"how about cheap price range
"
reqalts,"how about portuguese food
"
reqalts,"how about spanish food
"
reqalts,"anything else
"
reqalts,"is there anything else
"
reqalts,"how about chinese food
"
reqalts,"is there anything else
"
reqalts,"what about turkish food
"
reqalts,"is there anything else
"
reqalts,"what else
"
reqalts,"is there anything else
"
reqalts,"anything else
"
reqalts,"anything else
"
reqalts,"anything else
"
reqalts,"is there anything else
"
reqalts,"what about chinese food
"
reqalts,"what about chinese food
"
reqalts,"how about vietnamese
"
reqalts,"how about vietnamese food
"
reqalts,"is there anything else
"
reqalts,"is there anything else
"
reqalts,"what about british food
"
reqalts,"another
"
reqalts,"how about italian food
"
reqalts,"is there anything else
"
reqalts,"how about british type of food
"
reqalts,"how about british type of food
"
reqalts,"how about british type of food
"
reqalts,"how about north american food
"
reqalts,"how about vietnamese food
"
reqalts,"how about asian oriental
"
reqalts,"anything else
"
reqalts,"is there anything else
"
reqalts,"is there a restaurant that serves modern european
"
reqalts,"is there a restaurant that serves modern european
"
reqalts,"is there a restaurant serving modern european food
"
reqalts,"is there a restaurant serving modern european food
"
reqalts,"how about italian food
"
reqalts,"how about italian food
"
reqalts,"anything else
"
reqalts,"anything else
"
reqalts,"how about italian food
"
reqalts,"how about italian food
"
reqalts,"how about italian food
"
reqalts,"how about british type of food
"
reqalts,"how about british type of food
"
reqalts,"how about international food
"
reqalts,"how about vietnamese food
"
reqalts,"how about chinese food
"
reqalts,"how about korean food
"
reqalts,"how about korean food
"
reqalts,"next
"
reqalts,"next
"
reqalts,"next
"
reqalts,"what about korean
"
reqalts,"what about korean food
"
reqalts,"how about asian oriental
"
reqalts,"how about asian oriental
"
reqalts,"how about thai food
"
reqalts,"anything else
"
reqalts,"is there anything else
"
reqalts,"how about indian
"
reqalts,"how about indian food
"
reqalts,"how about turkish food
"
reqalts,"is there anything else
"
reqalts,"is their anything else
"
reqalts,"anything else
"
reqalts,"is there anything else
"
reqalts,"what about french
"
reqalts,"is there anything else
"
reqalts,"how about italian
"
reqalts,"anything else
"
reqalts,"anything else
"
reqalts,"is there anything else
"
reqalts,"is there anything else
"
reqalts,"is there anything else
"
reqalts,"and what is the other restaurant
"
reqalts,"what is the other portuguese restaurant
"
reqalts,"is there another restaurant that serves portuguese food
"
reqalts,"what about chinese food
"
reqalts,"how bout indian food
"
reqalts,"anything else
"
reqalts,"what about asian oriental
"
reqalts,"anything else
"
reqalts,"anything else
"
reqalts,"how about chinese food
"
reqalts,"how about korean food
"
reqalts,"how about korean now
"
reqalts,"okay is there a restaurant that serves thai food
"
reqalts,"how about portugeuse food
"
reqalts,"what about swedish
"
reqalts,"what about thai
"
reqalts,"how about portuguese food
"
reqalts,"what about mediterranean
"
reqalts,"is there anything else
"
reqalts,"is there anything else
"
reqalts,"how about indian food
"
reqalts,"how about indian food
"
reqalts,"anything else
"
reqalts,"what about asian oriental food
"
reqalts,"anything else
"
reqalts,"anything else
"
reqalts,"how about italian food
"
reqalts,"is there anything else
"
reqalts,"is there anything else
"
reqalts,"is there anything else
"
reqalts,"how about indian noise
"
reqalts,"is there anything else
"
reqalts,"how about european food
"
reqalts,"is there anything else
"
reqalts,"is there another restaurant
"
reqalts,"is there another restaurant in the moderately price range in the east part of town
"
reqalts,"is there anything else
"
reqalts,"is there anything else
"
reqalts,"dont care is there anything else
"
reqalts,"is there anything else
"
reqalts,"is there anything else
"
reqalts,"is there anything else
"
reqalts,"is there another
"
reqalts,"is there anything else
"
reqalts,"how about chinese food
"
reqalts,"how about vietnamese
"
reqalts,"how about vietnamese food
"
reqalts,"is there anything else
"
reqalts,"is there anything else
"
reqalts,"what else
"
reqalts,"how about european food
"
reqalts,"how about korean food
"
reqalts,"how about asian oriental
"
reqalts,"is there anything else
"
reqalts,"how about a turkish restaurant
"
reqalts,"anything else
"
reqalts,"is there anything else
"
reqalts,"is there anything else
"
reqalts,"anything else
"
reqalts,"is there anything else
"
reqalts,"i dont care is there anything else
"
reqalts,"is there anything else
"
reqalts,"how about thai food
"
reqalts,"how about european
"
reqalts,"what else is there
"
reqalts,"is there anything else
"
reqalts,"give me another one
"
reqalts,"thats great what else is there
"
reqalts,"how about european
"
reqalts,"anything else
"
reqalts,"okay and what about spanish
"
reqalts,"is there anything else
"
reqalts,"is there anything else
"
reqalts,"is there anything else
"
reqalts,"how about european food
"
reqalts,"how about cantonese food
"
reqalts,"how about cantonates food
"
reqalts,"how about cantonese food
"
reqalts,"how about chinese food
"
reqalts,"anything else
"
reqalts,"anything else
"
reqalts,"anything else
"
reqalts,"anything else
"
reqalts,"anything else
"
reqalts,"do you have anything else
"
reqalts,"what about chinese food
"
reqalts,"how about korean food
"
reqalts,"is there anything else
"
reqalts,"anything else
"
reqalts,"what else
"
reqalts,"anything else
"
reqalts,"is there anything else
"
reqalts,"do you have anything else
"
reqalts,"how about indian food
"
reqalts,"is there anything else
"
reqalts,"anything else
"
reqalts,"anything else
"
reqalts,"what about italian food
"
reqalts,"anything else
"
reqalts,"is there anything else
"
reqalts,"anything else
"
reqalts,"is there anything else
"
reqalts,"how about european food
"
reqalts,"uh how about italian food
"
reqalts,"anything else
"
reqalts,"how about korean food
"
reqalts,"anything else
"
reqalts,"are there any restaurants in the south part of town that are expensive
"
reqalts,"how about indian food
"
reqalts,"how about in any area
"
reqalts,"how about in any area
"
reqalts,"anything else
"
reqalts,"is there anything else
"
reqalts,"how about portugeuse
"
reqalts,"okay how about european food
"
reqalts,"how about the moderate price range
"
reqalts,"anything else
"
reqalts,"how about asian oriental
"
reqalts,"how about asian oriental
"
reqalts,"is there anything else
"
reqalts,"what about chinese food
"
reqalts,"is there anything else
"
reqalts,"how about indian food
"
reqalts,"how about indian food
"
reqalts,"is there anything else
"
reqalts,"how about north american food
"
reqalts,"what about australian asian
"
reqalts,"how about indian
"
reqalts,"anything else
"
reqalts,"anything else
"
reqalts,"anything else
"
reqalts,"is there anything else
"
reqalts,"anything else
"
reqalts,"anything else
"
reqalts,"is there anything else
"
reqalts,"is there anything else
"
reqalts,"is there anything else
"
reqalts,"how about one that serves korean food
"
reqalts,"how about turkish
"
reqalts,"how about asian oriental
"
reqalts,"anything else
"
reqalts,"how about italian
"
reqalts,"how about italian food
"
reqalts,"how about italian food
"
reqalts,"what about thai
"
reqalts,"is there anything else
"
reqalts,"how about chinese food
"
reqalts,"is there anything else
"
reqalts,"is there anything else
"
reqalts,"next one please
"
reqalts,"next
"
reqalts,"anything else
"
reqalts,"anything else
"
reqalts,"how about turkish food
"
reqalts,"anything else
"
reqalts,"is there anything else
"
reqalts,"is there anything else
"
reqalts,"okay how about an expensive
"
reqalts,"what about spanish
"
reqalts,"how about italian food
"
reqalts,"is there anything else
"
reqalts,"anything else
"
reqalts,"anything else
"
reqalts,"is there anything else
"
reqalts,"are there any other restaurants
"
reqalts,"i want another restaurant that serves spanish food
"
reqalts,"give me something else
"
reqalts,"is there anything else
"
reqalts,"what about earatree food
"
reqalts,"do you have any other restaurant
"
reqalts,"is there anything else
"
reqalts,"anything else
"
reqalts,"is there anything else
"
reqalts,"there any other
"
reqalts,"could i have another one
"
reqalts,"is there anything else
"
reqalts,"is there any other ones anything else
"
reqalts,"how about chinese food
"
reqalts,"how about modern europone
"
reqalts,"is there anything else
"
reqalts,"is there anything else
"
reqalts,"what about vietnamese food
"
reqalts,"is there anything else
"
reqalts,"are there any others
"
reqalts,"how about asian oriental type of foo
"
reqalts,"anything else
"
reqalts,"what about any area
"
reqalts,"is there anything else
"
reqalts,"is there anything else
"
reqalts,"anything else
"
reqalts,"anything else
"
reqalts,"is there anything else
"
reqalts,"is there anything else
"
reqalts,"is there anything else
"
reqalts,"what are my other options
"
reqalts,"is there anything else
"
reqalts,"is there anything else
"
reqalts,"how about gastropub type of food
"
reqalts,"anything else
"
reqalts,"how about romanian food
"
reqalts,"is there anything else
"
reqalts,"is there anything else
"
reqalts,"what about italian food
"
reqalts,"how about french
"
reqalts,"how about french
"
reqalts,"okay how about french
"
reqalts,"how about a restaurant in the north part of town that sells french food
"
reqalts,"how about chinese food
"
reqalts,"what about gastropub food
"
reqalts,"how about vietnamese
"
reqalts,"how about vietnamese
"
reqalts,"how about chinese food
"
reqalts,"what about korean food
"
reqalts,"anything else
"
reqalts,"anything else
"
reqalts,"anything else
"
reqalts,"anything else
"
reqalts,"anything else
"
reqalts,"anything else
"
reqalts,"what else
"
reqalts,"anything else
"
reqalts,"anything else
"
reqalts,"how about indian food
"
reqalts,"how about indian
"
reqalts,"are there any other expensive restaurants in the east part of town
"
reqalts,"another
"
reqalts,"other
"
reqalts,"anything else
"
reqalts,"anything else
"
reqalts,"is there anything else
"
reqalts,"is there anything else
"
reqalts,"is there anything else
"
reqalts,"is there anything else
"
reqalts,"is there another restaurant
"
reqalts,"is there anything else
"
reqalts,"what about italian food
"
reqalts,"anything else
"
reqalts,"how about one serving jamaican food
"
reqalts,"how about a portuguese restaurant
"
reqalts,"how bout any price range
"
reqalts,"is there anything else
"
reqalts,"is there anything else
"
reqalts,"what about gastropub
"
reqalts,"how about french
"
reqalts,"how about italian food in the west of town
"
reqalts,"how about the center area
"
reqalts,"um how about spanish food
"
reqalts,"anything else
"
reqalts,"is there anything else
"
reqalts,"is there anything else
"
reqalts,"how about vietnamese food
"
reqalts,"how about vietnamese food
"
reqalts,"how about vietnamese
"
reqalts,"how about vietnamese
"
reqalts,"is there anything else
"
reqalts,"what about italian
"
reqalts,"anything else
"
reqalts,"how about a moderately priced restaurant that serves spani
"
reqalts,"how about a moderately priced restaurant that serves spanish
"
reqalts,"is there anything else
"
reqalts,"is there anything else
"
reqalts,"anything else
"
reqalts,"anything else
"
reqalts,"do you have another option anything else
"
reqalts,"is there anything else
"
reqalts,"what about chinese food
"
reqalts,"what about british food
"
reqalts,"is there anything else
"
reqalts,"is there anything that serves north american
"
reqalts,"how about indian type of food
"
reqalts,"what about indian food in the cheap price range
"
reqalts,"anything else
"
reqalts,"anything else
"
reqalts,"anything else
"
reqalts,"how bout asian
"
reqalts,"how about thai food
"
reqalts,"how about thai food
"
reqalts,"what about portugese
"
reqalts,"how about the moderate price range
"
reqalts,"how about spanish food
"
reqalts,"how about italian
"
reqalts,"anything else
"
reqalts,"next
"
reqalts,"how about thai
"
reqalts,"is there anything else
"
reqalts,"is there anything else
"
reqalts,"is there anything
"
reqalts,"is there anything else
"
reqalts,"is there anything else
"
reqalts,"i want a different res
"
reqalts,"give me a different restaurant
"
reqalts,"anything else
"
reqalts,"anything else
"
reqalts,"how about north american food
"
reqalts,"how about north american food
"
reqalts,"how about north american food
"
reqalts,"is there anything else
"
reqalts,"anything else
"
reqalts,"anything else
"
reqalts,"is there anything else
"
reqalts,"is there anything else
"
reqalts,"is there anything else
"
reqalts,"anything else
"
reqalts,"how about modern european food
"
reqalts,"how about asian oriental
"
reqalts,"okay fine what about asian food
"
reqalts,"what about european food
"
reqalts,"is there anything else
"
reqalts,"is there anything else
"
reqalts,"what else do you have
"
reqalts,"anything else
"
reqalts,"anything else
"
reqalts,"is there anything else
"
reqalts,"anything else
"
reqalts,"how about vietnamese type of food
"
reqalts,"how about vietnamese type of food
"
reqalts,"ah how bout a turkish type of food
"
reqalts,"what about chinese type of food
"
reqalts,"what about chinese type of food
"
reqalts,"anything else
"
reqalts,"how about italian food
"
reqalts,"how about italian food
"
reqalts,"is there anything else
"
reqalts,"are there any others
"
reqalts,"are there any other restaurants
"
reqalts,"how about asian oriental
"
reqalts,"how about portuguese food
"
reqalts,"how about portuguese food
"
reqalts,"is there anything else
"
reqalts,"is there anything else
"
reqalts,"what about italian food
"
reqalts,"how about chinese food
"
reqalts,"how about italian food
"
reqalts,"is there anything else
"
reqalts,"how about italian food
"
reqalts,"how about indian food
"
reqalts,"how about indian food
"
reqalts,"anything else
"
reqalts,"what about a moderately priced restaurant in the south part of town
"
reqalts,"how about vietnamese food
"
reqalts,"how about vietnamese food
"
reqalts,"what about vietnamese food
"
reqalts,"what about vietnamese food
"
reqalts,"how about vietnamese
"
reqalts,"what about vietnamese food
"
reqalts,"what about vietnamese food
"
reqalts,"how about vietnamese food
"
reqalts,"what about international
"
reqalts,"what about international food
"
reqalts,"is there anything else
"
reqalts,"anything else
"
reqalts,"how about asian oriental
"
reqalts,"how about gastropub food
"
reqalts,"how about chinese food
"
reqalts,"is there a restaurant in the west part of town that serves thai food
"
reqalts,"is there anything else
"
reqalts,"how about any part of town
"
reqalts,"how about a turkish restaurant anywhere
"
reqalts,"how about a turkish restaurant
"
reqalts,"another type of food
"
reqalts,"how about italian food
"
reqalts,"how about italian food
"
reqalts,"uh what about indian
"
reqalts,"anything else
"
reqalts,"anything else
"
reqalts,"new garden do you have any other
"
reqalts,"how about a restaurant serving vietnamese food
"
reqalts,"are there any restaurants serving indian food
"
reqalts,"are there any restaurants serving indian food
"
reqalts,"is there anything else
"
reqalts,"how about vietnamese food
"
reqalts,"anything else
"
reqalts,"is there anything else
"
reqalts,"how about chinese food
"
reqalts,"how about spanish food
"
reqalts,"how about asian oriental
"
reqalts,"how about asian
"
reqalts,"anything else
"
reqalts,"anything else
"
reqalts,"is there anything else
"
reqalts,"is there anything else
"
reqalts,"is there anything else
"
reqalts,"how about italian food
"
reqalts,"how about one that serves asian oriental food
"
reqalts,"is there anything else
"
reqalts,"how about international food
"
reqalts,"how about italian food
"
reqalts,"kay how about indian food
"
reqalts,"kay how about indian food
"
reqalts,"is there anything else
"
reqalts,"is there anything else
"
reqalts,"is there anything else
"
reqalts,"is there anything else
"
reqalts,"how about chinese food
"
reqalts,"is there any thing else
"
reqalts,"how about one serving unintelligible food
"
reqalts,"how about canape food
"
reqalts,"how about canape
"
reqalts,"how about canapes
"
reqalts,"how about canapes
"
reqalts,"how about indian food
"
reqalts,"what about korean food
"
reqalts,"what about korean food
"
reqalts,"how about gastropub type food
"
reqalts,"is there anything else
"
reqalts,"how about korean food
"
reqalts,"is there anything else
"
reqalts,"how about vietnamese
"
reqalts,"how about vietnamese food
"
reqalts,"uh is there anything else
"
reqalts,"okay is there any others
"
reqalts,"anything else
"
reqalts,"how about chinese food
"
reqalts,"what about chinese food
"
reqalts,"okay how bout thai food
"
reqalts,"how about indian food
"
reqalts,"how about ah one that serves asian oriental
"
reqalts,"do you have anything else
"
reqalts,"how about asian oriental
"
reqalts,"how about in any price range
"
reqalts,"anything else
"
reqalts,"are there any restaurants serving turkish food
"
reqalts,"are there any restaurants serving turkish food
"
reqalts,"how about vietnamese type of food
"
reqalts,"is there a restaurant in the west part of town that serves vietnamese food
"
reqalts,"what about international food
"
reqalts,"how about korean food
"
reqalts,"do you have a restaurant that serves korean food
"
reqalts,"is there anything else
"
reqalts,"how about indian food
"
reqalts,"how about indian type of food
"
reqalts,"what about indian
"
reqalts,"do you have a restaurant that serves turkish food
"
reqalts,"how about indian food
"
reqalts,"is there anything else
"
reqalts,"next
"
reqalts,"next
"
reqalts,"anything else
"
reqalts,"noise is there anything else
"
reqalts,"is there anything else
"
reqalts,"is there anything else
"
reqalts,"is there anything else
"
reqalts,"what about asian oriental food
"
reqalts,"how about asian oriental
"
reqalts,"how about a restaurant in the west part of town that serves vietnamese food
"
reqalts,"how about a restaurant in the west part of town serving vietnamese food
"
reqalts,"how about european
"
reqalts,"anything else
"
reqalts,"what about chinese food
"
reqalts,"is there anything else
"
reqalts,"is there anything else
"
reqalts,"anything else
"
reqalts,"how about italian food in the west part of town
"
reqalts,"is there anything else
"
reqalts,"is there anything else
"
reqalts,"anything else
"
reqalts,"is there anything else
"
reqalts,"how about indian food
"
reqalts,"how about indian food
"
reqalts,"how about asian oriental
"
reqalts,"how about indian food
"
reqalts,"how about indian food
"
reqalts,"is there anything else
"
reqalts,"anything else
"
reqalts,"is there anything else
"
reqalts,"how about gastropub food
"
reqalts,"is there a restaurant that serves gastropub food
"
reqalts,"something else
"
reqalts,"how about italian
"
reqalts,"is there anything else
"
reqalts,"okay how about a venue with italian food
"
reqalts,"how about vietnamese food
"
reqalts,"how about vietnamese food
"
reqalts,"how about modern european food
"
reqalts,"how about european food
"
reqalts,"what about chinese in the south part of town
"
reqalts,"im sorry but what about chinese food
"
reqalts,"is there a restaurant in the east part of town that serves indian food
"
reqalts,"is there a restaurant that serves indian food
"
reqalts,"what else
"
reqalts,"whats another one
"
reqalts,"anything else
"
reqalts,"how about any price range
"
reqalts,"is there anything else
"
reqalts,"how about portuguese food
"
reqalts,"how about international food in any price range
"
reqalts,"what about thai food
"
reqalts,"what about thai food
"
reqalts,"okay how about thai food
"
reqalts,"what about thai food
"
reqalts,"how about asian food
"
reqalts,"how about asian food
"
reqalts,"how about oriental type of food
"
reqalts,"how about italian
"
reqalts,"how about european type food
"
reqalts,"anything else
"
reqalts,"anything else
"
reqalts,"is there anything else
"
reqalts,"anything else
"
reqalts,"how about a restaurant that serves international food
"
reqalts,"what about chinese food
"
reqalts,"is there anything else
"
reqalts,"anything else
"
reqalts,"is there anything else
"
reqalts,"what about european food
"
reqalts,"how about european food
"
reqalts,"how about chinese food
"
reqalts,"how about chinese food
"
reqalts,"is there anything else
"
reqalts,"um what about chinese
"
reqalts,"anything else
"
reqalts,"how about turkish food
"
reqalts,"is there anything else
"
reqalts,"okay how about indian food
"
reqalts,"okay how about indian food
"
reqalts,"how about italian
"
reqalts,"how about asian oriental
"
reqalts,"how about french food
"
reqalts,"is there another restaurant
"
reqalts,"is there anything else
"
reqalts,"anything else
"
reqalts,"uh anything else
"
reqalts,"is there anything else
"
reqalts,"is there anything else that serves turkish
"
reqalts,"is there anything else
"
reqalts,"how about indian food
"
reqalts,"how about indian food
"
reqalts,"how about canapes
"
reqalts,"how about indian food
"
reqalts,"are there any barbecue restaurants
"
reqalts,"what about chinese food
"
reqalts,"how about asian food
"
reqalts,"how about korean food
"
reqalts,"anything else
"
reqalts,"how about european food
"
reqalts,"what about european food
"
reqalts,"is there a restaurant in the north part of town that serves indian food
"
reqalts,"is there a restaurant in the north part of town that serves indian food
"
reqalts,"how about international food
"
reqalts,"anything else
"
reqalts,"how about gastropub type of food
"
reqalts,"how about gastropub food
"
reqalts,"how about gastro type
"
reqalts,"how about north american food
"
reqalts,"how about chinese food
"
reqalts,"how about chinese food
"
reqalts,"how about chinese food
"
reqalts,"how about chinese food
"
reqalts,"how about chinese food
"
reqalts,"how about chinese food
"
reqalts,"how about chinese food
"
reqalts,"is their anything else
"
reqalts,"how about cheap portuguese food
"
reqalts,"how about cheap
"
reqalts,"anything else
"
reqalts,"what else is there
"
reqalts,"anything else
"
reqalts,"is there anything else
"
reqalts,"next
"
reqalts,"another restaurant
"
reqalts,"next
"
reqalts,"how about vietnamese food
"
reqalts,"how about vietnamese food
"
reqalts,"how about the west of town
"
reqalts,"how about modern european
"
reqalts,"how about modern european food
"
reqalts,"how about portuguese food
"
reqalts,"is there anything else
"
reqalts,"is there anything else
"
reqalts,"anything else
"
reqalts,"and anything else
"
reqalts,"is there anything else
"
reqalts,"how about european food
"
reqalts,"uh is there anything else
"
reqalts,"how about chinese food
"
reqalts,"anything else
"
reqalts,"uh how about turkish type of food
"
reqalts,"anything else
"
reqalts,"how about vietnamese
"
reqalts,"do you have anything else
"
reqalts,"how about european food
"
reqalts,"how about portuguese food
"
reqalts,"thats fine how bout asian food
"
reqalts,"how about asian food
"
reqalts,"sure how about asian food
"
reqalts,"how about asian
"
reqalts,"how about asian food
"
reqalts,"how about indian food
"
reqalts,"how about indian
"
reqalts,"what about north american type of food
"
reqalts,"what about american food
"
reqalts,"is there anything else
"
reqalts,"what about vietnamese type of food
"
reqalts,"is there anything else
"
reqalts,"is there anything else
"
reqalts,"is there anything else
"
reqalts,"how about european food
"
reqalts,"how about european food
"
reqalts,"how about european food
"
reqalts,"anything else
"
reqalts,"how about european food
"
reqalts,"what about european food
"
reqalts,"noice how about european
"
reqalts,"anything else
"
reqalts,"how about indian food
"
reqalts,"anything else
"
reqalts,"anything else
"
reqalts,"is there anything else
"
reqalts,"how about korean food
"
reqalts,"is there anything else
"
reqalts,"how about spanish food
"
reqalts,"how about english food in the north part of town
"
reqalts,"is there any thing else
"
reqalts,"how about european food
"
reqalts,"how about european food
"
reqalts,"anything else
"
reqalts,"how about indian food
"
reqalts,"how about indian food
"
reqalts,"what about british food
"
reqalts,"how about korean food
"
reqalts,"is there anything else
"
reqalts,"is there anything else
"
reqalts,"how about french food
"
reqalts,"what about thai food
"
reqalts,"how about french
"
reqalts,"how about italian
"
reqalts,"what about italian food
"
reqalts,"is there anything else
"
reqalts,"how about chinese food
"
reqalts,"how about turkish food
"
reqalts,"how about indian food
"
reqalts,"is there a restaurant that has british food
"
reqalts,"how about persian food
"
reqalts,"how about british type food
"
reqalts,"is there anything else
"
reqalts,"anything else
"
reqalts,"anything else
"
reqalts,"anything else
"
reqalts,"what about chinese food
"
reqalts,"what about chinese food
"
reqalts,"how about chinese food
"
reqalts,"how about chinese food
"
reqalts,"how about spanish types of food
"
reqalts,"how about korean food
"
reqalts,"how about korean food
"
reqalts,"um what about italian food
"
reqalts,"how about european food
"
reqalts,"if there is no such venue how about italian type of food
"
reqalts,"is there anything else
"
reqalts,"okay give me another option
"
reqalts,"anything else
"
reqalts,"i believe you anything else
"
reqalts,"um what about european
"
reqalts,"how about asian oriental
"
reqalts,"how about asian oriental
"
reqalts,"how about asian oriental
"
reqalts,"what about asian oriental
"
reqalts,"is there anything else
"
reqalts,"anything else
"
reqalts,"is there anything else
"
reqalts,"anything else
"
reqalts,"anything else
"
reqalts,"anything else
"
reqalts,"are there any other expensive restaurants in the east part of town
"
reqalts,"is there anything else
"
reqalts,"is there anything else
"
reqalts,"how about asian oriental
"
reqalts,"how about italian
"
reqalts,"how about italian food
"
reqalts,"how about asian oriental
"
reqalts,"is there anything else
"
reqalts,"uh how about italian
"
reqalts,"can i have another option
"
reqalts,"anything else
"
reqalts,"is there anything else
"
reqalts,"anything else
"
reqalts,"what about indian
"
reqalts,"what about international food
"
reqalts,"anything else
"
reqalts,"how european food
"
reqalts,"is there a restaurant that serves european food
"
reqalts,"is there anything else
"
reqalts,"what about vietnamese food
"
reqalts,"how about asian food
"
reqalts,"how about chinese food
"
reqalts,"how about chinese food
"
reqalts,"anything else
"
reqalts,"is there anything else
"
reqalts,"is there anything else
"
reqalts,"what about asian oriental
"
reqalts,"is there any restaurant serving asian oriental food
"
reqalts,"is there anything else
"
reqalts,"is there anything else
"
reqalts,"is there anything else
"
reqalts,"how about italian food
"
reqalts,"how about modern european
"
reqalts,"uh how about north american
"
reqalts,"is there another alternative
"
reqalts,"is there anything else
"
reqalts,"anything else
"
reqalts,"anything else
"
reqalts,"anything else
"
reqalts,"anything else
"
reqalts,"what about asian oriental
"
reqalts,"how about cheap
"
reqalts,"how about chinese food
"
reqalts,"how about chinese food
"
reqalts,"is there anything else
"
reqalts,"how about italian
"
reqalts,"how about thai
"
reqalts,"how about vietnamese food
"
reqalts,"how about vietnamese food
"
reqalts,"how about thai food
"
reqalts,"what about thai food
"
reqalts,"anything else
"
reqalts,"is there anything else
"
reqalts,"anything else
"
reqalts,"what about vietnamese food
"
reqalts,"how about korean type food
"
reqalts,"anything else
"
reqalts,"how about indian type of food
"
reqalts,"next
"
reqalts,"next
"
reqalts,"next
"
reqalts,"how about indian type of food
"
reqalts,"how about indian type of food
"
reqalts,"is there anything else
"
reqalts,"how about asian oriental
"
reqalts,"how about asian oriental
"
reqalts,"what about italian
"
reqalts,"anything else
"
reqalts,"how about european food
"
reqalts,"how about turkish
"
reqalts,"is there anything else
"
reqalts,"is there anything else
"
reqalts,"uh okay how about french food
"
reqalts,"anything else
"
reqalts,"anything else
"
reqalts,"how about indian food
"
reqalts,"what about indian
"
reqalts,"how about indian type of food
"
reqalts,"how about indian food
"
reqalts,"how about indian type of food
"
reqalts,"what is available
"
reqalts,"is there anything else
"
reqalts,"what about european food
"
reqalts,"is there anything else
"
reqalts,"is there anything else
"
reqalts,"how about italian food
"
reqalts,"anything else
"
reqalts,"how about indian food
"
reqalts,"how about indian food
"
reqalts,"how about thai food
"
reqalts,"what about thai
"
reqalts,"what about thai food
"
reqalts,"is there anything else
"
reqalts,"what else
"
reqalts,"is there anything else
"
reqalts,"is there anything else
"
reqalts,"how about gastropub food
"
reqalts,"is there anything else
"
reqalts,"is there anything else
"
reqalts,"how about indian food
"
reqalts,"is there anything else in the medium price range
"
reqalts,"is there anything else
"
reqalts,"is there anything else
"
reqalts,"how about modern european type of food
"
reqalts,"can i try another one
"
reqalts,"is there another one
"
reqalts,"anything else
"
reqalts,"how about thai food
"
reqalts,"how about any price range
"
reqalts,"how about moderately priced thai food
"
reqalts,"how about indian food
"
reqalts,"anything else
"
reqalts,"anything else
"
reqalts,"how about spanish food
"
reqalts,"how about spanish food
"
reqalts,"how about indian food
"
reqalts,"how about chinese food
"
reqalts,"how about chinese food
"
reqalts,"how about italian food
"
reqalts,"how about modern european food
"
reqalts,"how about thai food
"
reqalts,"how about thai food
"
reqalts,"anything else
"
reqalts,"how about spanish food
"
reqalts,"what about chinese food
"
reqalts,"anything else
"
reqalts,"how about italian
"
reqalts,"what about italian food
"
reqalts,"what about a restaurant that serves chinese food
"
reqalts,"anything else
"
reqalts,"is there anything else
"
reqalts,"how about indian food
"
reqalts,"how about gastropub type of food
"
reqalts,"how about portuguese food
"
reqalts,"is there anything else
"
reqalts,"how about modern european
"
reqalts,"how about thai food
"
reqalts,"how about the center area
"
reqalts,"how about an expensive restaurant that serves european food
"
reqalts,"how about european food
"
reqalts,"anything else
"
reqalts,"what about korean food
"
reqalts,"is there anything else
"
reqalts,"what about in the west area
"
reqalts,"is there anything else
"
reqalts,"how about the north part
"
reqalts,"is there anything else
"
reqalts,"anything else
"
reqalts,"how about indian
"
reqalts,"how about indian
"
reqalts,"how about a restaurant in the east part of town that serves indian food
"
reqalts,"how about european food
"
reqalts,"how about french food
"
reqalts,"how about french
"
reqalts,"how about french
"
reqalts,"how about korean food
"
reqalts,"how about indian food
"
reqalts,"what about british food
"
reqalts,"how about chinese food
"
reqalts,"what about vietnamese food
"
reqalts,"what about vietnamese food
"
reqalts,"how about chinese food
"
reqalts,"is there anything else
"
reqalts,"is there anything else
"
reqalts,"how about indian food
"
reqalts,"is there any restaurants that serve indian food
"
reqalts,"how about european food
"
reqalts,"how about european food
"
reqalts,"is there anything else
"
reqalts,"is there anything else
"
reqalts,"ok how about chinese food
"
reqalts,"how about chinese food
"
reqalts,"ok if there is no restaurant serving indonesian food how about a restaurant serving chinese food
"
reqalts,"ok is there any restaurant that serves chinese food in the east part of town
"
reqalts,"how about vietnamese food
"
reqalts,"how about vietnamese food
"
reqalts,"how about an indian restaurant in the north part of town
"
reqalts,"how about indian food
"
reqalts,"is there anything else
"
reqalts,"how about international food
"
reqalts,"is there anything else
"
reqalts,"anything else
"
reqalts,"anything else
"
reqalts,"how about korean food
"
reqalts,"how about vietnamese
"
reqalts,"what about european food
"
reqalts,"how about italian food
"
reqalts,"is there anything else
"
reqalts,"anything else
"
reqalts,"what about british food
"
reqalts,"do you have anything else
"
reqalts,"anything else
"
reqalts,"anything else
"
reqalts,"anything else
"
reqalts,"how about french food
"
reqalts,"is there anything else
"
reqalts,"is there anything else
"
reqalts,"anything else
"
reqalts,"how about italian food
"
reqalts,"is there anything else
"
reqalts,"i hate golden wok is there anything else
"
reqalts,"are there any other restaurants
"
reqalts,"what about indian
"
reqalts,"what about any area
"
reqalts,"what about any area
"
reqalts,"what else do you have
"
reqalts,"is there anything else besides golden wok
"
reqalts,"is there anything else
"
reqalts,"is there anything else
"
reqalts,"anything else
"
reqalts,"anything else
"
reqalts,"is there anything else
"
reqalts,"how about north american food
"
reqalts,"are there any restaurants that serve english food
"
reqalts,"how about european food
"
reqalts,"okay what about a a modern european
"
reqalts,"what about european food
"
reqalts,"anything else
"
reqalts,"is there any other restaurant
"
reqalts,"is there anything else
"
reqalts,"is there another place
"
reqalts,"how about european food
"
reqalts,"how about indian
"
reqalts,"how about italian food
"
reqalts,"other
"
reqalts,"anything else
"
reqalts,"anything else
"
reqalts,"what about british food
"
reqalts,"is there anything else
"
reqalts,"is there anything else
"
reqalts,"how about north american type of food
"
reqalts,"how about north american type of food
"
reqalts,"how about one that serves british food
"
reqalts,"okay how about indian food
"
reqalts,"anything else
"
reqalts,"anything elses
"
reqalts,"another
"
reqalts,"is there anything else
"
reqalts,"anything else
"
reqalts,"is there another
"
reqalts,"what about asian oriental food
"
reqalts,"how about north american food
"
reqalts,"anything else
"
reqalts,"how about italian
"
reqalts,"anything else
"
reqalts,"anything else
"
reqalts,"is there anyone else
"
reqalts,"what about turkish food
"
reqalts,"is there anything else
"
reqalts,"how about thai
"
reqalts,"how about thai food
"
reqalts,"how about cantonese food
"
reqalts,"how about thai food
"
reqalts,"what about british
"
reqalts,"how about moderate
"
reqalts,"how about an indian restaurant
"
reqalts,"what about indian
"
reqalts,"how about indian food
"
reqalts,"how about a gastropub restaurant
"
reqalts,"anything else
"
reqalts,"what about italian food
"
reqalts,"is there anything else
"
reqalts,"is there anything else
"
reqalts,"is there something else
"
reqalts,"is there anything else
"
reqalts,"is there anything else
"
reqalts,"is there anything else
"
reqalts,"is there anything else
"
reqalts,"is there anything else
"
reqalts,"how about indian food
"
reqalts,"how about modern european type of food
"
reqalts,"is there anything else
"
reqalts,"what about bistro food
"
reqalts,"how about a moderately priced
"
reqalts,"how about chinese food
"
reqalts,"how about vietnamese food
"
reqalts,"how about a restaurant that serves thai food
"
reqalts,"how about a restaurant that serves thai food
"
reqalts,"breath is there anything else
"
reqalts,"how about creative food
"
reqalts,"how about creative food
"
reqalts,"how about north american type of food
"
reqalts,"what about belgian food
"
reqalts,"what about korean food
"
reqalts,"how about west
"
reqalts,"how about the west area
"
reqalts,"anything else
"
reqalts,"anything else
"
reqalts,"how about chinese food
"
reqalts,"okay uh how about a bristish
"
reqalts,"is there anything else
"
reqalts,"how about italian food
"
reqalts,"is there anything that serves caribbean food
"
reqalts,"is there anything else
"
reqalts,"is there anything else
"
reqalts,"is there anything else
"
reqalts,"is there anything else
"
reqalts,"is there anything ele
"
reqalts,"is there anything else
"
reqalts,"is there anything else
"
reqalts,"what about thai food
"
reqalts,"what about indian then
"
reqalts,"how about korean food
"
reqalts,"what about korean food
"
reqalts,"what about korean
"
reqalts,"what about thai
"
reqalts,"what about italian
"
reqalts,"is there anything else
"
reqalts,"is there anything else
"
reqalts,"is there anything else
"
reqalts,"are there any other options
"
reqalts,"is there anything else
"
reqalts,"another
"
reqalts,"how about turkish
"
reqalts,"okay what about european
"
reqalts,"is there anything else
"
reqalts,"how about international food
"
reqalts,"how about italian food
"
reqalts,"how about italian food
"
reqalts,"is there any other restaurant that serves turkish food
"
reqalts,"anything else
"
reqalts,"how about asian oriental
"
reqalts,"how about asian oriental
"
reqalts,"how about indian food
"
reqalts,"how about french food
"
reqalts,"anything else
"
reqalts,"what about international food
"
reqalts,"is there anything else
"
reqalts,"is there anything else
"
reqalts,"how about turkish food
"
reqalts,"how about european food
"
reqalts,"next
"
reqalts,"how about asian food
"
negate,"no im looking for gastropub food
"
negate,"tv_noise no
"
negate,"no dont care
"
negate,"no
"
negate,"no
"
negate,"no
"
negate,"no
"
negate,"no
"
negate,"no
"
negate,"no any area
"
negate,"no
"
negate,"no in any area
"
negate,"no
"
negate,"uh no im loo ah change it to british
"
negate,"no
"
negate,"no
"
negate,"no
"
negate,"no danish
"
negate,"no
"
negate,"no i want belgium food
"
negate,"no
"
negate,"no
"
negate,"no
"
negate,"no portuguese
"
negate,"no moderately priced
"
negate,"no
"
negate,"no
"
negate,"no
"
negate,"no
"
negate,"no
"
negate,"no
"
negate,"no
"
negate,"no
"
negate,"no
"
negate,"no
"
negate,"no unintelligible
"
negate,"no
"
negate,"no
"
negate,"no
"
negate,"no
"
negate,"no
"
negate,"no
"
negate,"no north
"
negate,"no
"
negate,"no north part of town
"
negate,"no
"
negate,"no cheap restaurant
"
negate,"no
"
negate,"noise no
"
negate,"no im looking for a unintelligible that serves english food
"
negate,"no english food
"
negate,"no
"
negate,"no any area
"
negate,"no im looking for pan asian food
"
negate,"no there is no such venue how about portuguese food
"
negate,"uh no preference
"
negate,"no
"
negate,"no
"
negate,"no
"
negate,"no
"
negate,"no how about vietnamese
"
negate,"no
"
negate,"no
"
negate,"no
"
negate,"wrong no
"
negate,"no
"
negate,"no thai food
"
negate,"no im looking for turkish
"
negate,"no
"
negate,"no
"
negate,"no canapes
"
negate,"no canapes
"
negate,"no
"
negate,"no
"
negate,"no
"
negate,"no
"
negate,"no
"
negate,"no
"
negate,"no
"
negate,"no catalan food
"
negate,"no
"
negate,"no
"
negate,"no catalan
"
negate,"no
"
negate,"no im looking for a cheap price range in the east part of town
"
negate,"no
"
negate,"no
"
negate,"no
"
negate,"no
"
negate,"no
"
negate,"no
"
negate,"no
"
negate,"no
"
negate,"no im looking for a unintelligible swiss food
"
negate,"no any area
"
negate,"no
"
negate,"no
"
negate,"no
"
negate,"no air tran good
"
negate,"no moderately priced restaurant
"
negate,"no
"
negate,"no
"
negate,"no
"
negate,"no
"
negate,"no
"
negate,"no
"
negate,"wait no i wanted portuguese food
"
negate,"no steak house
"
negate,"uh no im looking for italian food
"
negate,"no
"
negate,"no
"
negate,"no french food
"
negate,"no
"
negate,"no
"
negate,"no moderately priced
"
negate,"no
"
negate,"no noise
"
negate,"no
"
negate,"no im looking for austria asian food
"
negate,"no
"
negate,"no
"
negate,"no lebanese how do you say it
"
negate,"no
"
negate,"no
"
negate,"no
"
negate,"no lebanese food
"
negate,"no lebanese food
"
negate,"no im looking for a restaurant in the south part of town that serves
"
negate,"no
"
negate,"no
"
negate,"no indian
"
negate,"no french food
"
negate,"no
"
negate,"no
"
negate,"no
"
negate,"no
"
negate,"no
"
negate,"no im looking for asian oriental
"
negate,"no
"
negate,"no
"
negate,"no
"
negate,"no caribbean
"
negate,"no
"
negate,"no
"
negate,"no
"
negate,"no okay thats fine what about french food
"
negate,"no
"
negate,"noise no im looking for a french restaurant
"
negate,"no
"
negate,"no
"
negate,"no pan asian food
"
negate,"no
"
negate,"uh no oh
"
negate,"no thank you good bye
"
negate,"no
"
negate,"no
"
negate,"no
"
negate,"no
"
negate,"no
"
negate,"no caribbean
"
negate,"no not noise
"
negate,"no what about thai food
"
negate,"no thank you
"
negate,"no
"
negate,"no
"
negate,"no
"
negate,"no i need a restaurant in the west part of town
"
negate,"no ah
"
negate,"no thank you good bye
"
negate,"no
"
negate,"no
"
negate,"no
"
negate,"no asian oriental
"
negate,"no im looking
"
negate,"uh no thank you and good bye
"
negate,"breath no unusual food
"
negate,"no
"
negate,"no thank you goodbye
"
negate,"no
"
negate,"no
"
negate,"um no
"
negate,"no
"
negate,"no
"
negate,"no i would like a cuban restaurant
"
negate,"no
"
negate,"no asian oriental
"
negate,"no
"
negate,"no
"
negate,"no in the south
"
negate,"no australian food
"
negate,"no
"
negate,"no
"
negate,"no thats good because i want um asian oriental
"
negate,"no
"
negate,"no
"
negate,"no corsica food
"
negate,"no
"
negate,"no
"
negate,"no
"
negate,"no
"
negate,"no i am looking for a vietnamese restaurant
"
negate,"no
"
negate,"no
"
negate,"no
"
negate,"no
"
negate,"no french food
"
negate,"no caribbean
"
negate,"no
"
negate,"no
"
negate,"no
"
negate,"no
"
negate,"no
"
negate,"no british food
"
negate,"no
"
negate,"no
"
negate,"no
"
negate,"no
"
negate,"no
"
negate,"no
"
negate,"no
"
negate,"no im looking for an expensive restaurant in the east part of town
"
negate,"no
"
negate,"no
"
negate,"no
"
negate,"no
"
negate,"no
"
negate,"no
"
negate,"no
"
negate,"no thank you good bye
"
negate,"no
"
negate,"no asian
"
negate,"no
"
negate,"no im looking for a moderately priced restaurant that serves kosher food
"
negate,"no cheap restaurant in the south part of town
"
negate,"no singaporean
"
negate,"no singaporean
"
negate,"no
"
negate,"no
"
negate,"no
"
negate,"no
"
negate,"no
"
negate,"no
"
negate,"no
"
negate,"no gastropub
"
negate,"no
"
negate,"no
"
negate,"no hungarian
"
negate,"no hungarian food
"
negate,"no romanian
"
negate,"no im looking for thai food
"
negate,"no im looking for thai food
"
negate,"no
"
negate,"no im looking for thai food
"
negate,"no
"
negate,"no chinese
"
negate,"no
"
negate,"no
"
negate,"no i said irish
"
negate,"no eritrean
"
negate,"no im looking for eritrean food
"
negate,"no
"
negate,"no austrian food
"
negate,"no indian restaurant
"
negate,"no
"
negate,"no
"
negate,"no
"
negate,"no
"
negate,"no
"
negate,"no
"
negate,"no
"
negate,"no
"
negate,"no vietnamese
"
negate,"no indian
"
negate,"no thank you good bye
"
negate,"no thai
"
negate,"no i want thai food
"
negate,"no
"
negate,"no
"
negate,"no
"
negate,"no north
"
negate,"no thai food
"
negate,"no
"
negate,"no
"
negate,"no vietnamese food
"
negate,"thank you good bye no thank you good bye
"
negate,"no
"
negate,"no no im looking
"
negate,"no
"
negate,"no
"
negate,"no
"
negate,"no
"
negate,"no
"
negate,"no
"
negate,"no indian
"
negate,"no
"
negate,"no chinese
"
negate,"no
"
negate,"no
"
negate,"no
"
negate,"no
"
negate,"no
"
negate,"no
"
negate,"no
"
negate,"no
"
negate,"no
"
negate,"no
"
negate,"no
"
negate,"no
"
negate,"no
"
negate,"breath no malaysian food
"
negate,"no
"
negate,"no
"
negate,"no
"
negate,"no
"
negate,"no
"
negate,"no i want american food
"
negate,"no
"
negate,"no im looking for one that serves vietnamese food
"
negate,"no
"
negate,"no
"
negate,"no thank you good bye
"
negate,"no
"
negate,"no chinese
"
negate,"no
"
negate,"no
"
negate,"no
"
negate,"no hungarian food
"
negate,"no british food
"
negate,"no chinese
"
negate,"no
"
negate,"no
"
negate,"no
"
negate,"no the south part
"
negate,"no
"
negate,"no
"
negate,"no
"
negate,"no
"
negate,"no
"
negate,"no im looking for pan asian
"
negate,"no
"
negate,"no south part of town
"
negate,"no north
"
negate,"no
"
negate,"no
"
negate,"no
"
negate,"no
"
negate,"no
"
negate,"no
"
negate,"no
"
negate,"no
"
negate,"no new selection
"
negate,"no
"
negate,"no
"
negate,"no
"
negate,"no
"
negate,"no indian food
"
negate,"no
"
negate,"no
"
negate,"no
"
negate,"no
"
negate,"no thai
"
negate,"no
"
negate,"no danish food
"
negate,"no
"
negate,"no
"
negate,"no
"
negate,"no
"
negate,"no
"
negate,"no
"
negate,"no
"
negate,"no
"
negate,"no
"
negate,"no
"
negate,"no center
"
negate,"no
"
negate,"no
"
negate,"no
"
negate,"no
"
negate,"no
"
negate,"no
"
negate,"no
"
negate,"no
"
negate,"no
"
negate,"no
"
negate,"no thank you good bye
"
negate,"no thai food
"
negate,"no
"
negate,"no well how about thai
"
negate,"no thai food
"
negate,"no thank you good bye
"
negate,"no
"
negate,"no
"
negate,"no thank you
"
negate,"no something else
"
negate,"no
"
negate,"uh no thats it thank you and good bye
"
negate,"no
"
negate,"no
"
confirm,"is it serving french food
"
confirm,"is it in the center
"
confirm,"does it serve kosher food
"
confirm,"is it european
"
confirm,"does it serve european type food
"
confirm,"does it serve chinese type of food
"
confirm,"does it serve chinese food
"
confirm,"does it serve canapes
"
confirm,"is that portuguese
"
confirm,"do they serve unintelligible food
"
confirm,"do they serve unintelligible food
"
confirm,"is it moderately priced
"
confirm,"does it serve thai food
"
confirm,"does it serve indian food
"
confirm,"is it cheap
"
confirm,"is it chinese food though
"
confirm,"does it serve gastropub
"
confirm,"is there a
"
confirm,"does it serve cuban food
"
confirm,"does it serve modern european food
"
confirm,"does it serve swedish serve
"
confirm,"does it serve asian oriental
"
confirm,"is it asian oriental
"
confirm,"do they serve turkish food
"
confirm,"do they have turkish food
"
confirm,"does it serve kitalian food
"
confirm,"does it serve kitalian food
"
confirm,"does it serve african
"
confirm,"does it serve fusion food
"
confirm,"is it in the south part of town
"
confirm,"is there a venue that serve vietnamese food
"
confirm,"is there a modern european
"
confirm,"is it in the center
"
confirm,"is there a chinese
"
confirm,"and is this a moderately priced restaurant
"
confirm,"okay is it in the west part of town
"
confirm,"is there a portugeuse food
"
confirm,"does it serve gastropub
"
confirm,"is there a gastropub
"
confirm,"uh is there a korean restaurant in the center of town
"
confirm,"does it serve thai food
"
confirm,"does it serve endonesian
"
confirm,"okay is it moderately priced
"
confirm,"is it expensive
"
confirm,"does it serve christmas food
"
confirm,"is it in the east part of town
"
confirm,"is it in the center
"
confirm,"does it serve cheap turkish food
"
confirm,"is it portuguese food
"
confirm,"okay is that an expensive restaurant
"
confirm,"er do they serve eritrean food
"
confirm,"does it serve baskaye food
"
confirm,"does it serve baskey food
"
confirm,"do they serve sea food
"
confirm,"is it expensive
"
confirm,"is it expensive
"
confirm,"is there a jamaican restaurant
"
confirm,"is that mexican food
"
confirm,"is it in the centre of town
"
confirm,"okay is there a chinese restaurant in the north part of town
"
confirm,"is it in the south part of town
"
confirm,"is it cheap
"
confirm,"is it an expensive restaurant
"
confirm,"does it serve korean food
"
confirm,"do they serve cuban
"
confirm,"is that a cheap restaurant
"
confirm,"is it cheap
"
confirm,"is it moderately priced
"
confirm,"is that the north part of town south part of town
"
confirm,"does it serve vietnamese type of food
"
confirm,"is it moderately priced
"
confirm,"is it moderately priced
"
confirm,"is there a greek restaurant
"
confirm,"is it in the north part of town
"
confirm,"is it in the north part of town
"
confirm,"is there a thai restaurant in the west part of town
"
confirm,"is there a thai restaurant
"
confirm,"is it moderately priced
"
confirm,"is it moderately priced
"
confirm,"is it moderate priced
"
confirm,"is it expensive
"
confirm,"is it expensive
"
confirm,"is there a vietnamese restaurant
"
confirm,"does it serve chinese food
"
confirm,"is that asian oriental type of food
"
confirm,"is it moderately priced
"
confirm,"is it hungarian
"
confirm,"is that persian food
"
confirm,"do they serve chinese food
"
confirm,"does it serve halal food
"
confirm,"is it cheap
"
confirm,"is it serving portuguese food
"
confirm,"is that in the north part of town
"
confirm,"is it in the north part of town
"
confirm,"does it serve italian food
"
confirm,"is it expensive
"
confirm,"is it thai food
"
confirm,"does it serve korean food
"
confirm,"um is that moderately priced
"
confirm,"is it moderately priced
"
confirm,"does it serve m african food
"
confirm,"is it moderate priced
"
confirm,"is it moderate priced
"
confirm,"does it serve vietnamese food
"
confirm,"do they serve korean food
"
confirm,"does it serve canapes food noise
"
confirm,"is it in the moderate price range
"
confirm,"is it in the cheap price range
"
confirm,"is there a cheap restaurant that serves vietnamese food
"
confirm,"is it in the east of town
"
confirm,"is it in the south part
"
confirm,"is it in the center
"
confirm,"okay is it in the north side of town
"
confirm,"is it moderately priced
"
confirm,"is it expensive
"
confirm,"does it serve fusion food
"
confirm,"is it expensive
"
confirm,"is it expensive
"
confirm,"does it serve sea food
"
confirm,"is it moderately priced
"
confirm,"is it moderately priced
"
confirm,"is it in the south part of town
"
confirm,"is it in the south part of town
"
confirm,"is it in the moderate price range
"
confirm,"is it the east part of town
"
confirm,"is it expensive
"
confirm,"is it in the north part of town
"
confirm,"okay and is that british food
"
confirm,"does it serve thai food
"
confirm,"is that in the north part of town
"
confirm,"is it an expensive restaurant
"
confirm,"is it chinese food
"
hello,"hi im looking for a restaurant in the
"
hello,"hello
"
hello,"hello im looking for a cheap restaurant in the west part of town
"
hello,"hello im looking for a cheap
"
hello,"hi i am looking for a moderately priced restaurant in the east part of town
"
hello,"hi im looking for a restaurant
"
hello,"hi im looking for a place that serves scandinavian food
"
hello,"hi i need a restaurant in any area
"
hello,"hello
"
hello,"hi im looking for a restaurant that serves spanish food
"
hello,"hello
"
hello,"hi im looking for a restaurant that serves irish food
"
hello,"hi im looking for a restaurant that serves
"
hello,"hello
"
hello,"um hi i want to find a restaurant in the town center that serves
"
hello,"hi im looking for a moderately priced restaurant
"
hello,"hi i would like an expensive restaurant in the east part
"
hello,"hello and welcome to the cambridge
"
hello,"hi need an
"
hello,"hi i want a restaurant
"
hello,"hi im looking for a restaurant in the west part of town that serves baskaye food
"
hello,"hi im looking for a moderately priced restaurant
"
hello,"hi im looking for a rerestaurant that serves cuban food
"
hello,"hi im looking for a restaurant in the west part of town
"
hello,"hello darling im looking for a restaurant in the north part of town
"
hello,"hi im looking for
"
hello,"hi im looking for cuban food
"
hello,"hello
"
hello,"laughing hello
"
hello,"hello
"
hello,"halo
"
hello,"halo
"
hello,"hello
"
hello,"hello
"
hello,"hello
"
hello,"hello
"
hello,"unintelligible hello
"
hello,"unintelligible hello
"
hello,"breath hi im looking for a danish food
"
hello,"hello
"
hello,"hi im looking for a restaurant that serves vegetarian food
"
hello,"hi im looking for a restaurant that servers
"
hello,"hi im looking for a restaurant with japanese food
"
hello,"hello
"
hello,"hi noise
"
hello,"hi i;m
"
hello,"hello
"
hello,"hello and welcome to the cambridge
"
hello,"hi i want to serve a cheap restaurant that serves traditional food
"
hello,"hi im looking for a moderately priced restaurant in the west part of town
"
hello,"hello
"
hello,"hello
"
hello,"hi im looking for a moderately priced restaurant
"
hello,"hello
"
hello,"hi im looking for a cheap restaurant in the south part of town
"
hello,"hi im looking for mexican food
"
hello,"hi im looking for an expensive restaurant in the south part of town
"
hello,"hello
"
hello,"hello and welcome
"
hello,"hello
"
hello,"hello im looking for an expensive restaurant
"
hello,"hello and welcome to the cambridge
"
hello,"hi looking for a moderately priced restaurant
"
hello,"hello
"
hello,"hello
"
hello,"music hello
"
hello,"hello
"
hello,"hi im looking for a restaurant that serves lebanese food
"
hello,"hello
"
hello,"hello
"
hello,"hi im looking for an expensive restaurant in south part of town
"
hello,"hi im looking for a moderately priced restaurant in the south part of town
"
hello,"hello welcome
"
hello,"hi i need a cheap restaurant in the south part of town
"
hello,"hello welcome
"
hello,"hello
"
repeat,"okay let me try this again
"
repeat,"again please
"
repeat,"again please
"
repeat,"again
"
repeat,"repeat
"
repeat,"repeat
"
repeat,"repeat that
"
repeat,"cant repeat
"
repeat,"repeat
"
repeat,"repeat that
"
repeat,"go back
"
repeat,"go back
"
repeat,"back
"
repeat,"back
"
repeat,"please repeat
"
repeat,"repeat
"
repeat,"try calling again in one minuet
"
repeat,"back
"
repeat,"back
"
repeat,"repeat that
"
repeat,"go back
"
repeat,"repeat
"
repeat,"repeat
"
repeat,"go back
"
repeat,"repeat that
"
ack,"kay
"
ack,"okay and ah
"
ack,"kay
"
ack,"kay
"
ack,"kay um
"
ack,"okay and what about the address
"
ack,"okay um
"
ack,"have a good
"
ack,"okay um
"
ack,"okay um
"
ack,"okay give me the first
"
ack,"thatll do dear whats the address of that venue
"
ack,"im good
"
ack,"okay um
"
ack,"kay what is the addre
"
ack,"okay uh can i
"
ack,"fine
"
ack,"well take that one
"
ack,"okay uh
"
ack,"okay um
"
ack,"okay can you give me another restaurant
"
ack,"okay um
"
ack,"okay um
"
deny,"i dont want vietnamese food
"
deny,"wrong
"
deny,"wrong
"
deny,"i dont want turkish
"
deny,"wrong
"
deny,"i dont want that
"
deny,"not european fusion
"
deny,"dont want that
"
deny,"dont want that
"
deny,"can you change romanian food to something else
"
deny,"wrong
"
deny,"wrong
"
deny,"wrong
"
deny,"wrong
"
deny,"wrong
"
deny,"wrong
"
deny,"wrong
"
deny,"wrong
"
deny,"wrong
"
deny,"no i dont want chinese i want thai food
"
deny,"that information is not important
"
deny,"i dont want chinese
"
deny,"wrong
"
deny,"wrong
"
restart,"uh start over
"
restart,"reset
"
restart,"reset
"
restart,"can we start over
"
restart,"oh jesus christ start over
"
restart,"start again
"
reqmore,"more
"
reqmore,"more
"
reqmore,"more
"
reqmore,"more
"
reqmore,"more
"
